1:1	سمو ءله رحم رحم
1:2	حمد ءله ربب علم
1:3	رحم رحم
1:4	ملک یوم دین
1:5	عبد عون
1:6	هدی صرط قوم
1:7	صرط نعم غیر غضب ضلل
2:1	NA
2:2	کتب ریب هدی وقی
2:3	ءمن غیب قوم صلو رزق نفق
2:4	ءمن نزل نزل قبل ءخر یقن
2:5	هدی ربب فلح
2:6	کفر سوو نذر نذر ءمن
2:7	ختم ءله قلب سمع بصر غشو عذب عظم
2:8	ءنس قول ءمن ءله یوم ءخر ءمن
2:9	خدع ءله ءمن خدع نفس شعر
2:10	قلب مرض زید ءله مرض عذب ءلم کون کذب
2:11	قول فسد ءرض قول صلح
2:12	فسد شعر
2:13	قول ءمن ءمن ءنس قول ءمن ءمن سفه سفه علم
2:14	لقی ءمن قول ءمن خلو شطن قول هزء
2:15	ءله هزء مدد طغی عمه
2:16	شری ضلل هدی ربح تجر کون هدی
2:17	مثل مثل وقد نور ضوء حول ذهب ءله نور ترک ظلم بصر
2:18	صمم بکم عمی رجع
2:19	صوب سمو ظلم رعد برق جعل صبع ءذن صعق حذر موت ءله حوط کفر
2:20	کود برق خطف بصر کلل ضوء مشی ظلم قوم شیء ءله ذهب سمع بصر ءله کلل شیء قدر
2:21	ءنس عبد ربب خلق قبل وقی
2:22	جعل ءرض فرش سمو بنی نزل سمو موه خرج ثمر رزق جعل ءله ندد علم
2:23	کون ریب نزل عبد ءتی سور مثل دعو شهد دون ءله کون صدق
2:24	فعل فعل وقی نور وقد ءنس حجر عدد کفر
2:25	بشر ءمن عمل صلح جنن جری تحت نهر کلل رزق ثمر رزق قول رزق قبل ءتی شبه زوج طهر خلد
2:26	ءله حیی ضرب مثل بعض فوق ءمن علم حقق ربب کفر قول ذوی رود ءله مثل ضلل کثر هدی کثر ضلل فسق
2:27	نقض عهد ءله بعد وثق قطع ءمر ءله وصل فسد ءرض خسر
2:28	کفر ءله کون موت حیی موت حیی رجع
2:29	خلق ءرض جمع سوو سمو سوو سبع سمو کلل شیء علم
2:30	قول ربب ملک جعل ءرض خلف قول جعل فسد سفک دمو سبح حمد قدس قول علم علم
2:31	علم ءدم سمو کلل عرض ملک قول نبء سمو کون صدق
2:32	قول سبح علم علم علم حکم
2:33	قول ءدم نبء سمو نبء سمو قول قول علم غیب سمو ءرض علم بدو کون کتم
2:34	قول ملک سجد ءدم سجد بلس ءبی کبر کون کفر
2:35	قول ءدم سکن زوج جنن ءکل رغد حیث شیء قرب شجر کون ظلم
2:36	زلل شطن خرج کون قول هبط بعض بعض عدو ءرض قرر متع حین
2:37	لقی ءدم ربب کلم توب توب رحم
2:38	قول هبط جمع ءتی هدی تبع هدی خوف حزن
2:39	کفر کذب ءیی صحب نور خلد
2:40	بنو ذکر نعم نعم وفی عهد وفی عهد رهب
2:41	ءمن نزل صدق کون ءول کفر شری ءیی ثمن قلل وقی
2:42	لبس حقق بطل کتم حقق علم
2:43	قوم صلو ءتی زکو رکع رکع
2:44	ءمر ءنس برر نسی نفس تلو کتب عقل
2:45	عون صبر صلو کبر خشع
2:46	ظنن لقی ربب رجع
2:47	بنو ذکر نعم نعم فضل علم
2:48	وقی یوم جزی نفس نفس شیء قبل شفع ءخذ عدل نصر
2:49	نجو ءول فرعن سوم سوء عذب ذبح بنو حیی نسو بلو ربب عظم
2:50	فرق بحر نجو غرق ءول فرعن نظر
2:51	وعد وسی ربع لیل ءخذ عجل بعد ظلم
2:52	عفو بعد شکر
2:53	ءتی وسی کتب فرق هدی
2:54	قول وسی قوم قوم ظلم نفس ءخذ عجل توب برء قتل نفس خیر عند برء توب توب رحم
2:55	قول وسی ءمن رءی ءله جهر ءخذ صعق نظر
2:56	بعث بعد موت شکر
2:57	ظلل غمم نزل منن سلو ءکل طیب رزق ظلم کون نفس ظلم
2:58	قول دخل قری ءکل حیث شیء رغد دخل بوب سجد قول حطط غفر خطء زید حسن
2:59	بدل ظلم قول غیر قول نزل ظلم رجز سمو کون فسق
2:60	سقی وسی قوم قول ضرب عصو حجر فجر ثنی عشر عین علم کلل ءنس شرب ءکل شرب رزق ءله عثو ءرض فسد
2:61	قول وسی صبر طعم وحد دعو ربب خرج نبت ءرض بقل قثء فوم عدس بصل قول بدل دنو خیر هبط مصر سءل ضرب ذلل سکن بوء غضب ءله کون کفر ءیی ءله قتل نبو غیر حقق عصی کون عدو
2:62	ءمن هود نصر صبء ءمن ءله یوم ءخر عمل صلح ءجر عند ربب خوف حزن
2:63	ءخذ وثق رفع فوق طور ءخذ ءتی قوی ذکر وقی
2:64	ولی بعد فضل ءله رحم کون خسر
2:65	علم عدو سبت قول کون قرد خسء
2:66	جعل نکل بین یدی خلف وعظ وقی
2:67	قول وسی قوم ءله ءمر ذبح بقر قول ءخذ هزء قول عوذ ءله کون جهل
2:68	قول دعو ربب بین قول قول بقر فرض بکر عون بین فعل ءمر
2:69	قول دعو ربب بین لون قول قول بقر صفر فقع لون سرر نظر
2:70	قول دعو ربب بین بقر شبه شیء ءله هدی
2:71	قول قول بقر ذلل ثور ءرض سقی حرث سلم وشی قول ءین جیء حقق ذبح کود فعل
2:72	قتل نفس درء ءله خرج کون کتم
2:73	قول ضرب بعض حیی ءله موت رءی ءیی عقل
2:74	قسو قلب بعد حجر شدد قسو حجر فجر نهر شقق خرج موه هبط خشی ءله ءله غفل عمل
2:75	طمع ءمن کون فرق سمع کلم ءله حرف بعد عقل علم
2:76	لقی ءمن قول ءمن خلو بعض بعض قول حدث فتح ءله حجج عند ربب عقل
2:77	علم ءله علم سرر علن
2:78	ءمم علم کتب منی ظنن
2:79	ویل کتب کتب یدی قول عند ءله شری ثمن قلل ویل کتب یدی ویل کسب
2:80	قول مسس نور یوم عدد قول ءخذ عند ءله عهد خلف ءله عهد قول ءله علم
2:81	کسب سوء حوط خطء صحب نور خلد
2:82	ءمن عمل صلح صحب جنن خلد
2:83	ءخذ وثق بنو عبد ءله ولد حسن ذوی قرب یتم سکن قول ءنس حسن قوم صلو ءتی زکو ولی قلل عرض
2:84	ءخذ وثق سفک دمو خرج نفس دور قرر شهد
2:85	قتل نفس خرج فرق دور ظهر ءثم عدو ءتی ءسر فدی حرم خرج ءمن بعض کتب کفر بعض جزی فعل خزی حیی دنو یوم قوم ردد شدد عذب ءله غفل عمل
2:86	شری حیی دنو ءخر خفف عذب نصر
2:87	ءتی وسی کتب قفو بعد رسل ءتی عیس بنو ریم بین ءید روح قدس کلل جیء رسل هوی نفس کبر فرق کذب فرق قتل
2:88	قول قلب غلف لعن ءله کفر قلل ءمن
2:89	جیء کتب عند ءله صدق کون قبل فتح کفر جیء عرف کفر لعن ءله کفر
2:90	بءس شری نفس کفر نزل ءله بغی نزل ءله فضل شیء عبد بوء غضب غضب کفر عذب هون
2:91	قول ءمن نزل ءله قول ءمن نزل کفر وری حقق صدق قول قتل نبو ءله قبل کون ءمن
2:92	جیء وسی بین ءخذ عجل بعد ظلم
2:93	ءخذ وثق رفع فوق طور ءخذ ءتی قوی سمع قول سمع عصی شرب قلب عجل کفر قول بءس ءمر ءمن کون ءمن
2:94	قول کون دور ءخر عند ءله خلص دون ءنس منی موت کون صدق
2:95	منی ءبد قدم یدی ءله علم ظلم
2:96	وجد حرص ءنس حیی شرک ودد وحد عمر ءلف سنو زحزح عذب عمر ءله بصر عمل
2:97	قول کون عدو نزل قلب ءذن ءله صدق بین یدی هدی بشر ءمن
2:98	کون عدو ءله ملک رسل ءله عدو کفر
2:99	نزل ءیی بین کفر فسق
2:100	کلل عهد عهد نبذ فرق کثر ءمن
2:101	جیء رسل عند ءله صدق نبذ فرق ءتی کتب کتب ءله وری ظهر علم
2:102	تبع تلو شطن ملک سلم کفر سلم شطن کفر علم ءنس سحر نزل ملک ببل هرت مرت علم وحد قول فتن کفر علم فرق بین مرء زوج ضرر وحد ءذن ءله علم ضرر نفع علم شری ءخر خلق بءس شری نفس کون علم
2:103	ءمن وقی ثوب عند ءله خیر کون علم
2:104	ءمن قول رعی قول نظر سمع کفر عذب ءلم
2:105	ودد کفر ءهل کتب شرک نزل خیر ربب ءله خصص رحم شیء ءله ذوی فضل عظم
2:106	نسخ ءیی نسی ءتی خیر مثل علم ءله کلل شیء قدر
2:107	علم ءله ملک سمو ءرض دون ءله ولی نصر
2:108	رود سءل رسل سءل وسی قبل بدل کفر ءمن ضلل سوو سبل
2:109	ودد کثر ءهل کتب ردد بعد ءمن کفر حسد عند نفس بعد بین حقق عفو صفح ءتی ءله ءمر ءله کلل شیء قدر
2:110	قوم صلو ءتی زکو قدم نفس خیر وجد عند ءله ءله عمل بصر
2:111	قول دخل جنن کون هود نصر منی قول هیت برهن کون صدق
2:112	سلم وجه ءله حسن ءجر عند ربب خوف حزن
2:113	قول هود لیس نصر شیء قول نصر لیس هود شیء تلو کتب قول علم مثل قول ءله حکم بین یوم قوم کون خلف
2:114	ظلم منع سجد ءله ذکر سمو سعی خرب کون دخل خوف دنو خزی ءخر عذب عظم
2:115	ءله شرق غرب ءین ولی وجه ءله ءله وسع علم
2:116	قول ءخذ ءله ولد سبح سمو ءرض کلل قنت
2:117	بدع سمو ءرض قضی ءمر قول کون کون
2:118	قول علم کلم ءله ءتی ءیی قول قبل مثل قول شبه قلب بین ءیی قوم یقن
2:119	رسل حقق بشر نذر سءل صحب جحم
2:120	رضو هود نصر تبع ملل قول هدی ءله هدی تبع هوی بعد جیء علم ءله ولی نصر
2:121	ءتی کتب تلو حقق تلو ءمن کفر خسر
2:122	بنو ذکر نعم نعم فضل علم
2:123	وقی یوم جزی نفس نفس شیء قبل عدل نفع شفع نصر
2:124	بلو برهم ربب کلم تمم قول جعل ءنس ءمم قول ذرر قول نیل عهد ظلم
2:125	جعل بیت ثوب ءنس ءمن ءخذ قوم برهم صلو عهد برهم طهر بیت طوف عکف رکع سجد
2:126	قول برهم ربب جعل بلد ءمن رزق ءهل ثمر ءمن ءله یوم ءخر قول کفر متع قلل ضرر عذب نور بءس صیر
2:127	رفع برهم قعد بیت ربب قبل سمع علم
2:128	ربب جعل سلم ذرر ءمم سلم رءی نسک توب توب رحم
2:129	ربب بعث رسل تلو ءیی علم کتب حکم زکو عزز حکم
2:130	رغب ملل برهم سفه نفس صفو دنو ءخر صلح
2:131	قول ربب سلم قول سلم ربب علم
2:132	وصی برهم بنو عقب بنو ءله صفو دین موت سلم
2:133	کون شهد حضر عقب موت قول بنو عبد بعد قول عبد ءله ءله ءبو برهم سحق ءله وحد سلم
2:134	ءمم خلو کسب کسب سءل کون عمل
2:135	قول کون هود نصر هدی قول ملل برهم حنف کون شرک
2:136	قول ءمن ءله نزل نزل برهم سحق عقب سبط ءتی وسی عیس ءتی نبو ربب فرق بین وحد سلم
2:137	ءمن مثل ءمن هدی ولی شقق کفی ءله سمع علم
2:138	صبغ ءله حسن ءله صبغ عبد
2:139	قول حجج ءله ربب ربب عمل عمل خلص
2:140	قول برهم سحق عقب سبط کون هود نصر قول علم ءله ظلم کتم شهد عند ءله ءله غفل عمل
2:141	ءمم خلو کسب کسب سءل کون عمل
2:142	قول سفه ءنس ولی قبل کون قول ءله شرق غرب هدی شیء صرط قوم
2:143	جعل ءمم وسط کون شهد ءنس کون رسل شهد جعل قبل کون علم تبع رسل قلب عقب کون کبر هدی ءله کون ءله ضیع ءمن ءله ءنس رءف رحم
2:144	رءی قلب وجه سمو ولی قبل رضو ولی وجه شطر سجد حرم حیث کون ولی وجه شطر ءتی کتب علم حقق ربب ءله غفل عمل
2:145	ءتی ءتی کتب کلل ءیی تبع قبل تبع قبل بعض تبع قبل بعض تبع هوی بعد جیء علم ظلم
2:146	ءتی کتب عرف عرف بنو فرق کتم حقق علم
2:147	حقق ربب کون مری
2:148	کلل وجه ولی سبق خیر ءین کون ءتی ءله جمع ءله کلل شیء قدر
2:149	حیث خرج ولی وجه شطر سجد حرم حقق ربب ءله غفل عمل
2:150	حیث خرج ولی وجه شطر سجد حرم حیث کون ولی وجه شطر کون ءنس حجج ظلم خشی خشی تمم نعم هدی
2:151	رسل رسل تلو ءیی زکو علم کتب حکم علم کون علم
2:152	ذکر ذکر شکر کفر
2:153	ءمن عون صبر صلو ءله صبر
2:154	قول قتل سبل ءله موت حیی شعر
2:155	بلو شیء خوف جوع نقص مول نفس ثمر بشر صبر
2:156	صوب صوب قول ءله رجع
2:157	صلو ربب رحم هدی
2:158	صفو مرو شعر ءله حجج بیت عمر جنح طوف طوع خیر ءله شکر علم
2:159	کتم نزل بین هدی بعد بین ءنس کتب لعن ءله لعن لعن
2:160	توب صلح بین توب توب رحم
2:161	کفر موت کفر لعن ءله ملک ءنس جمع
2:162	خلد خفف عذب نظر
2:163	ءله ءله وحد ءله رحم رحم
2:164	خلق سمو ءرض خلف لیل نهر فلک جری بحر نفع ءنس نزل ءله سمو موه حیی ءرض بعد موت بثث کلل دبب صرف روح سحب سخر بین سمو ءرض ءیی قوم عقل
2:165	ءنس ءخذ دون ءله ندد حبب حبب ءله ءمن شدد حبب ءله رءی ظلم رءی عذب قوی ءله جمع ءله شدد عذب
2:166	برء تبع تبع رءی عذب قطع سبب
2:167	قول تبع کرر برء برء رءی ءله عمل حسر خرج نور
2:168	ءنس ءکل ءرض حلل طیب تبع خطو شطن عدو بین
2:169	ءمر سوء فحش قول ءله علم
2:170	قول تبع نزل ءله قول تبع لفو ءبو کون ءبو عقل شیء هدی
2:171	مثل کفر مثل نعق سمع دعو ندو صمم بکم عمی عقل
2:172	ءمن ءکل طیب رزق شکر ءله کون عبد
2:173	حرم موت دمو لحم خنزر هلل غیر ءله ضرر غیر بغی عدو ءثم ءله غفر رحم
2:174	کتم نزل ءله کتب شری ثمن قلل ءکل بطن نور کلم ءله یوم قوم زکو عذب ءلم
2:175	شری ضلل هدی عذب غفر صبر نور
2:176	ءله نزل کتب حقق خلف کتب شقق بعد
2:177	لیس برر ولی وجه قبل شرق غرب برر ءمن ءله یوم ءخر ملک کتب نبو ءتی مول حبب ذوی قرب یتم سکن بنو سبل سءل رقب قوم صلو ءتی زکو وفی عهد عهد صبر بءس ضرر حین بءس صدق وقی
2:178	ءمن کتب قصص قتل حرر حرر عبد عبد ءنث ءنث عفو ءخو شیء تبع عرف ءدی حسن خفف ربب رحم عدو بعد عذب ءلم
2:179	قصص حیی ءول لبب وقی
2:180	کتب حضر وحد موت ترک خیر وصی ولد قرب عرف حقق وقی
2:181	بدل بعد سمع ءثم بدل ءله سمع علم
2:182	خوف وصی جنف ءثم صلح بین ءثم ءله غفر رحم
2:183	ءمن کتب صوم کتب قبل وقی
2:184	یوم عدد کون مرض سفر عدد یوم ءخر طوق فدی طعم سکن طوع خیر خیر صوم خیر کون علم
2:185	شهر رمض نزل قرء هدی ءنس بین هدی فرق شهد شهر صوم کون مرض سفر عدد یوم ءخر رود ءله یسر رود عسر کمل عدد کبر ءله هدی شکر
2:186	سءل عبد قرب جوب دعو دعو دعو جوب ءمن رشد
2:187	حلل لیل صوم رفث نسو لبس لبس علم ءله کون خون نفس توب عفو ءین بشر بغی کتب ءله ءکل شرب بین خیط بیض خیط سود فجر تمم صوم لیل بشر عکف سجد حدد ءله قرب بین ءله ءیی ءنس وقی
2:188	ءکل مول بین بطل دلو حکم ءکل فرق مول ءنس ءثم علم
2:189	سءل هلل قول وقت ءنس حجج لیس برر ءتی بیت ظهر برر وقی ءتی بیت بوب وقی ءله فلح
2:190	قتل سبل ءله قتل عدو ءله حبب عدو
2:191	قتل حیث ثقف خرج حیث خرج فتن شدد قتل قتل عند سجد حرم قتل قتل قتل جزی کفر
2:192	نهی ءله غفر رحم
2:193	قتل کون فتن کون دین ءله نهی عدو ظلم
2:194	شهر حرم شهر حرم حرم قصص عدو عدو مثل عدو وقی ءله علم ءله وقی
2:195	نفق سبل ءله لقی یدی هلک حسن ءله حبب حسن
2:196	تمم حجج عمر ءله حصر یسر هدی حلق رءس بلغ هدی حلل کون مرض ءذی رءس فدی صوم صدق نسک ءمن متع عمر حجج یسر هدی وجد صوم ثلث یوم حجج سبع رجع عشر کمل کون ءهل حضر سجد حرم وقی ءله علم ءله شدد عقب
2:197	حجج شهر علم فرض حجج رفث فسق جدل حجج فعل خیر علم ءله زود خیر زود وقی وقی ءول لبب
2:198	لیس جنح بغی فضل ربب فیض عرف ذکر ءله عند شعر حرم ذکر هدی کون قبل ضلل
2:199	فیض حیث فیض ءنس غفر ءله ءله غفر رحم
2:200	قضی نسک ذکر ءله ذکر ءبو شدد ذکر ءنس قول ربب ءتی دنو ءخر خلق
2:201	قول ربب ءتی دنو حسن ءخر حسن وقی عذب نور
2:202	نصب کسب ءله سرع حسب
2:203	ذکر ءله یوم عدد عجل یوم ءثم ءخر ءثم وقی وقی ءله علم حشر
2:204	ءنس عجب قول حیی دنو شهد ءله قلب لدد خصم
2:205	ولی سعی ءرض فسد هلک حرث نسل ءله حبب فسد
2:206	قول وقی ءله ءخذ عزز ءثم حسب جهنم بءس مهد
2:207	ءنس شری نفس بغی رضو ءله ءله رءف عبد
2:208	ءمن دخل سلم کفف تبع خطو شطن عدو بین
2:209	زلل بعد جیء بین علم ءله عزز حکم
2:210	نظر ءتی ءله ظلل غمم ملک قضی ءمر ءله رجع ءمر
2:211	سءل بنو ءتی ءیی بین بدل نعم ءله بعد جیء ءله شدد عقب
2:212	زین کفر حیی دنو سخر ءمن وقی فوق یوم قوم ءله رزق شیء غیر حسب
2:213	کون ءنس ءمم وحد بعث ءله نبو بشر نذر نزل کتب حقق حکم بین ءنس خلف خلف ءتی بعد جیء بین بغی بین هدی ءله ءمن خلف حقق ءذن ءله هدی شیء صرط قوم
2:214	حسب دخل جنن ءتی مثل خلو قبل مسس بءس ضرر زلزل قول رسل ءمن نصر ءله نصر ءله قرب
2:215	سءل ذوی نفق قول نفق خیر ولد قرب یتم سکن بنو سبل فعل خیر ءله علم
2:216	کتب قتل کره عسی کره شیء خیر عسی حبب شیء شرر ءله علم علم
2:217	سءل شهر حرم قتل قول قتل کبر صدد سبل ءله کفر سجد حرم خرج ءهل کبر عند ءله فتن کبر قتل زیل قتل ردد دین طوع ردد دین موت کفر حبط عمل دنو ءخر صحب نور خلد
2:218	ءمن هجر جهد سبل ءله رجو رحم ءله ءله غفر رحم
2:219	سءل خمر یسر قول ءثم کبر نفع ءنس ءثم کبر نفع سءل ذوی نفق قول عفو بین ءله ءیی فکر
2:220	دنو ءخر سءل یتم قول صلح خیر خلط ءخو ءله علم فسد صلح شیء ءله عنت ءله عزز حکم
2:221	نکح شرک ءمن ءمو ءمن خیر شرک عجب نکح شرک ءمن عبد ءمن خیر شرک عجب دعو نور ءله دعو جنن غفر ءذن بین ءیی ءنس ذکر
2:222	سءل حیض قول ءذی عزل نسو حیض قرب طهر طهر ءتی حیث ءمر ءله ءله حبب توب حبب طهر
2:223	نسو حرث ءتی حرث شیء قدم نفس وقی ءله علم لقی بشر ءمن
2:224	جعل ءله عرض یمن برر وقی صلح بین ءنس ءله سمع علم
2:225	ءخذ ءله لغو یمن ءخذ کسب قلب ءله غفر حلم
2:226	ءلو نسو ربص ربع شهر فیء ءله غفر رحم
2:227	عزم طلق ءله سمع علم
2:228	طلق ربص نفس ثلث قرء حلل کتم خلق ءله رحم کون ءمن ءله یوم ءخر بعل حقق ردد رود صلح مثل عرف رجل درج ءله عزز حکم
2:229	طلق مرر مسک عرف سرح حسن حلل ءخذ ءتی شیء خوف قوم حدد ءله خوف قوم حدد ءله جنح فدی حدد ءله عدو عدو حدد ءله ظلم
2:230	طلق حلل بعد نکح زوج غیر طلق جنح رجع ظنن قوم حدد ءله حدد ءله بین قوم علم
2:231	طلق نسو بلغ ءجل مسک عرف سرح عرف مسک ضرر عدو فعل ظلم نفس ءخذ ءیی ءله هزء ذکر نعم ءله نزل کتب حکم وعظ وقی ءله علم ءله کلل شیء علم
2:232	طلق نسو بلغ ءجل عضل نکح زوج رضو بین عرف وعظ کون ءمن ءله یوم ءخر زکو طهر ءله علم علم
2:233	ولد رضع ولد حول کمل رود تمم رضع ولد رزق کسو عرف کلف نفس وسع ضرر ولد ولد ولد ولد ورث مثل رود فصل رضو شور جنح رود رضع ولد جنح سلم ءتی عرف وقی ءله علم ءله عمل بصر
2:234	وفی وذر زوج ربص نفس ربع شهر عشر بلغ ءجل جنح فعل نفس عرف ءله عمل خبر
2:235	جنح عرض خطب نسو کنن نفس علم ءله ذکر وعد سرر قول قول عرف عزم عقد نکح بلغ کتب ءجل علم ءله علم نفس حذر علم ءله غفر حلم
2:236	جنح طلق نسو مسس فرض فرض متع وسع قدر قتر قدر متع عرف حقق حسن
2:237	طلق قبل مسس فرض فرض نصف فرض عفو عفو یدی عقد نکح عفو قرب وقی نسی فضل بین ءله عمل بصر
2:238	حفظ صلو صلو وسط قوم ءله قنت
2:239	خوف رجل رکب ءمن ذکر ءله علم کون علم
2:240	وفی وذر زوج وصی زوج متع حول غیر خرج خرج جنح فعل نفس عرف ءله عزز حکم
2:241	طلق متع عرف حقق وقی
2:242	بین ءله ءیی عقل
2:243	رءی خرج دور ءلف حذر موت قول ءله موت حیی ءله ذوی فضل ءنس کثر ءنس شکر
2:244	قتل سبل ءله علم ءله سمع علم
2:245	ذوی قرض ءله قرض حسن ضعف ضعف کثر ءله قبض بسط رجع
2:246	رءی ملء بنو بعد وسی قول نبو بعث ملک قتل سبل ءله قول عسی کتب قتل قتل قول قتل سبل ءله خرج دور بنو کتب قتل ولی قلل ءله علم ظلم
2:247	قول نبو ءله بعث طلت ملک قول کون ملک حقق ملک ءتی وسع مول قول ءله صفو زید بسط علم جسم ءله ءتی ملک شیء ءله وسع علم
2:248	قول نبو ءیی ملک ءتی تبت سکن ربب بقی ترک ءول وسی ءول هرن حمل ملک ءیی کون ءمن
2:249	فصل طلت جند قول ءله بلو نهر شرب لیس طعم غرف غرف یدی شرب قلل جوز ءمن قول طوق یوم جلت جند قول ظنن لقی ءله فءی قلل غلب فءی کثر ءذن ءله ءله صبر
2:250	برز جلت جند قول ربب فرغ صبر ثبت قدم نصر قوم کفر
2:251	هزم ءذن ءله قتل دود جلت ءتی ءله ملک حکم علم شیء دفع ءله ءنس بعض بعض فسد ءرض ءله ذوی فضل علم
2:252	ءیی ءله تلو حقق رسل
2:253	رسل فضل بعض بعض کلم ءله رفع بعض درج ءتی عیس بنو ریم بین ءید روح قدس شیء ءله قتل بعد بعد جیء بین خلف ءمن کفر شیء ءله قتل ءله فعل رود
2:254	ءمن نفق رزق قبل ءتی یوم بیع خلل شفع کفر ظلم
2:255	ءله ءله حیی قوم ءخذ وسن نوم سمو ءرض ذوی شفع عند ءذن علم بین یدی خلف حوط شیء علم شیء وسع کرس سمو ءرض ءود حفظ علو عظم
2:256	کره دین بین رشد غوی کفر طغی ءمن ءله مسک عرو وثق فصم ءله سمع علم
2:257	ءله ولی ءمن خرج ظلم نور کفر ولی طغی خرج نور ظلم صحب نور خلد
2:258	رءی حجج برهم ربب ءتی ءله ملک قول برهم ربب حیی موت قول حیی موت قول برهم ءله ءتی شمس شرق ءتی غرب بهت کفر ءله هدی قوم ظلم
2:259	مرر قری خوی عرش قول حیی ءله بعد موت موت ءله مءی عوم بعث قول لبث قول لبث یوم بعض یوم قول لبث مءی عوم نظر طعم شرب سنه نظر حمر جعل ءیی ءنس نظر عظم نشز کسو لحم بین قول علم ءله کلل شیء قدر
2:260	قول برهم ربب رءی حیی موت قول ءمن قول طمءن قلب قول ءخذ ربع طیر صور جعل کلل جبل جزء دعو ءتی سعی علم ءله عزز حکم
2:261	مثل نفق مول سبل ءله مثل حبب نبت سبع سنبل کلل سنبل مءی حبب ءله ضعف شیء ءله وسع علم
2:262	نفق مول سبل ءله تبع نفق منن ءذی ءجر عند ربب خوف حزن
2:263	قول عرف غفر خیر صدق تبع ءذی ءله غنی حلم
2:264	ءمن بطل صدق منن ءذی نفق مول رءی ءنس ءمن ءله یوم ءخر مثل مثل صفو ترب صوب وبل ترک صلد قدر شیء کسب ءله هدی قوم کفر
2:265	مثل نفق مول بغی رضو ءله ثبت نفس مثل جنن ربو صوب وبل ءتی ءکل ضعف صوب وبل طلل ءله عمل بصر
2:266	ودد وحد کون جنن نخل عنب جری تحت نهر کلل ثمر صوب کبر ذرر ضعف صوب عصر نور حرق بین ءله ءیی فکر
2:267	ءمن نفق طیب کسب خرج ءرض یمم خبث نفق لیس ءخذ غمض علم ءله غنی حمد
2:268	شطن وعد فقر ءمر فحش ءله وعد غفر فضل ءله وسع علم
2:269	ءتی حکم شیء ءتی حکم ءتی خیر کثر ذکر ءول لبب
2:270	نفق نفق نذر نذر ءله علم ظلم نصر
2:271	بدو صدق نعم خفی ءتی فقر خیر کفر سوء ءله عمل خبر
2:272	لیس هدی ءله هدی شیء نفق خیر نفس نفق بغی وجه ءله نفق خیر وفی ظلم
2:273	فقر حصر سبل ءله طوع ضرب ءرض حسب جهل غنی عفف عرف سوم سءل ءنس لحف نفق خیر ءله علم
2:274	نفق مول لیل نهر سرر علن ءجر عند ربب خوف حزن
2:275	ءکل ربو قوم قوم خبط شطن مسس قول بیع مثل ربو حلل ءله بیع حرم ربو جیء وعظ ربب نهی سلف ءمر ءله عود صحب نور خلد
2:276	محق ءله ربو ربو صدق ءله حبب کلل کفر ءثم
2:277	ءمن عمل صلح قوم صلو ءتی زکو ءجر عند ربب خوف حزن
2:278	ءمن وقی ءله وذر بقی ربو کون ءمن
2:279	فعل ءذن حرب ءله رسل توب رءس مول ظلم ظلم
2:280	کون ذوی عسر نظر یسر صدق خیر کون علم
2:281	وقی یوم رجع ءله وفی کلل نفس کسب ظلم
2:282	ءمن دین دین ءجل سمو کتب کتب بین کتب عدل ءبی کتب کتب علم ءله کتب ملل حقق وقی ءله ربب بخس شیء کون حقق سفه ضعف طوع ملل ملل ولی عدل شهد شهد رجل کون رجل رجل مرء رضو شهد ضلل وحد ذکر وحد ءخر ءبی شهد دعو سءم کتب صغر کبر ءجل قسط عند ءله قوم شهد دنو ریب کون تجر حضر دور بین لیس جنح کتب شهد بیع ضرر کتب شهد فعل فسق وقی ءله علم ءله ءله کلل شیء علم
2:283	کون سفر وجد کتب رهن قبض ءمن بعض بعض ءدی ءمن ءمن وقی ءله ربب کتم شهد کتم ءثم قلب ءله عمل علم
2:284	ءله سمو ءرض بدو نفس خفی حسب ءله غفر شیء عذب شیء ءله کلل شیء قدر
2:285	ءمن رسل نزل ربب ءمن کلل ءمن ءله ملک کتب رسل فرق بین وحد رسل قول سمع طوع غفر ربب صیر
2:286	کلف ءله نفس وسع کسب کسب ربب ءخذ نسی خطء ربب حمل ءصر حمل قبل ربب حمل طوق عفو غفر رحم ولی نصر قوم کفر
3:1	NA
3:2	ءله ءله حیی قوم
3:3	نزل کتب حقق صدق بین یدی نزل وری نجل
3:4	قبل هدی ءنس نزل فرق کفر ءیی ءله عذب شدد ءله عزز ذوی نقم
3:5	ءله خفی شیء ءرض سمو
3:6	صور رحم شیء ءله عزز حکم
3:7	نزل کتب ءیی حکم ءمم کتب ءخر شبه قلب زیغ تبع شبه بغی فتن بغی ءول علم ءول ءله رسخ علم قول ءمن کلل عند ربب ذکر ءول لبب
3:8	ربب زیغ قلب بعد هدی وهب لدن رحم وهب
3:9	ربب جمع ءنس یوم ریب ءله خلف وعد
3:10	کفر غنی مول ولد ءله شیء وقد نور
3:11	دءب ءول فرعن قبل کذب ءیی ءخذ ءله ذنب ءله شدد عقب
3:12	قول کفر غلب حشر جهنم بءس مهد
3:13	کون ءیی فءی لقی فءی قتل سبل ءله ءخر کفر رءی مثل رءی عین ءله ءید نصر شیء عبر ءول بصر
3:14	زین ءنس حبب شهو نسو بنو قنطر قنطر ذهب فضض خیل سوم نعم حرث متع حیی دنو ءله عند حسن ءوب
3:15	قول نبء خیر وقی عند ربب جنن جری تحت نهر خلد زوج طهر رضو ءله ءله بصر عبد
3:16	قول ربب ءمن غفر ذنب وقی عذب نور
3:17	صبر صدق قنت نفق غفر سحر
3:18	شهد ءله ءله ملک ءول علم قوم قسط ءله عزز حکم
3:19	دین عند ءله سلم خلف ءتی کتب بعد جیء علم بغی بین کفر ءیی ءله ءله سرع حسب
3:20	حجج قول سلم وجه ءله تبع قول ءتی کتب ءمم سلم سلم هدی ولی بلغ ءله بصر عبد
3:21	کفر ءیی ءله قتل نبو غیر حقق قتل ءمر قسط ءنس بشر عذب ءلم
3:22	حبط عمل دنو ءخر نصر
3:23	رءی ءتی نصب کتب دعو کتب ءله حکم بین ولی فرق عرض
3:24	قول مسس نور یوم عدد غرر دین کون فری
3:25	جمع یوم ریب وفی کلل نفس کسب ظلم
3:26	قول ءله ملک ملک ءتی ملک شیء نزع ملک شیء عزز شیء ذلل شیء یدی خیر کلل شیء قدر
3:27	ولج لیل نهر ولج نهر لیل خرج حیی موت خرج موت حیی رزق شیء غیر حسب
3:28	ءخذ ءمن کفر ولی دون ءمن فعل لیس ءله شیء وقی وقی حذر ءله نفس ءله صیر
3:29	قول خفی صدر بدو علم ءله علم سمو ءرض ءله کلل شیء قدر
3:30	یوم وجد کلل نفس عمل خیر حضر عمل سوء ودد بین بین ءمد بعد حذر ءله نفس ءله رءف عبد
3:31	قول کون حبب ءله تبع حبب ءله غفر ذنب ءله غفر رحم
3:32	قول طوع ءله رسل ولی ءله حبب کفر
3:33	ءله صفو ءدم نوح ءول برهم ءول عمر علم
3:34	ذرر بعض بعض ءله سمع علم
3:35	قول مرء عمر ربب نذر بطن حرر قبل سمع علم
3:36	وضع قول ربب وضع ءنث ءله علم وضع لیس ذکر ءنث سمو ریم عوذ ذرر شطن رجم
3:37	قبل ربب قبل حسن نبت نبت حسن کفل زکر کلل دخل زکر حرب وجد عند رزق قول ریم قول عند ءله ءله رزق شیء غیر حسب
3:38	دعو زکر ربب قول ربب وهب لدن ذرر طیب سمع دعو
3:39	ندو ملک قوم صلو حرب ءله بشر حیی صدق کلم ءله سود حصر نبو صلح
3:40	قول ربب کون غلم بلغ کبر مرء عقر قول ءله فعل شیء
3:41	قول ربب جعل ءیی قول ءیی کلم ءنس ثلث یوم رمز ذکر ربب کثر سبح عشو بکر
3:42	قول ملک ریم ءله صفو طهر صفو نسو علم
3:43	ریم قنت ربب سجد رکع رکع
3:44	نبء غیب وحی کون لدی لقی قلم کفل ریم کون لدی خصم
3:45	قول ملک ریم ءله بشر کلم سمو مسح عیس بنو ریم وجه دنو ءخر قرب
3:46	کلم ءنس مهد کهل صلح
3:47	قول ربب کون ولد مسس بشر قول ءله خلق شیء قضی ءمر قول کون کون
3:48	علم کتب حکم وری نجل
3:49	رسل بنو جیء ءیی ربب خلق طین هیء طیر نفخ کون طیر ءذن ءله برء کمه برص حیی موت ءذن ءله نبء ءکل ذخر بیت ءیی کون ءمن
3:50	صدق بین یدی وری حلل بعض حرم جیء ءیی ربب وقی ءله طوع
3:51	ءله ربب ربب عبد صرط قوم
3:52	حسس عیس کفر قول نصر ءله قول حور نصر ءله ءمن ءله شهد سلم
3:53	ربب ءمن نزل تبع رسل کتب شهد
3:54	مکر مکر ءله ءله خیر مکر
3:55	قول ءله عیس وفی رفع طهر کفر جعل تبع فوق کفر یوم قوم رجع حکم بین کون خلف
3:56	کفر عذب عذب شدد دنو ءخر نصر
3:57	ءمن عمل صلح وفی ءجر ءله حبب ظلم
3:58	تلو ءیی ذکر حکم
3:59	مثل عیس عند ءله مثل ءدم خلق ترب قول کون کون
3:60	حقق ربب کون مری
3:61	حجج بعد جیء علم قول علو دعو بنو بنو نسو نسو نفس نفس بهل جعل لعن ءله کذب
3:62	قصص حقق ءله ءله ءله عزز حکم
3:63	ولی ءله علم فسد
3:64	قول ءهل کتب علو کلم سوو بین بین عبد ءله شرک شیء ءخذ بعض بعض ربب دون ءله ولی قول شهد سلم
3:65	ءهل کتب حجج برهم نزل وری نجل بعد عقل
3:66	حجج علم حجج لیس علم ءله علم علم
3:67	کون برهم هود نصر کون حنف سلم کون شرک
3:68	ولی ءنس برهم تبع نبو ءمن ءله ولی ءمن
3:69	ودد طوف ءهل کتب ضلل ضلل نفس شعر
3:70	ءهل کتب کفر ءیی ءله شهد
3:71	ءهل کتب لبس حقق بطل کتم حقق علم
3:72	قول طوف ءهل کتب ءمن نزل ءمن وجه نهر کفر ءخر رجع
3:73	ءمن تبع دین قول هدی هدی ءله ءتی وحد مثل ءتی حجج عند ربب قول فضل یدی ءله ءتی شیء ءله وسع علم
3:74	خصص رحم شیء ءله ذوی فضل عظم
3:75	ءهل کتب ءمن قنطر ءدی ءمن دنر ءدی دوم قوم قول لیس ءمم سبل قول ءله کذب علم
3:76	وفی عهد وقی ءله حبب وقی
3:77	شری عهد ءله یمن ثمن قلل خلق ءخر کلم ءله نظر یوم قوم زکو عذب ءلم
3:78	فرق لوی لسن کتب حسب کتب کتب قول عند ءله عند ءله قول ءله کذب علم
3:79	کون بشر ءتی ءله کتب حکم نبو قول ءنس کون عبد دون ءله کون ربب کون علم کتب کون درس
3:80	ءمر ءخذ ملک نبو ربب ءمر کفر بعد سلم
3:81	ءخذ ءله وثق نبو ءتی کتب حکم جیء رسل صدق ءمن نصر قول قرر ءخذ ءصر قول قرر قول شهد شهد
3:82	ولی بعد فسق
3:83	غیر دین ءله بغی سلم سمو ءرض طوع کره رجع
3:84	قول ءمن ءله نزل نزل برهم سحق عقب سبط ءتی وسی عیس نبو ربب فرق بین وحد سلم
3:85	بغی غیر سلم دین قبل ءخر خسر
3:86	هدی ءله قوم کفر بعد ءمن شهد رسل حقق جیء بین ءله هدی قوم ظلم
3:87	جزی لعن ءله ملک ءنس جمع
3:88	خلد خفف عذب نظر
3:89	توب بعد صلح ءله غفر رحم
3:90	کفر بعد ءمن زید کفر قبل توب ضلل
3:91	کفر موت کفر قبل وحد ملء ءرض ذهب فدی عذب ءلم نصر
3:92	نیل برر نفق حبب نفق شیء ءله علم
3:93	کلل طعم کون حلل بنو حرم نفس قبل نزل وری قول ءتی وری تلو کون صدق
3:94	فری ءله کذب بعد ظلم
3:95	قول صدق ءله تبع ملل برهم حنف کون شرک
3:96	ءول بیت وضع ءنس بکک برک هدی علم
3:97	ءیی بین قوم برهم دخل کون ءمن ءله ءنس حجج بیت طوع سبل کفر ءله غنی علم
3:98	قول ءهل کتب کفر ءیی ءله ءله شهد عمل
3:99	قول ءهل کتب صدد سبل ءله ءمن بغی عوج شهد ءله غفل عمل
3:100	ءمن طوع فرق ءتی کتب ردد بعد ءمن کفر
3:101	کفر تلو ءیی ءله رسل عصم ءله هدی صرط قوم
3:102	ءمن وقی ءله حقق وقی موت سلم
3:103	عصم حبل ءله جمع فرق ذکر نعم ءله کون عدو ءلف بین قلب صبح نعم ءخو کون شفو حفر نور نقذ بین ءله ءیی هدی
3:104	کون ءمم دعو خیر ءمر عرف نهی نکر فلح
3:105	کون فرق خلف بعد جیء بین عذب عظم
3:106	یوم بیض وجه سود وجه سود وجه کفر بعد ءمن ذوق عذب کون کفر
3:107	بیض وجه رحم ءله خلد
3:108	ءیی ءله تلو حقق ءله رود ظلم علم
3:109	ءله سمو ءرض ءله رجع ءمر
3:110	کون خیر ءمم خرج ءنس ءمر عرف نهی نکر ءمن ءله ءمن ءهل کتب کون خیر ءمن کثر فسق
3:111	ضرر ءذی قتل ولی دبر نصر
3:112	ضرب ذلل ءین ثقف حبل ءله حبل ءنس بوء غضب ءله ضرب سکن کون کفر ءیی ءله قتل نبو غیر حقق عصی کون عدو
3:113	لیس سوو ءهل کتب ءمم قوم تلو ءیی ءله ءنی لیل سجد
3:114	ءمن ءله یوم ءخر ءمر عرف نهی نکر سرع خیر صلح
3:115	فعل خیر کفر ءله علم وقی
3:116	کفر غنی مول ولد ءله شیء صحب نور خلد
3:117	مثل نفق حیی دنو مثل روح صرر صوب حرث قوم ظلم نفس هلک ظلم ءله نفس ظلم
3:118	ءمن ءخذ بطن دون ءلو خبل ودد عنت بدو بغض فوه خفی صدر کبر بین ءیی کون عقل
3:119	ءول حبب حبب ءمن کتب کلل لقی قول ءمن خلو عضض نمل غیظ قول موت غیظ ءله علم ذوی صدر
3:120	مسس حسن سوء صوب سوء فرح صبر وقی ضرر کید شیء ءله عمل حوط
3:121	غدو ءهل بوء ءمن قعد قتل ءله سمع علم
3:122	همم طوف فشل ءله ولی ءله وکل ءمن
3:123	نصر ءله بدر ذلل وقی ءله شکر
3:124	قول ءمن کفی مدد ربب ثلث ءلف ملک نزل
3:125	صبر وقی ءتی فور مدد ربب خمس ءلف ملک سوم
3:126	جعل ءله بشر طمءن قلب نصر عند ءله عزز حکم
3:127	قطع طرف کفر کبت قلب خیب
3:128	لیس ءمر شیء توب عذب ظلم
3:129	ءله سمو ءرض غفر شیء عذب شیء ءله غفر رحم
3:130	ءمن ءکل ربو ضعف ضعف وقی ءله فلح
3:131	وقی نور عدد کفر
3:132	طوع ءله رسل رحم
3:133	سرع غفر ربب جنن عرض سمو ءرض عدد وقی
3:134	نفق سرر ضرر کظم غیظ عفو ءنس ءله حبب حسن
3:135	فعل فحش ظلم نفس ذکر ءله غفر ذنب غفر ذنب ءله صرر فعل علم
3:136	جزی غفر ربب جنن جری تحت نهر خلد نعم ءجر عمل
3:137	خلو قبل سنن سیر ءرض نظر کون عقب کذب
3:138	بین ءنس هدی وعظ وقی
3:139	وهن حزن علو کون ءمن
3:140	مسس قرح مسس قوم قرح مثل یوم دول بین ءنس علم ءله ءمن ءخذ شهد ءله حبب ظلم
3:141	محص ءله ءمن محق کفر
3:142	حسب دخل جنن علم ءله جهد علم صبر
3:143	کون منی موت قبل لقی رءی نظر
3:144	حمد رسل خلو قبل رسل موت قتل قلب عقب قلب عقب ضرر ءله شیء جزی ءله شکر
3:145	کون نفس موت ءذن ءله کتب ءجل رود ثوب دنو ءتی رود ثوب ءخر ءتی جزی شکر
3:146	نبو قتل ربب کثر وهن صوب سبل ءله ضعف سکن ءله حبب صبر
3:147	کون قول قول ربب غفر ذنب سرف ءمر ثبت قدم نصر قوم کفر
3:148	ءتی ءله ثوب دنو حسن ثوب ءخر ءله حبب حسن
3:149	ءمن طوع کفر ردد عقب قلب خسر
3:150	ءله ولی خیر نصر
3:151	لقی قلب کفر رعب شرک ءله نزل سلط ءوی نور بءس ثوی ظلم
3:152	صدق ءله وعد حسس ءذن فشل نزع ءمر عصی بعد رءی حبب رود دنو رود ءخر صرف بلو عفو ءله ذوی فضل ءمن
3:153	صعد لوی وحد رسل دعو ءخر ثوب غمم غمم حزن فوت صوب ءله خبر عمل
3:154	نزل بعد غمم ءمن نعس غشو طوف طوف همم نفس ظنن ءله غیر حقق ظنن جهل قول ءمر شیء قول ءمر کلل ءله خفی نفس بدو قول کون ءمر شیء قتل قول کون بیت برز کتب قتل ضجع بلو ءله صدر محص قلب ءله علم ذوی صدر
3:155	ولی یوم لقی جمع زلل شطن بعض کسب عفو ءله ءله غفر حلم
3:156	ءمن کون کفر قول ءخو ضرب ءرض کون غزو کون عند موت قتل جعل ءله حسر قلب ءله حیی موت ءله عمل بصر
3:157	قتل سبل ءله موت غفر ءله رحم خیر جمع
3:158	موت قتل ءله حشر
3:159	رحم ءله لین کون فظظ غلظ قلب فضض حول عفو غفر شور ءمر عزم وکل ءله ءله حبب وکل
3:160	نصر ءله غلب خذل ذوی نصر بعد ءله وکل ءمن
3:161	کون نبو غلل غلل ءتی غلل یوم قوم وفی کلل نفس کسب ظلم
3:162	تبع رضو ءله بوء سخط ءله ءوی جهنم بءس صیر
3:163	درج عند ءله ءله بصر عمل
3:164	منن ءله ءمن بعث رسل نفس تلو ءیی زکو علم کتب حکم کون قبل ضلل بین
3:165	صوب صوب صوب مثل قول قول عند نفس ءله کلل شیء قدر
3:166	صوب یوم لقی جمع ءذن ءله علم ءمن
3:167	علم نفق قول علو قتل سبل ءله دفع قول علم قتل تبع کفر یوم قرب ءمن قول فوه لیس قلب ءله علم کتم
3:168	قول ءخو قعد طوع قتل قول درء نفس موت کون صدق
3:169	حسب قتل سبل ءله موت حیی عند ربب رزق
3:170	فرح ءتی ءله فضل بشر لحق خلف خوف حزن
3:171	بشر نعم ءله فضل ءله ضیع ءجر ءمن
3:172	جوب ءله رسل بعد صوب قرح حسن وقی ءجر عظم
3:173	قول ءنس ءنس جمع خشی زید ءمن قول حسب ءله نعم وکل
3:174	قلب نعم ءله فضل مسس سوء تبع رضو ءله ءله ذوی فضل عظم
3:175	شطن خوف ولی خوف خوف کون ءمن
3:176	حزن سرع کفر ضرر ءله شیء رود ءله جعل حظظ ءخر عذب عظم
3:177	شری کفر ءمن ضرر ءله شیء عذب ءلم
3:178	حسب کفر ملو خیر نفس ملو زید ءثم عذب هون
3:179	کون ءله وذر ءمن میز خبث طیب کون ءله طلع غیب ءله جبی رسل شیء ءمن ءله رسل ءمن وقی ءجر عظم
3:180	حسب بخل ءتی ءله فضل خیر شرر طوق بخل یوم قوم ءله ورث سمو ءرض ءله عمل خبر
3:181	سمع ءله قول قول ءله فقر غنی کتب قول قتل نبو غیر حقق قول ذوق عذب حرق
3:182	قدم یدی ءله لیس ظلم عبد
3:183	قول ءله عهد ءمن رسل ءتی قرب ءکل نور قول جیء رسل قبل بین قول قتل کون صدق
3:184	کذب کذب رسل قبل جیء بین زبر کتب نور
3:185	کلل نفس ذوق موت وفی ءجر یوم قوم زحزح نور دخل جنن فوز حیی دنو متع غرر
3:186	بلو مول نفس سمع ءتی کتب قبل شرک ءذی کثر صبر وقی عزم ءمر
3:187	ءخذ ءله وثق ءتی کتب بین ءنس کتم نبذ وری ظهر شری ثمن قلل بءس شری
3:188	حسب فرح ءتی حبب حمد فعل حسب فوز عذب عذب ءلم
3:189	ءله ملک سمو ءرض ءله کلل شیء قدر
3:190	خلق سمو ءرض خلف لیل نهر ءیی ءول لبب
3:191	ذکر ءله قوم قعد جنب فکر خلق سمو ءرض ربب خلق بطل سبح وقی عذب نور
3:192	ربب دخل نور خزی ظلم نصر
3:193	ربب سمع ندو ندو ءمن ءمن ربب ءمن ربب غفر ذنب کفر سوء وفی برر
3:194	ربب ءتی وعد رسل خزی یوم قوم خلف وعد
3:195	جوب ربب ضیع عمل عمل ذکر ءنث بعض بعض هجر خرج دور ءذی سبل قتل قتل کفر سوء دخل جنن جری تحت نهر ثوب عند ءله ءله عند حسن ثوب
3:196	غرر قلب کفر بلد
3:197	متع قلل ءوی جهنم بءس مهد
3:198	وقی ربب جنن جری تحت نهر خلد نزل عند ءله عند ءله خیر برر
3:199	ءهل کتب ءمن ءله نزل نزل خشع ءله شری ءیی ءله ثمن قلل ءجر عند ربب ءله سرع حسب
3:200	ءمن صبر صبر ربط وقی ءله فلح
4:1	ءنس وقی ربب خلق نفس وحد خلق زوج بثث رجل کثر نسو وقی ءله سءل رحم ءله کون رقب
4:2	ءتی یتم مول بدل خبث طیب ءکل مول مول کون حوب کبر
4:3	خوف قسط یتم نکح طیب نسو ثنی ثلث ربع خوف عدل وحد ملک یمن دنو عول
4:4	ءتی نسو صدق نحل طیب شیء نفس ءکل هنء مرء
4:5	ءتی سفه مول جعل ءله قوم رزق کسو قول قول عرف
4:6	بلو یتم بلغ نکح ءنس رشد دفع مول ءکل سرف بدر کبر کون غنی عفف کون فقر ءکل عرف دفع مول شهد کفی ءله حسب
4:7	رجل نصب ترک ولد قرب نسو نصب ترک ولد قرب قلل کثر نصب فرض
4:8	حضر قسم ءول قرب یتم سکن رزق قول قول عرف
4:9	خشی ترک خلف ذرر ضعف خوف وقی ءله قول قول سدد
4:10	ءکل مول یتم ظلم ءکل بطن نور صلی سعر
4:11	وصی ءله ولد ذکر مثل حظظ ءنث کون نسو فوق ثنی ثلث ترک کون وحد نصف ءبو کلل وحد سدس ترک کون ولد کون ولد ورث ءبو ءمم ثلث کون ءخو ءمم سدس بعد وصی وصی دین ءبو بنو دری قرب نفع فرض ءله ءله کون علم حکم
4:12	نصف ترک زوج کون ولد کون ولد ربع ترک بعد وصی وصی دین ربع ترک کون ولد کون ولد ثمن ترک بعد وصی وصی دین کون رجل ورث کلل مرء ءخو ءخو کلل وحد سدس کون کثر شرک ثلث بعد وصی وصی دین غیر ضرر وصی ءله ءله علم حلم
4:13	حدد ءله طوع ءله رسل دخل جنن جری تحت نهر خلد فوز عظم
4:14	عصی ءله رسل عدو حدد دخل نور خلد عذب هون
4:15	ءتی فحش نسو شهد ربع شهد مسک بیت وفی موت جعل ءله سبل
4:16	ءتی ءذی توب صلح عرض ءله کون توب رحم
4:17	توب ءله عمل سوء جهل توب قرب توب ءله کون ءله علم حکم
4:18	لیس توب عمل سوء حضر وحد موت قول توب ءین موت کفر عتد عذب ءلم
4:19	ءمن حلل ورث نسو کره عضل ذهب بعض ءتی ءتی فحش بین عشر عرف کره عسی کره شیء جعل ءله خیر کثر
4:20	رود بدل زوج کون زوج ءتی وحد قنطر ءخذ شیء ءخذ بهت ءثم بین
4:21	ءخذ فضو بعض بعض ءخذ وثق غلظ
4:22	نکح نکح ءبو نسو سلف کون فحش مقت سوء سبل
4:23	حرم ءمم بنو ءخو عمم خول بنو ءخو بنو ءخو ءمم رضع ءخو رضع ءمم نسو ربب حجر نسو دخل کون دخل جنح حلل بنو صلب جمع بین ءخو سلف ءله کون غفر رحم
4:24	حصن نسو ملک یمن کتب ءله حلل وری بغی مول حصن غیر سفح متع ءتی ءجر فرض جنح رضو بعد فرض ءله کون علم حکم
4:25	طوع طول نکح حصن ءمن ملک یمن فتی ءمن ءله علم ءمن بعض بعض نکح ءذن ءهل ءتی ءجر عرف حصن غیر سفح ءخذ خدن حصن ءتی فحش نصف حصن عذب خشی عنت صبر خیر ءله غفر رحم
4:26	رود ءله بین هدی سنن قبل توب ءله علم حکم
4:27	ءله رود توب رود تبع شهو میل میل عظم
4:28	رود ءله خفف خلق ءنس ضعف
4:29	ءمن ءکل مول بین بطل کون تجر رضو قتل نفس ءله کون رحم
4:30	فعل عدو ظلم صلی نور کون ءله یسر
4:31	جنب کبر نهی کفر سوء دخل دخل کرم
4:32	منی فضل ءله بعض بعض رجل نصب کسب نسو نصب کسب سءل ءله فضل ءله کون کلل شیء علم
4:33	کلل جعل ولی ترک ولد قرب عقد یمن ءتی نصب ءله کون کلل شیء شهد
4:34	رجل قوم نسو فضل ءله بعض بعض نفق مول صلح قنت حفظ غیب حفظ ءله خوف نشز وعظ هجر ضجع ضرب طوع بغی سبل ءله کون علو کبر
4:35	خوف شقق بین بعث حکم ءهل حکم ءهل رود صلح وفق ءله بین ءله کون علم خبر
4:36	عبد ءله شرک شیء ولد حسن ذوی قرب یتم سکن جور ذوی قرب جور جنب صحب جنب بنو سبل ملک یمن ءله حبب کون خیل فخر
4:37	بخل ءمر ءنس بخل کتم ءتی ءله فضل عتد کفر عذب هون
4:38	نفق مول رءی ءنس ءمن ءله یوم ءخر کون شطن قرن سوء قرن
4:39	ذوی ءمن ءله یوم ءخر نفق رزق ءله کون ءله علم
4:40	ءله ظلم ثقل ذرر کون حسن ضعف ءتی لدن ءجر عظم
4:41	جیء کلل ءمم شهد جیء شهد
4:42	یوم ودد کفر عصی رسل سوو ءرض کتم ءله حدث
4:43	ءمن قرب صلو سکر علم قول جنب عبر سبل غسل کون مرض سفر جیء وحد غوط لمس نسو وجد موه یمم صعد طیب مسح وجه یدی ءله کون عفو غفر
4:44	رءی ءتی نصب کتب شری ضلل رود ضلل سبل
4:45	ءله علم عدو کفی ءله ولی کفی ءله نصر
4:46	هود حرف کلم وضع قول سمع عصی سمع غیر سمع رعی لوی لسن طعن دین قول سمع طوع سمع نظر کون خیر قوم لعن ءله کفر ءمن قلل
4:47	ءتی کتب ءمن نزل صدق قبل طمس وجه ردد دبر لعن لعن صحب سبت کون ءمر ءله فعل
4:48	ءله غفر شرک غفر دون شیء شرک ءله فری ءثم عظم
4:49	رءی زکو نفس ءله زکو شیء ظلم فتل
4:50	نظر فری ءله کذب کفی ءثم بین
4:51	رءی ءتی نصب کتب ءمن جبت طغی قول کفر هدی ءمن سبل
4:52	لعن ءله لعن ءله وجد نصر
4:53	نصب ملک ءتی ءنس نقر
4:54	حسد ءنس ءتی ءله فضل ءتی ءول برهم کتب حکم ءتی ملک عظم
4:55	ءمن صدد کفی جهنم سعر
4:56	کفر ءیی صلی نور کلل نضج جلد بدل جلد غیر ذوق عذب ءله کون عزز حکم
4:57	ءمن عمل صلح دخل جنن جری تحت نهر خلد ءبد زوج طهر دخل ظلل ظلل
4:58	ءله ءمر ءدی ءمن ءهل حکم بین ءنس حکم عدل ءله نعم وعظ ءله کون سمع بصر
4:59	ءمن طوع ءله طوع رسل ءول ءمر نزع شیء ردد ءله رسل کون ءمن ءله یوم ءخر خیر حسن ءول
4:60	رءی زعم ءمن نزل نزل قبل رود حکم طغی ءمر کفر رود شطن ضلل ضلل بعد
4:61	قول علو نزل ءله رسل رءی نفق صدد صدد
4:62	صوب صوب قدم یدی جیء حلف ءله رود حسن وفق
4:63	علم ءله قلب عرض وعظ قول نفس قول بلغ
4:64	رسل رسل طوع ءذن ءله ظلم نفس جیء غفر ءله غفر رسل وجد ءله توب رحم
4:65	ربب ءمن حکم شجر بین وجد نفس حرج قضی سلم سلم
4:66	کتب قتل نفس خرج دور فعل قلل فعل وعظ کون خیر شدد ثبت
4:67	ءتی لدن ءجر عظم
4:68	هدی صرط قوم
4:69	طوع ءله رسل نعم ءله نبو صدق شهد صلح حسن رفق
4:70	فضل ءله کفی ءله علم
4:71	ءمن ءخذ حذر نفر ثبو نفر جمع
4:72	بطء صوب صوب قول نعم ءله کون شهد
4:73	صوب فضل ءله قول کون بین بین ودد کون فوز فوز عظم
4:74	قتل سبل ءله شری حیی دنو ءخر قتل سبل ءله قتل غلب ءتی ءجر عظم
4:75	قتل سبل ءله ضعف رجل نسو ولد قول ربب خرج قری ظلم ءهل جعل لدن ولی جعل لدن نصر
4:76	ءمن قتل سبل ءله کفر قتل سبل طغی قتل ولی شطن کید شطن کون ضعف
4:77	رءی قول کفف یدی قوم صلو ءتی زکو کتب قتل فرق خشی ءنس خشی ءله شدد خشی قول ربب کتب قتل ءخر ءجل قرب قول متع دنو قلل ءخر خیر وقی ظلم فتل
4:78	ءین کون درک موت کون برج شید صوب حسن قول عند ءله صوب سوء قول عند قول کلل عند ءله قوم کود فقه حدث
4:79	صوب حسن ءله صوب سوء نفس رسل ءنس رسل کفی ءله شهد
4:80	طوع رسل طوع ءله ولی رسل حفظ
4:81	قول طوع برز عند بیت طوف غیر قول ءله کتب بیت عرض وکل ءله کفی ءله وکل
4:82	دبر قرء کون عند غیر ءله وجد خلف کثر
4:83	جیء ءمر ءمن خوف ذیع ردد رسل ءول ءمر علم نبط فضل ءله رحم تبع شطن قلل
4:84	قتل سبل ءله کلف نفس حرض ءمن عسی ءله کفف بءس کفر ءله شدد بءس شدد نکل
4:85	شفع شفع حسن کون نصب شفع شفع سوء کون کفل کون ءله کلل شیء قوت
4:86	حیی حیی حیی حسن ردد ءله کون کلل شیء حسب
4:87	ءله ءله جمع یوم قوم ریب صدق ءله حدث
4:88	نفق فءی ءله رکس کسب رود هدی ضلل ءله ضلل ءله وجد سبل
4:89	ودد کفر کفر کون سوو ءخذ ولی هجر سبل ءله ولی ءخذ قتل حیث وجد ءخذ ولی نصر
4:90	وصل قوم بین بین وثق جیء حصر صدر قتل قتل قوم شیء ءله سلط قتل عزل قتل لقی سلم جعل ءله سبل
4:91	وجد ءخر رود ءمن ءمن قوم کلل ردد فتن رکس عزل لقی سلم کفف یدی ءخذ قتل حیث ثقف جعل سلط بین
4:92	کون ءمن قتل ءمن خطء قتل ءمن خطء حرر رقب ءمن ودی سلم ءهل صدق کون قوم عدو ءمن حرر رقب ءمن کون قوم بین بین وثق ودی سلم ءهل حرر رقب ءمن وجد صوم شهر تبع توب ءله کون ءله علم حکم
4:93	قتل ءمن عمد جزی جهنم خلد غضب ءله لعن عدد عذب عظم
4:94	ءمن ضرب سبل ءله بین قول لقی سلم لیس ءمن بغی عرض حیی دنو عند ءله غنم کثر کون قبل منن ءله بین ءله کون عمل خبر
4:95	سوو قعد ءمن غیر ءول ضرر جهد سبل ءله مول نفس فضل ءله جهد مول نفس قعد درج کلل وعد ءله حسن فضل ءله جهد قعد ءجر عظم
4:96	درج غفر رحم کون ءله غفر رحم
4:97	وفی ملک ظلم نفس قول کون قول کون ضعف ءرض قول کون ءرض ءله وسع هجر ءوی جهنم سوء صیر
4:98	ضعف رجل نسو ولد طوع حول هدی سبل
4:99	عسی ءله عفو کون ءله عفو غفر
4:100	هجر سبل ءله وجد ءرض رغم کثر وسع خرج بیت هجر ءله رسل درک موت وقع ءجر ءله کون ءله غفر رحم
4:101	ضرب ءرض لیس جنح قصر صلو خوف فتن کفر کفر کون عدو بین
4:102	کون قوم صلو قوم طوف ءخذ سلح سجد کون وری ءتی طوف ءخر صلو صلو ءخذ حذر سلح ودد کفر غفل سلح متع میل میل وحد جنح کون ءذی مطر کون مرض وضع سلح ءخذ حذر ءله عدد کفر عذب هون
4:103	قضی صلو ذکر ءله قوم قعد جنب طمءن قوم صلو صلو کون ءمن کتب وقت
4:104	وهن بغی قوم کون ءلم ءلم ءلم رجو ءله رجو کون ءله علم حکم
4:105	نزل کتب حقق حکم بین ءنس رءی ءله کون خون خصم
4:106	غفر ءله ءله کون غفر رحم
4:107	جدل خون نفس ءله حبب کون خون ءثم
4:108	خفی ءنس خفی ءله بیت رضو قول کون ءله عمل حوط
4:109	جدل حیی دنو جدل ءله یوم قوم کون وکل
4:110	عمل سوء ظلم نفس غفر ءله وجد ءله غفر رحم
4:111	کسب ءثم کسب نفس کون ءله علم حکم
4:112	کسب خطء ءثم رمی برء حمل بهت ءثم بین
4:113	فضل ءله رحم همم طوف ضلل ضلل نفس ضرر شیء نزل ءله کتب حکم علم کون علم کون فضل ءله عظم
4:114	خیر کثر نجو ءمر صدق عرف صلح بین ءنس فعل بغی رضو ءله ءتی ءجر عظم
4:115	شقق رسل بعد بین هدی تبع غیر سبل ءمن ولی ولی صلی جهنم سوء صیر
4:116	ءله غفر شرک غفر دون شیء شرک ءله ضلل ضلل بعد
4:117	دعو دون ءنث دعو شطن مرد
4:118	لعن ءله قول ءخذ عبد نصب فرض
4:119	ضلل منی ءمر بتک ءذن نعم ءمر غیر خلق ءله ءخذ شطن ولی دون ءله خسر خسر بین
4:120	وعد منی وعد شطن غرر
4:121	ءوی جهنم وجد حیص
4:122	ءمن عمل صلح دخل جنن جری تحت نهر خلد ءبد وعد ءله حقق صدق ءله قول
4:123	لیس منی منی ءهل کتب عمل سوء جزی وجد دون ءله ولی نصر
4:124	عمل صلح ذکر ءنث ءمن دخل جنن ظلم نقر
4:125	حسن دین سلم وجه ءله حسن تبع ملل برهم حنف ءخذ ءله برهم خلل
4:126	ءله سمو ءرض کون ءله کلل شیء حوط
4:127	فتی نسو قول ءله فتی تلو کتب یتم نسو ءتی کتب رغب نکح ضعف ولد قوم یتم قسط فعل خیر ءله کون علم
4:128	مرء خوف بعل نشز عرض جنح صلح بین صلح صلح خیر حضر نفس شحح حسن وقی ءله کون عمل خبر
4:129	طوع عدل بین نسو حرص میل کلل میل وذر علق صلح وقی ءله کون غفر رحم
4:130	فرق غنی ءله کلل وسع کون ءله وسع حکم
4:131	ءله سمو ءرض وصی ءتی کتب قبل وقی ءله کفر ءله سمو ءرض کون ءله غنی حمد
4:132	ءله سمو ءرض کفی ءله وکل
4:133	شیء ذهب ءنس ءتی ءخر کون ءله قدر
4:134	کون رود ثوب دنو عند ءله ثوب دنو ءخر کون ءله سمع بصر
4:135	ءمن کون قوم قسط شهد ءله نفس ولد قرب کون غنی فقر ءله ولی تبع هوی عدل لوی عرض ءله کون عمل خبر
4:136	ءمن ءمن ءله رسل کتب نزل رسل کتب نزل قبل کفر ءله ملک کتب رسل یوم ءخر ضلل ضلل بعد
4:137	ءمن کفر ءمن کفر زید کفر کون ءله غفر هدی سبل
4:138	بشر نفق عذب ءلم
4:139	ءخذ کفر ولی دون ءمن بغی عند عزز عزز ءله جمع
4:140	نزل کتب سمع ءیی ءله کفر هزء قعد خوض حدث غیر مثل ءله جمع نفق کفر جهنم جمع
4:141	ربص کون فتح ءله قول کون کون کفر نصب قول حوذ منع ءمن ءله حکم بین یوم قوم جعل ءله کفر ءمن سبل
4:142	نفق خدع ءله خدع قوم صلو قوم کسل رءی ءنس ذکر ءله قلل
4:143	ذبذب بین ضلل ءله وجد سبل
4:144	ءمن ءخذ کفر ولی دون ءمن رود جعل ءله سلط بین
4:145	نفق درک سفل نور وجد نصر
4:146	توب صلح عصم ءله خلص دین ءله ءمن ءتی ءله ءمن ءجر عظم
4:147	فعل ءله عذب شکر ءمن کون ءله شکر علم
4:148	حبب ءله جهر سوء قول ظلم کون ءله سمع علم
4:149	بدو خیر خفی عفو سوء ءله کون عفو قدر
4:150	کفر ءله رسل رود فرق بین ءله رسل قول ءمن بعض کفر بعض رود ءخذ بین سبل
4:151	کفر حقق عتد کفر عذب هون
4:152	ءمن ءله رسل فرق بین وحد ءتی ءجر کون ءله غفر رحم
4:153	سءل ءهل کتب نزل کتب سمو سءل وسی کبر قول رءی ءله جهر ءخذ صعق ظلم ءخذ عجل بعد جیء بین عفو ءتی وسی سلط بین
4:154	رفع فوق طور وثق قول دخل بوب سجد قول عدو سبت ءخذ وثق غلظ
4:155	نقض وثق کفر ءیی ءله قتل نبو غیر حقق قول قلب غلف طبع ءله کفر ءمن قلل
4:156	کفر قول ریم بهت عظم
4:157	قول قتل مسح عیس بنو ریم رسل ءله قتل صلب شبه خلف شکک علم تبع ظنن قتل یقن
4:158	رفع ءله کون ءله عزز حکم
4:159	ءهل کتب ءمن قبل موت یوم قوم کون شهد
4:160	ظلم هود حرم طیب حلل صدد سبل ءله کثر
4:161	ءخذ ربو نهی ءکل مول ءنس بطل عتد کفر عذب ءلم
4:162	رسخ علم ءمن ءمن نزل نزل قبل قوم صلو ءتی زکو ءمن ءله یوم ءخر ءتی ءجر عظم
4:163	وحی وحی نوح نبو بعد وحی برهم سحق عقب سبط عیس ءوب ءنس هرن سلم ءتی دود زبر
4:164	رسل قصص قبل رسل قصص کلم ءله وسی کلم
4:165	رسل بشر نذر کون ءنس ءله حجج بعد رسل کون ءله عزز حکم
4:166	ءله شهد نزل نزل علم ملک شهد کفی ءله شهد
4:167	کفر صدد سبل ءله ضلل ضلل بعد
4:168	کفر ظلم کون ءله غفر هدی طرق
4:169	طرق جهنم خلد ءبد کون ءله یسر
4:170	ءنس جیء رسل حقق ربب ءمن خیر کفر ءله سمو ءرض کون ءله علم حکم
4:171	ءهل کتب غلو دین قول ءله حقق مسح عیس بنو ریم رسل ءله کلم لقی ریم روح ءمن ءله رسل قول ثلث نهی خیر ءله ءله وحد سبح کون ولد سمو ءرض کفی ءله وکل
4:172	نکف مسح کون عبد ءله ملک قرب نکف عبد کبر حشر جمع
4:173	ءمن عمل صلح وفی ءجر زید فضل نکف کبر عذب عذب ءلم وجد دون ءله ولی نصر
4:174	ءنس جیء برهن ربب نزل نور بین
4:175	ءمن ءله عصم دخل رحم فضل هدی صرط قوم
4:176	فتی قول ءله فتی کلل مرء هلک لیس ولد ءخو نصف ترک ورث کون ولد کون ثنی ثلث ترک کون ءخو رجل نسو ذکر مثل حظظ ءنث بین ءله ضلل ءله کلل شیء علم
5:1	ءمن وفی عقد حلل بهم نعم تلو غیر حلل صید حرم ءله حکم رود
5:2	ءمن حلل شعر ءله شهر حرم هدی قلد ءمم بیت حرم بغی فضل ربب رضو حلل صید جرم شنء قوم صدد سجد حرم عدو عون برر وقی عون ءثم عدو وقی ءله ءله شدد عقب
5:3	حرم موت دمو لحم خنزر هلل غیر ءله خنق وقذ ردی نطح ءکل سبع ذکو ذبح نصب قسم زلم فسق یوم یءس کفر دین خشی خشی یوم کمل دین تمم نعم رضو سلم دین ضرر خمص غیر جنف ءثم ءله غفر رحم
5:4	سءل ذوی حلل قول حلل طیب علم جرح کلب علم علم ءله ءکل مسک ذکر سمو ءله وقی ءله ءله سرع حسب
5:5	یوم حلل طیب طعم ءتی کتب حلل طعم حلل حصن ءمن حصن ءتی کتب قبل ءتی ءجر حصن غیر سفح ءخذ خدن کفر ءمن حبط عمل ءخر خسر
5:6	ءمن قوم صلو غسل وجه یدی رفق مسح رءس رجل کعب کون جنب طهر کون مرض سفر جیء وحد غوط لمس نسو وجد موه یمم صعد طیب مسح وجه یدی رود ءله جعل حرج رود طهر تمم نعم شکر
5:7	ذکر نعم ءله وثق وثق قول سمع طوع وقی ءله ءله علم ذوی صدر
5:8	ءمن کون قوم ءله شهد قسط جرم شنء قوم عدل عدل قرب وقی وقی ءله ءله خبر عمل
5:9	وعد ءله ءمن عمل صلح غفر ءجر عظم
5:10	کفر کذب ءیی صحب جحم
5:11	ءمن ذکر نعم ءله همم قوم بسط یدی کفف یدی وقی ءله ءله وکل ءمن
5:12	ءخذ ءله وثق بنو بعث ثنی عشر نقب قول ءله قوم صلو ءتی زکو ءمن رسل عزر قرض ءله قرض حسن کفر سوء دخل جنن جری تحت نهر کفر بعد ضلل سوو سبل
5:13	نقض وثق لعن جعل قلب قسو حرف کلم وضع نسی حظظ ذکر زیل طلع خون قلل عفو صفح ءله حبب حسن
5:14	قول نصر ءخذ وثق نسی حظظ ذکر غرو بین عدو بغض یوم قوم نبء ءله کون صنع
5:15	ءهل کتب جیء رسل بین کثر کون خفی کتب عفو کثر جیء ءله نور کتب بین
5:16	هدی ءله تبع رضو سبل سلم خرج ظلم نور ءذن هدی صرط قوم
5:17	کفر قول ءله مسح بنو ریم قول ملک ءله شیء رود هلک مسح بنو ریم ءمم ءرض جمع ءله ملک سمو ءرض بین خلق شیء ءله کلل شیء قدر
5:18	قول هود نصر بنو ءله حبب قول عذب ذنب بشر خلق غفر شیء عذب شیء ءله ملک سمو ءرض بین صیر
5:19	ءهل کتب جیء رسل بین فتر رسل قول جیء بشر نذر جیء بشر نذر ءله کلل شیء قدر
5:20	قول وسی قوم قوم ذکر نعم ءله جعل نبو جعل ملک ءتی ءتی وحد علم
5:21	قوم دخل ءرض قدس کتب ءله ردد دبر قلب خسر
5:22	قول وسی قوم جبر دخل خرج خرج دخل
5:23	قول رجل خوف نعم ءله دخل بوب دخل غلب ءله وکل کون ءمن
5:24	قول وسی دخل ءبد دوم ذهب ربب قتل قعد
5:25	قول ربب ملک نفس ءخو فرق بین بین قوم فسق
5:26	قول حرم ربع سنو تیه ءرض ءسی قوم فسق
5:27	تلو نبء بنو ءدم حقق قرب قرب قبل وحد قبل ءخر قول قتل قول قبل ءله وقی
5:28	بسط یدی قتل بسط یدی قتل خوف ءله ربب علم
5:29	رود بوء ءثم ءثم کون صحب نور جزی ظلم
5:30	طوع نفس قتل ءخو قتل صبح خسر
5:31	بعث ءله غرب بحث ءرض رءی وری سوء ءخو قول ویل عجز کون مثل غرب وری سوء ءخو صبح ندم
5:32	ءجل کتب بنو قتل نفس غیر نفس فسد ءرض قتل ءنس جمع حیی حیی ءنس جمع جیء رسل بین کثر بعد ءرض سرف
5:33	جزی حرب ءله رسل سعی ءرض فسد قتل صلب قطع یدی رجل خلف نفی ءرض خزی دنو ءخر عذب عظم
5:34	توب قبل قدر علم ءله غفر رحم
5:35	ءمن وقی ءله بغی وسل جهد سبل فلح
5:36	کفر ءرض جمع مثل فدی عذب یوم قوم قبل عذب ءلم
5:37	رود خرج نور خرج عذب قوم
5:38	سرق سرق قطع یدی جزی کسب نکل ءله ءله عزز حکم
5:39	توب بعد ظلم صلح ءله توب ءله غفر رحم
5:40	علم ءله ملک سمو ءرض عذب شیء غفر شیء ءله کلل شیء قدر
5:41	رسل حزن سرع کفر قول ءمن فوه ءمن قلب هود سمع کذب سمع قوم ءخر ءتی حرف کلم بعد وضع قول ءتی ءخذ ءتی حذر رود ءله فتن ملک ءله شیء رود ءله طهر قلب دنو خزی ءخر عذب عظم
5:42	سمع کذب ءکل سحت جیء حکم بین عرض عرض ضرر شیء حکم حکم بین قسط ءله حبب قسط
5:43	حکم عند وری حکم ءله ولی بعد ءمن
5:44	نزل وری هدی نور حکم نبو سلم هود ربب حبر حفظ کتب ءله کون شهد خشی ءنس خشی شری ءیی ثمن قلل حکم نزل ءله کفر
5:45	کتب نفس نفس عین عین ءنف ءنف ءذن ءذن سنن سنن جرح قصص صدق کفر حکم نزل ءله ظلم
5:46	قفو ءثر عیس بنو ریم صدق بین یدی وری ءتی نجل هدی نور صدق بین یدی وری هدی وعظ وقی
5:47	حکم ءهل نجل نزل ءله حکم نزل ءله فسق
5:48	نزل کتب حقق صدق بین یدی کتب هیمن حکم بین نزل ءله تبع هوی جیء حقق کلل جعل شرع نهج شیء ءله جعل ءمم وحد بلو ءتی سبق خیر ءله رجع جمع نبء کون خلف
5:49	حکم بین نزل ءله تبع هوی حذر فتن بعض نزل ءله ولی علم رود ءله صوب بعض ذنب کثر ءنس فسق
5:50	حکم جهل بغی حسن ءله حکم قوم یقن
5:51	ءمن ءخذ هود نصر ولی بعض ولی بعض ولی ءله هدی قوم ظلم
5:52	رءی قلب مرض سرع قول خشی صوب دور عسی ءله ءتی فتح ءمر عند صبح سرر نفس ندم
5:53	قول ءمن قسم ءله جهد یمن حبط عمل صبح خسر
5:54	ءمن ردد دین ءتی ءله قوم حبب حبب ذلل ءمن عزز کفر جهد سبل ءله خوف لوم لوم فضل ءله ءتی شیء ءله وسع علم
5:55	ولی ءله رسل ءمن قوم صلو ءتی زکو رکع
5:56	ولی ءله رسل ءمن حزب ءله غلب
5:57	ءمن ءخذ ءخذ دین هزء لعب ءتی کتب قبل کفر ولی وقی ءله کون ءمن
5:58	ندو صلو ءخذ هزء لعب قوم عقل
5:59	قول ءهل کتب نقم ءمن ءله نزل نزل قبل کثر فسق
5:60	قول نبء شرر ثوب عند ءله لعن ءله غضب جعل قرد خنزر عبد طغی شرر کون ضلل سوو سبل
5:61	جیء قول ءمن دخل کفر خرج ءله علم کون کتم
5:62	رءی کثر سرع ءثم عدو ءکل سحت بءس کون عمل
5:63	نهی ربب حبر قول ءثم ءکل سحت بءس کون صنع
5:64	قول هود یدی ءله غلل غلل یدی لعن قول یدی بسط نفق شیء زید کثر نزل ربب طغی کفر لقی بین عدو بغض یوم قوم کلل وقد نور حرب طفء ءله سعی ءرض فسد ءله حبب فسد
5:65	ءهل کتب ءمن وقی کفر سوء دخل جنن نعم
5:66	قوم وری نجل نزل ربب ءکل فوق تحت رجل ءمم قصد کثر سوء عمل
5:67	رسل بلغ نزل ربب فعل بلغ رسل ءله عصم ءنس ءله هدی قوم کفر
5:68	قول ءهل کتب لیس شیء قوم وری نجل نزل ربب زید کثر نزل ربب طغی کفر ءسی قوم کفر
5:69	ءمن هود صبء نصر ءمن ءله یوم ءخر عمل صلح خوف حزن
5:70	ءخذ وثق بنو رسل رسل کلل جیء رسل هوی نفس فرق کذب فرق قتل
5:71	حسب کون فتن عمی صمم توب ءله عمی صمم کثر ءله بصر عمل
5:72	کفر قول ءله مسح بنو ریم قول مسح بنو عبد ءله ربب ربب شرک ءله حرم ءله جنن ءوی نور ظلم نصر
5:73	کفر قول ءله ثلث ثلث ءله ءله وحد نهی قول مسس کفر عذب ءلم
5:74	توب ءله غفر ءله غفر رحم
5:75	مسح بنو ریم رسل خلو قبل رسل ءمم صدق کون ءکل طعم نظر بین ءیی نظر ءفک
5:76	قول عبد دون ءله ملک ضرر نفع ءله سمع علم
5:77	قول ءهل کتب غلو دین غیر حقق تبع هوی قوم ضلل قبل ضلل کثر ضلل سوو سبل
5:78	لعن کفر بنو لسن دود عیس بنو ریم عصی کون عدو
5:79	کون نهی نکر فعل بءس کون فعل
5:80	رءی کثر ولی کفر بءس قدم نفس سخط ءله عذب خلد
5:81	کون ءمن ءله نبو نزل ءخذ ولی کثر فسق
5:82	وجد شدد ءنس عدو ءمن هود شرک وجد قرب ودد ءمن قول نصر قسس رهب کبر
5:83	سمع نزل رسل رءی عین فیض دمع عرف حقق قول ربب ءمن کتب شهد
5:84	ءمن ءله جیء حقق طمع دخل ربب قوم صلح
5:85	ثوب ءله قول جنن جری تحت نهر خلد جزی حسن
5:86	کفر کذب ءیی صحب جحم
5:87	ءمن حرم طیب حلل ءله عدو ءله حبب عدو
5:88	ءکل رزق ءله حلل طیب وقی ءله ءمن
5:89	ءخذ ءله لغو یمن ءخذ عقد یمن کفر طعم عشر سکن وسط طعم ءهل کسو حرر رقب وجد صوم ثلث یوم کفر یمن حلف حفظ یمن بین ءله ءیی شکر
5:90	ءمن خمر یسر نصب زلم رجس عمل شطن جنب فلح
5:91	رود شطن وقع بین عدو بغض خمر یسر صدد ذکر ءله صلو نهی
5:92	طوع ءله طوع رسل حذر ولی علم رسل بلغ بین
5:93	لیس ءمن عمل صلح جنح طعم وقی ءمن عمل صلح وقی ءمن وقی حسن ءله حبب حسن
5:94	ءمن بلو ءله شیء صید نیل یدی رمح علم ءله خوف غیب عدو بعد عذب ءلم
5:95	ءمن قتل صید حرم قتل عمد جزی مثل قتل نعم حکم ذوی عدل هدی بلغ کعب کفر طعم سکن عدل صوم ذوق وبل ءمر عفو ءله سلف عود نقم ءله ءله عزز ذوی نقم
5:96	حلل صید بحر طعم متع سیر حرم صید برر دوم حرم وقی ءله حشر
5:97	جعل ءله کعب بیت حرم قوم ءنس شهر حرم هدی قلد علم ءله علم سمو ءرض ءله کلل شیء علم
5:98	علم ءله شدد عقب ءله غفر رحم
5:99	رسل بلغ ءله علم بدو کتم
5:100	قول سوو خبث طیب عجب کثر خبث وقی ءله ءول لبب فلح
5:101	ءمن سءل شیء بدو سوء سءل حین نزل قرء بدو عفو ءله ءله غفر حلم
5:102	سءل قوم قبل صبح کفر
5:103	جعل ءله بحر سیب وصل حمی کفر فری ءله کذب کثر عقل
5:104	قول علو نزل ءله رسل قول حسب وجد ءبو کون ءبو علم شیء هدی
5:105	ءمن نفس ضرر ضلل هدی ءله رجع جمع نبء کون عمل
5:106	ءمن شهد بین حضر وحد موت حین وصی ثنی ذوی عدل ءخر غیر ضرب ءرض صوب صوب موت حبس بعد صلو قسم ءله ریب شری ثمن کون ذوی قرب کتم شهد ءله ءثم
5:107	عثر حقق ءثم ءخر قوم قوم حقق ولی قسم ءله شهد حقق شهد عدو ظلم
5:108	دنو ءتی شهد وجه خوف ردد یمن بعد یمن وقی ءله سمع ءله هدی قوم فسق
5:109	یوم جمع ءله رسل قول ذوی جوب قول علم علم غیب
5:110	قول ءله عیس بنو ریم ذکر نعم ولد ءید روح قدس کلم ءنس مهد کهل علم کتب حکم وری نجل خلق طین هیء طیر ءذن نفخ کون طیر ءذن برء کمه برص ءذن خرج موت ءذن کفف بنو جیء بین قول کفر سحر بین
5:111	وحی حور ءمن رسل قول ءمن شهد سلم
5:112	قول حور عیس بنو ریم طوع ربب نزل مید سمو قول وقی ءله کون ءمن
5:113	قول رود ءکل طمءن قلب علم صدق کون شهد
5:114	قول عیس بنو ریم ءله ربب نزل مید سمو کون عود ءول ءخر ءیی رزق خیر رزق
5:115	قول ءله نزل کفر بعد عذب عذب عذب وحد علم
5:116	قول ءله عیس بنو ریم قول ءنس ءخذ ءمم ءله دون ءله قول سبح کون قول لیس حقق کون قول علم علم نفس علم نفس علم غیب
5:117	قول ءمر عبد ءله ربب ربب کون شهد دوم وفی کون رقب کلل شیء شهد
5:118	عذب عبد غفر عزز حکم
5:119	قول ءله یوم نفع صدق صدق جنن جری تحت نهر خلد ءبد رضو ءله رضو فوز عظم
5:120	ءله ملک سمو ءرض کلل شیء قدر
6:1	حمد ءله خلق سمو ءرض جعل ظلم نور کفر ربب عدل
6:2	خلق طین قضی ءجل ءجل سمو عند مری
6:3	ءله سمو ءرض علم سرر جهر علم کسب
6:4	ءتی ءیی ءیی ربب کون عرض
6:5	کذب حقق جیء ءتی نبء کون هزء
6:6	رءی هلک قبل قرن مکن ءرض مکن رسل سمو درر جعل نهر جری تحت هلک ذنب نشء بعد قرن ءخر
6:7	نزل کتب قرطس لمس یدی قول کفر سحر بین
6:8	قول نزل ملک نزل ملک قضی ءمر نظر
6:9	جعل ملک جعل رجل لبس لبس
6:10	هزء رسل قبل حیق سخر کون هزء
6:11	قول سیر ءرض نظر کون عقب کذب
6:12	قول سمو ءرض قول ءله کتب نفس رحم جمع یوم قوم ریب خسر نفس ءمن
6:13	سکن لیل نهر سمع علم
6:14	قول غیر ءله ءخذ ولی فطر سمو ءرض طعم طعم قول ءمر کون ءول سلم کون شرک
6:15	قول خوف عصی ربب عذب یوم عظم
6:16	صرف یوم رحم فوز بین
6:17	مسس ءله ضرر کشف مسس خیر کلل شیء قدر
6:18	قهر فوق عبد حکم خبر
6:19	قول شیء کبر شهد قول ءله شهد بین بین وحی قرء نذر بلغ شهد ءله ءله ءخر قول شهد قول ءله وحد برء شرک
6:20	ءتی کتب عرف عرف بنو خسر نفس ءمن
6:21	ظلم فری ءله کذب کذب ءیی فلح ظلم
6:22	یوم حشر جمع قول شرک ءین شرک کون زعم
6:23	کون فتن قول ءله ربب کون شرک
6:24	نظر کذب نفس ضلل کون فری
6:25	سمع جعل قلب کنن فقه ءذن وقر رءی کلل ءیی ءمن جیء جدل قول کفر سطر ءول
6:26	نهی نءی هلک نفس شعر
6:27	رءی وقف نور قول ردد کذب ءیی ربب کون ءمن
6:28	بدو کون خفی قبل ردد عود نهی کذب
6:29	قول حیی دنو بعث
6:30	رءی وقف ربب قول لیس حقق قول ربب قول ذوق عذب کون کفر
6:31	خسر کذب لقی ءله جیء سوع بغت قول حسر فرط حمل وزر ظهر سوء وزر
6:32	حیی دنو لعب لهو دور ءخر خیر وقی عقل
6:33	علم حزن قول کذب ظلم ءیی ءله جحد
6:34	کذب رسل قبل صبر کذب ءذی ءتی نصر بدل کلم ءله جیء نبء رسل
6:35	کون کبر عرض طوع بغی نفق ءرض سلم سمو ءتی ءیی شیء ءله جمع هدی کون جهل
6:36	جوب سمع موت بعث ءله رجع
6:37	قول نزل ءیی ربب قول ءله قدر نزل ءیی کثر علم
6:38	دبب ءرض طیر طیر جنح ءمم مثل فرط کتب شیء ربب حشر
6:39	کذب ءیی صمم بکم ظلم شیء ءله ضلل شیء جعل صرط قوم
6:40	قول رءی ءتی عذب ءله ءتی سوع غیر ءله دعو کون صدق
6:41	دعو کشف دعو شیء نسی شرک
6:42	رسل ءمم قبل ءخذ بءس ضرر ضرع
6:43	جیء بءس ضرع قسو قلب زین شطن کون عمل
6:44	نسی ذکر فتح بوب کلل شیء فرح ءتی ءخذ بغت بلس
6:45	قطع دبر قوم ظلم حمد ءله ربب علم
6:46	قول رءی ءخذ ءله سمع بصر ختم قلب ءله غیر ءله ءتی نظر صرف ءیی صدف
6:47	قول رءی ءتی عذب ءله بغت جهر هلک قوم ظلم
6:48	رسل رسل بشر نذر ءمن صلح خوف حزن
6:49	کذب ءیی مسس عذب کون فسق
6:50	قول قول عند خزن ءله علم غیب قول ملک تبع وحی قول سوو عمی بصر فکر
6:51	نذر خوف حشر ربب لیس دون ولی شفع وقی
6:52	طرد دعو ربب غدو عشو رود وجه حسب شیء حسب شیء طرد کون ظلم
6:53	فتن بعض بعض قول منن ءله بین لیس ءله علم شکر
6:54	جیء ءمن ءیی قول سلم کتب ربب نفس رحم عمل سوء جهل توب بعد صلح غفر رحم
6:55	فصل ءیی بین سبل جرم
6:56	قول نهی عبد دعو دون ءله قول تبع هوی ضلل هدی
6:57	قول بین ربب کذب عند عجل حکم ءله قصص حقق خیر فصل
6:58	قول عند عجل قضی ءمر بین بین ءله علم ظلم
6:59	عند فتح غیب علم علم برر بحر سقط ورق علم حبب ظلم ءرض رطب یبس کتب بین
6:60	وفی لیل علم جرح نهر بعث قضی ءجل سمو رجع نبء کون عمل
6:61	قهر فوق عبد رسل حفظ جیء وحد موت وفی رسل فرط
6:62	ردد ءله ولی حقق حکم سرع حسب
6:63	قول نجو ظلم برر بحر دعو ضرع خفی نجو کون شکر
6:64	قول ءله نجو کلل کرب شرک
6:65	قول قدر بعث عذب فوق تحت رجل لبس شیع ذوق بعض بءس بعض نظر صرف ءیی فقه
6:66	کذب قوم حقق قول لیس وکل
6:67	کلل نبء قرر علم
6:68	رءی خوض ءیی عرض خوض حدث غیر نسی شطن قعد بعد ذکر قوم ظلم
6:69	وقی حسب شیء ذکر وقی
6:70	وذر ءخذ دین لعب لهو غرر حیی دنو ذکر بسل نفس کسب لیس دون ءله ولی شفع عدل کلل عدل ءخذ بسل کسب شرب حمم عذب ءلم کون کفر
6:71	قول دعو دون ءله نفع ضرر ردد عقب بعد هدی ءله هوی شطن ءرض حیر صحب دعو هدی ءتی قول هدی ءله هدی ءمر سلم ربب علم
6:72	قوم صلو وقی حشر
6:73	خلق سمو ءرض حقق یوم قول کون کون قول حقق ملک یوم نفخ صور علم غیب شهد حکم خبر
6:74	قول برهم ءبو ءزر ءخذ صنم ءله رءی قوم ضلل بین
6:75	رءی برهم ملک سمو ءرض کون یقن
6:76	جنن لیل رءی کوکب قول ربب ءفل قول حبب ءفل
6:77	رءی قمر بزغ قول ربب ءفل قول هدی ربب کون قوم ضلل
6:78	رءی شمس بزغ قول ربب کبر ءفل قول قوم برء شرک
6:79	وجه وجه فطر سمو ءرض حنف شرک
6:80	حجج قوم قول حجج ءله هدی خوف شرک شیء ربب شیء وسع ربب کلل شیء علم ذکر
6:81	خوف شرک خوف شرک ءله نزل سلط فرق حقق ءمن کون علم
6:82	ءمن لبس ءمن ظلم ءمن هدی
6:83	حجج ءتی برهم قوم رفع درج شیء ربب حکم علم
6:84	وهب سحق عقب کلل هدی نوح هدی قبل ذرر دود سلم ءوب ءسف وسی هرن جزی حسن
6:85	زکر حیی عیس ءلس کلل صلح
6:86	یسع ءنس لوط کلل فضل علم
6:87	ءبو ذرر ءخو جبی هدی صرط قوم
6:88	هدی ءله هدی شیء عبد شرک حبط کون عمل
6:89	ءتی کتب حکم نبو کفر وکل قوم لیس کفر
6:90	هدی ءله هدی قدو قول سءل ءجر ذکر علم
6:91	قدر ءله حقق قدر قول نزل ءله بشر شیء قول نزل کتب جیء وسی نور هدی ءنس جعل قرطس بدو خفی کثر علم علم ءبو قول ءله وذر خوض لعب
6:92	کتب نزل برک صدق بین یدی نذر ءمم قری حول ءمن ءخر ءمن صلو حفظ
6:93	ظلم فری ءله کذب قول وحی وحی شیء قول نزل مثل نزل ءله رءی ظلم غمر موت ملک بسط یدی خرج نفس یوم جزی عذب هون کون قول ءله غیر حقق کون ءیی کبر
6:94	جیء فرد خلق ءول مرر ترک خول وری ظهر رءی شفع زعم شرک قطع بین ضلل کون زعم
6:95	ءله فلق حبب نوی خرج حیی موت خرج موت حیی ءله ءفک
6:96	فلق صبح جعل لیل سکن شمس قمر حسب قدر عزز علم
6:97	جعل نجم هدی ظلم برر بحر فصل ءیی قوم علم
6:98	نشء نفس وحد قرر ودع فصل ءیی قوم فقه
6:99	نزل سمو موه خرج نبت کلل شیء خرج خضر خرج حبب رکب نخل طلع قنو دنو جنن عنب زیت رمن شبه غیر شبه نظر ثمر ثمر ینع ءیی قوم ءمن
6:100	جعل ءله شرک جنن خلق خرق بنو بنو غیر علم سبح علو وصف
6:101	بدع سمو ءرض کون ولد کون صحب خلق کلل شیء کلل شیء علم
6:102	ءله ربب ءله خلق کلل شیء عبد کلل شیء وکل
6:103	درک بصر درک بصر لطف خبر
6:104	جیء بصر ربب بصر نفس عمی حفظ
6:105	صرف ءیی قول درس بین قوم علم
6:106	تبع وحی ربب ءله عرض شرک
6:107	شیء ءله شرک جعل حفظ وکل
6:108	سبب دعو دون ءله سبب ءله عدو غیر علم زین کلل ءمم عمل ربب رجع نبء کون عمل
6:109	قسم ءله جهد یمن جیء ءیی ءمن قول ءیی عند ءله شعر جیء ءمن
6:110	قلب فءد بصر ءمن ءول مرر وذر طغی عمه
6:111	نزل ملک کلم موت حشر کلل شیء قبل کون ءمن شیء ءله کثر جهل
6:112	جعل کلل نبو عدو شطن ءنس جنن وحی بعض بعض زخرف قول غرر شیء ربب فعل وذر فری
6:113	صغو فءد ءمن ءخر رضو قرف قرف
6:114	غیر ءله بغی حکم نزل کتب فصل ءتی کتب علم نزل ربب حقق کون مری
6:115	تمم کلم ربب صدق عدل بدل کلم سمع علم
6:116	طوع کثر ءرض ضلل سبل ءله تبع ظنن خرص
6:117	ربب علم ضلل سبل علم هدی
6:118	ءکل ذکر سمو ءله کون ءیی ءمن
6:119	ءکل ذکر سمو ءله فصل حرم ضرر کثر ضلل هوی غیر علم ربب علم عدو
6:120	وذر ظهر ءثم بطن کسب ءثم جزی کون قرف
6:121	ءکل ذکر سمو ءله فسق شطن وحی ولی جدل طوع شرک
6:122	کون موت حیی جعل نور مشی ءنس مثل ظلم لیس خرج زین کفر کون عمل
6:123	جعل کلل قری کبر جرم مکر مکر نفس شعر
6:124	جیء ءیی قول ءمن ءتی مثل ءتی رسل ءله ءله علم حیث جعل رسل صوب جرم صغر عند ءله عذب شدد کون مکر
6:125	رود ءله هدی شرح صدر سلم رود ضلل جعل صدر ضیق حرج صعد سمو جعل ءله رجس ءمن
6:126	صرط ربب قوم فصل ءیی قوم ذکر
6:127	دور سلم عند ربب ولی کون عمل
6:128	یوم حشر جمع عشر جنن کثر ءنس قول ولی ءنس ربب متع بعض بعض بلغ ءجل ءجل قول نور ثوی خلد شیء ءله ربب حکم علم
6:129	ولی بعض ظلم بعض کون کسب
6:130	عشر جنن ءنس ءتی رسل قصص ءیی نذر لقی یوم قول شهد نفس غرر حیی دنو شهد نفس کون کفر
6:131	کون ربب هلک قری ظلم ءهل غفل
6:132	کلل درج عمل ربب غفل عمل
6:133	ربب غنی ذوی رحم شیء ذهب خلف بعد شیء نشء ذرر قوم ءخر
6:134	وعد ءتی عجز
6:135	قول قوم عمل کون عمل علم کون عقب دور فلح ظلم
6:136	جعل ءله ذرء حرث نعم نصب قول ءله زعم شرک کون شرک وصل ءله کون ءله وصل شرک سوء حکم
6:137	زین کثر شرک قتل ولد شرک ردی لبس دین شیء ءله فعل وذر فری
6:138	قول نعم حرث حجر طعم شیء زعم نعم حرم ظهر نعم ذکر سمو ءله فری جزی کون فری
6:139	قول بطن نعم خلص ذکر حرم زوج کون موت شرک جزی وصف حکم علم
6:140	خسر قتل ولد سفه غیر علم حرم رزق ءله فری ءله ضلل کون هدی
6:141	نشء جنن عرش غیر عرش نخل زرع خلف ءکل زیت رمن شبه غیر شبه ءکل ثمر ثمر ءتی حقق یوم حصد سرف حبب سرف
6:142	نعم حمل فرش ءکل رزق ءله تبع خطو شطن عدو بین
6:143	ثمن زوج ضءن ثنی معز ثنی قول ذکر حرم ءنث شمل رحم ءنث نبء علم کون صدق
6:144	ءبل ثنی بقر ثنی قول ذکر حرم ءنث شمل رحم ءنث کون شهد وصی ءله ظلم فری ءله کذب ضلل ءنس غیر علم ءله هدی قوم ظلم
6:145	قول وجد وحی حرم طعم طعم کون موت دمو سفح لحم خنزر رجس فسق هلل غیر ءله ضرر غیر بغی عدو ربب غفر رحم
6:146	هود حرم کلل ذوی ظفر بقر غنم حرم شحم حمل ظهر حوی خلط عظم جزی بغی صدق
6:147	کذب قول ربب ذوی رحم وسع ردد بءس قوم جرم
6:148	قول شرک شیء ءله شرک ءبو حرم شیء کذب قبل ذوق بءس قول عند علم خرج تبع ظنن خرص
6:149	قول ءله حجج بلغ شیء هدی جمع
6:150	قول هلم شهد شهد ءله حرم شهد شهد تبع هوی کذب ءیی ءمن ءخر ربب عدل
6:151	قول علو تلو حرم ربب شرک شیء ولد حسن قتل ولد ملق رزق قرب فحش ظهر بطن قتل نفس حرم ءله حقق وصی عقل
6:152	قرب مول یتم حسن بلغ شدد وفی کیل وزن قسط کلف نفس وسع قول عدل کون ذوی قرب عهد ءله وفی وصی ذکر
6:153	صرط قوم تبع تبع سبل فرق سبل وصی وقی
6:154	ءتی وسی کتب تمم حسن فصل کلل شیء هدی رحم لقی ربب ءمن
6:155	کتب نزل برک تبع وقی رحم
6:156	قول نزل کتب طوف قبل کون درس غفل
6:157	قول نزل کتب کون هدی جیء بین ربب هدی رحم ظلم کذب ءیی ءله صدف جزی صدف ءیی سوء عذب کون صدف
6:158	نظر ءتی ملک ءتی ربب ءتی بعض ءیی ربب یوم ءتی بعض ءیی ربب نفع نفس ءمن کون ءمن قبل کسب ءمن خیر قول نظر نظر
6:159	فرق دین کون شیع لیس شیء ءمر ءله نبء کون فعل
6:160	جیء حسن عشر مثل جیء سوء جزی مثل ظلم
6:161	قول هدی ربب صرط قوم دین قوم ملل برهم حنف کون شرک
6:162	قول صلو نسک حیی موت ءله ربب علم
6:163	شرک ءمر ءول سلم
6:164	قول غیر ءله بغی ربب ربب کلل شیء کسب کلل نفس وزر وزر وزر ءخر ربب رجع نبء کون خلف
6:165	جعل خلف ءرض رفع بعض فوق بعض درج بلو ءتی ربب سرع عقب غفر رحم
7:1	NA
7:2	کتب نزل کون صدر حرج نذر ذکر ءمن
7:3	تبع نزل ربب تبع دون ولی قلل ذکر
7:4	قری هلک جیء بءس بیت قیل
7:5	کون دعو جیء بءس قول کون ظلم
7:6	سءل رسل سءل رسل
7:7	قصص علم کون غیب
7:8	وزن یوم حقق ثقل وزن فلح
7:9	خفف وزن خسر نفس کون ءیی ظلم
7:10	مکن ءرض جعل عیش قلل شکر
7:11	خلق صور قول ملک سجد ءدم سجد بلس کون سجد
7:12	قول منع سجد ءمر قول خیر خلق نور خلق طین
7:13	قول هبط کون کبر خرج صغر
7:14	قول نظر یوم بعث
7:15	قول نظر
7:16	قول غوی قعد صرط قوم
7:17	ءتی بین یدی خلف یمن شمل وجد کثر شکر
7:18	قول خرج ذءم دحر تبع ملء جهنم جمع
7:19	ءدم سکن زوج جنن ءکل حیث شیء قرب شجر کون ظلم
7:20	وسوس شطن بدو وری سوء قول نهی ربب شجر کون ملک کون خلد
7:21	قسم نصح
7:22	دلو غرر ذوق شجر بدو سوء طفق خصف ورق جنن ندو ربب نهی شجر قول شطن عدو بین
7:23	قول ربب ظلم نفس غفر رحم کون خسر
7:24	قول هبط بعض بعض عدو ءرض قرر متع حین
7:25	قول حیی موت خرج
7:26	بنو ءدم نزل لبس وری سوء ریش لبس وقی خیر ءیی ءله ذکر
7:27	بنو ءدم فتن شطن خرج ءبو جنن نزع لبس رءی سوء رءی قبل حیث رءی جعل شطن ولی ءمن
7:28	فعل فحش قول وجد ءبو ءله ءمر قول ءله ءمر فحش قول ءله علم
7:29	قول ءمر ربب قسط قوم وجه عند کلل سجد دعو خلص دین بدء عود
7:30	فرق هدی فرق حقق ضلل ءخذ شطن ولی دون ءله حسب هدی
7:31	بنو ءدم ءخذ زین عند کلل سجد ءکل شرب سرف حبب سرف
7:32	قول حرم زین ءله خرج عبد طیب رزق قول ءمن حیی دنو خلص یوم قوم فصل ءیی قوم علم
7:33	قول حرم ربب فحش ظهر بطن ءثم بغی غیر حقق شرک ءله نزل سلط قول ءله علم
7:34	کلل ءمم ءجل جیء ءجل ءخر سوع قدم
7:35	بنو ءدم ءتی رسل قصص ءیی وقی صلح خوف حزن
7:36	کذب ءیی کبر صحب نور خلد
7:37	ظلم فری ءله کذب کذب ءیی نیل نصب کتب جیء رسل وفی قول ءین کون دعو دون ءله قول ضلل شهد نفس کون کفر
7:38	قول دخل ءمم خلو قبل جنن ءنس نور کلل دخل ءمم لعن ءخو درک جمع قول ءخر ءول ربب ضلل ءتی عذب ضعف نور قول کلل ضعف علم
7:39	قول ءول ءخر کون فضل ذوق عذب کون کسب
7:40	کذب ءیی کبر فتح بوب سمو دخل جنن ولج جمل سمم خیط جزی جرم
7:41	جهنم مهد فوق غشو جزی ظلم
7:42	ءمن عمل صلح کلف نفس وسع صحب جنن خلد
7:43	نزع صدر غلل جری تحت نهر قول حمد ءله هدی کون هدی هدی ءله جیء رسل ربب حقق ندو جنن ورث کون عمل
7:44	ندو صحب جنن صحب نور وجد وعد ربب حقق وجد وعد ربب حقق قول ءذن ءذن بین لعن ءله ظلم
7:45	صدد سبل ءله بغی عوج ءخر کفر
7:46	بین حجب عرف رجل عرف کلل سوم ندو صحب جنن سلم دخل طمع
7:47	صرف بصر لقی صحب نور قول ربب جعل قوم ظلم
7:48	ندو صحب عرف رجل عرف سوم قول غنی جمع کون کبر
7:49	قسم نیل ءله رحم دخل جنن خوف حزن
7:50	ندو صحب نور صحب جنن فیض موه رزق ءله قول ءله حرم کفر
7:51	ءخذ دین لهو لعب غرر حیی دنو یوم نسی نسی لقی یوم کون ءیی جحد
7:52	جیء کتب فصل علم هدی رحم قوم ءمن
7:53	نظر ءول یوم ءتی ءول قول نسی قبل جیء رسل ربب حقق شفع شفع ردد عمل غیر کون عمل خسر نفس ضلل کون فری
7:54	ربب ءله خلق سمو ءرض ستت یوم سوو عرش غشو لیل نهر طلب حثث شمس قمر نجم سخر ءمر خلق ءمر برک ءله ربب علم
7:55	دعو ربب ضرع خفی حبب عدو
7:56	فسد ءرض بعد صلح دعو خوف طمع رحم ءله قرب حسن
7:57	رسل روح بشر بین یدی رحم قلل سحب ثقل سوق بلد موت نزل موه خرج کلل ثمر خرج موت ذکر
7:58	بلد طیب خرج نبت ءذن ربب خبث خرج نکد صرف ءیی قوم شکر
7:59	رسل نوح قوم قول قوم عبد ءله ءله غیر خوف عذب یوم عظم
7:60	قول ملء قوم رءی ضلل بین
7:61	قول قوم لیس ضلل رسل ربب علم
7:62	بلغ رسل ربب نصح علم ءله علم
7:63	عجب جیء ذکر ربب رجل نذر وقی رحم
7:64	کذب نجو فلک غرق کذب ءیی کون قوم عمی
7:65	عود ءخو هود قول قوم عبد ءله ءله غیر وقی
7:66	قول ملء کفر قوم رءی سفه ظنن کذب
7:67	قول قوم لیس سفه رسل ربب علم
7:68	بلغ رسل ربب نصح ءمن
7:69	عجب جیء ذکر ربب رجل نذر ذکر جعل خلف بعد قوم نوح زید خلق بسط ذکر ءلی ءله فلح
7:70	قول جیء عبد ءله وحد وذر کون عبد ءبو ءتی وعد کون صدق
7:71	قول وقع ربب رجس غضب جدل سمو سمو ءبو نزل ءله سلط نظر نظر
7:72	نجو رحم قطع دبر کذب ءیی کون ءمن
7:73	ثمد ءخو صلح قول قوم عبد ءله ءله غیر جیء بین ربب نوق ءله ءیی وذر ءکل ءرض ءله مسس سوء ءخذ عذب ءلم
7:74	ذکر جعل خلف بعد عود بوء ءرض ءخذ سهل قصر نحت جبل بیت ذکر ءلی ءله عثو ءرض فسد
7:75	قول ملء کبر قوم ضعف ءمن علم صلح رسل ربب قول رسل ءمن
7:76	قول کبر ءمن کفر
7:77	عقر نوق عتو ءمر ربب قول صلح ءتی وعد کون رسل
7:78	ءخذ رجف صبح دور جثم
7:79	ولی قول قوم بلغ رسل ربب نصح حبب نصح
7:80	لوط قول قوم ءتی فحش سبق وحد علم
7:81	ءتی رجل شهو دون نسو قوم سرف
7:82	کون جوب قوم قول خرج قری ءنس طهر
7:83	نجو ءهل مرء کون غبر
7:84	مطر مطر نظر کون عقب جرم
7:85	مدن ءخو شعب قول قوم عبد ءله ءله غیر جیء بین ربب وفی کیل وزن بخس ءنس شیء فسد ءرض بعد صلح خیر کون ءمن
7:86	قعد کلل صرط وعد صدد سبل ءله ءمن بغی عوج ذکر کون قلل کثر نظر کون عقب فسد
7:87	کون طوف ءمن رسل طوف ءمن صبر حکم ءله بین خیر حکم
7:88	قول ملء کبر قوم خرج شعب ءمن قری عود ملل قول کون کره
7:89	فری ءله کذب عود ملل بعد نجو ءله کون عود شیء ءله ربب وسع ربب کلل شیء علم ءله وکل ربب فتح بین بین قوم حقق خیر فتح
7:90	قول ملء کفر قوم تبع شعب خسر
7:91	ءخذ رجف صبح دور جثم
7:92	کذب شعب غنی کذب شعب کون خسر
7:93	ولی قول قوم بلغ رسل ربب نصح ءسی قوم کفر
7:94	رسل قری نبو ءخذ ءهل بءس ضرر ضرع
7:95	بدل کون سوء حسن عفو قول مسس ءبو ضرر سرر ءخذ بغت شعر
7:96	ءهل قری ءمن وقی فتح برک سمو ءرض کذب ءخذ کون کسب
7:97	ءمن ءهل قری ءتی بءس بیت نوم
7:98	ءمن ءهل قری ءتی بءس ضحو لعب
7:99	ءمن مکر ءله ءمن مکر ءله قوم خسر
7:100	هدی ورث ءرض بعد ءهل شیء صوب ذنب طبع قلب سمع
7:101	قری قصص نبء جیء رسل بین کون ءمن کذب قبل طبع ءله قلب کفر
7:102	وجد کثر عهد وجد کثر فسق
7:103	بعث بعد وسی ءیی فرعن ملء ظلم نظر کون عقب فسد
7:104	قول وسی فرعن رسل ربب علم
7:105	حقق قول ءله حقق جیء بین ربب رسل بنو
7:106	قول کون جیء ءیی ءتی کون صدق
7:107	لقی عصو ثعب بین
7:108	نزع یدی بیض نظر
7:109	قول ملء قوم فرعن سحر علم
7:110	رود خرج ءرض ذوی ءمر
7:111	قول رجا ءخو رسل مدن حشر
7:112	ءتی کلل سحر علم
7:113	جیء سحر فرعن قول ءجر کون غلب
7:114	قول قرب
7:115	قول وسی لقی کون لقی
7:116	قول لقی لقی سحر عین ءنس رهب جیء سحر عظم
7:117	وحی وسی لقی عصو لقف ءفک
7:118	وقع حقق بطل کون عمل
7:119	غلب قلب صغر
7:120	لقی سحر سجد
7:121	قول ءمن ربب علم
7:122	ربب وسی هرن
7:123	قول فرعن ءمن قبل ءذن مکر مکر مدن خرج ءهل علم
7:124	قطع یدی رجل خلف صلب جمع
7:125	قول ربب قلب
7:126	نقم ءمن ءیی ربب جیء ربب فرغ صبر وفی سلم
7:127	قول ملء قوم فرعن وذر وسی قوم فسد ءرض وذر ءله قول قتل بنو حیی نسو فوق قهر
7:128	قول وسی قوم عون ءله صبر ءرض ءله ورث شیء عبد عقب وقی
7:129	قول ءذی قبل ءتی بعد جیء قول عسی ربب هلک عدو خلف ءرض نظر عمل
7:130	ءخذ ءول فرعن سنو نقص ثمر ذکر
7:131	جیء حسن قول صوب سوء طیر وسی طیر عند ءله کثر علم
7:132	قول ءتی ءیی سحر ءمن
7:133	رسل طوف جرد قمل ضفدع دمو ءیی فصل کبر کون قوم جرم
7:134	وقع رجز قول وسی دعو ربب عهد عند کشف رجز ءمن رسل بنو
7:135	کشف رجز ءجل بلغ نکث
7:136	نقم غرق یمم کذب ءیی کون غفل
7:137	ورث قوم کون ضعف شرق ءرض غرب برک تمم کلم ربب حسن بنو صبر دمر کون صنع فرعن قوم کون عرش
7:138	جوز بنو بحر ءتی قوم عکف صنم قول وسی جعل ءله ءله قول قوم جهل
7:139	تبر بطل کون عمل
7:140	قول غیر ءله بغی ءله فضل علم
7:141	نجو ءول فرعن سوم سوء عذب قتل بنو حیی نسو بلو ربب عظم
7:142	وعد وسی ثلث لیل تمم عشر تمم وقت ربب ربع لیل قول وسی ءخو هرن خلف قوم صلح تبع سبل فسد
7:143	جیء وسی وقت کلم ربب قول ربب رءی نظر قول رءی نظر جبل قرر کون رءی جلو ربب جبل جعل دکک خرر وسی صعق فوق قول سبح توب ءول ءمن
7:144	قول وسی صفو ءنس رسل کلم ءخذ ءتی کون شکر
7:145	کتب لوح کلل شیء وعظ فصل کلل شیء ءخذ قوی ءمر قوم ءخذ حسن رءی دور فسق
7:146	صرف ءیی کبر ءرض غیر حقق رءی کلل ءیی ءمن رءی سبل رشد ءخذ سبل رءی سبل غوی ءخذ سبل کذب ءیی کون غفل
7:147	کذب ءیی لقی ءخر حبط عمل جزی کون عمل
7:148	ءخذ قوم وسی بعد حلی عجل جسد خور رءی کلم هدی سبل ءخذ کون ظلم
7:149	سقط یدی رءی ضلل قول رحم ربب غفر کون خسر
7:150	رجع وسی قوم غضب ءسف قول بءس خلف بعد عجل ءمر ربب لقی لوح ءخذ رءس ءخو جرر قول بنو ءمم قوم ضعف کود قتل شمت عدو جعل قوم ظلم
7:151	قول ربب غفر ءخو دخل رحم رحم رحم
7:152	ءخذ عجل نیل غضب ربب ذلل حیی دنو جزی فری
7:153	عمل سوء توب بعد ءمن ربب بعد غفر رحم
7:154	سکت وسی غضب ءخذ لوح نسخ هدی رحم ربب رهب
7:155	خیر وسی قوم سبع رجل وقت ءخذ رجف قول ربب شیء هلک قبل هلک فعل سفه فتن ضلل شیء هدی شیء ولی غفر رحم خیر غفر
7:156	کتب دنو حسن ءخر هود قول عذب صوب شیء رحم وسع کلل شیء کتب وقی ءتی زکو ءیی ءمن
7:157	تبع رسل نبو ءمم وجد کتب عند وری نجل ءمر عرف نهی نکر حلل طیب حرم خبث وضع ءصر غلل کون ءمن عزر نصر تبع نور نزل فلح
7:158	قول ءنس رسل ءله جمع ملک سمو ءرض ءله حیی موت ءمن ءله رسل نبو ءمم ءمن ءله کلم تبع هدی
7:159	قوم وسی ءمم هدی حقق عدل
7:160	قطع ثنی عشر سبط ءمم وحی وسی سقی قوم ضرب عصو حجر بجس ثنی عشر عین علم کلل ءنس شرب ظلل غمم نزل منن سلو ءکل طیب رزق ظلم کون نفس ظلم
7:161	قول سکن قری ءکل حیث شیء قول حطط دخل بوب سجد غفر خطء زید حسن
7:162	بدل ظلم قول غیر قول رسل رجز سمو کون ظلم
7:163	سءل قری کون حضر بحر عدو سبت ءتی حوت یوم سبت شرع یوم سبت ءتی بلو کون فسق
7:164	قول ءمم وعظ قوم ءله هلک عذب عذب شدد قول عذر ربب وقی
7:165	نسی ذکر نجو نهی سوء ءخذ ظلم عذب بءس کون فسق
7:166	عتو نهی قول کون قرد خسء
7:167	ءذن ربب بعث یوم قوم سوم سوء عذب ربب سرع عقب غفر رحم
7:168	قطع ءرض ءمم صلح دون بلو حسن سوء رجع
7:169	خلف بعد خلف ورث کتب ءخذ عرض دنو قول غفر ءتی عرض مثل ءخذ ءخذ وثق کتب قول ءله حقق درس دور ءخر خیر وقی عقل
7:170	مسک کتب قوم صلو ضیع ءجر صلح
7:171	نتق جبل فوق ظلل ظنن وقع ءخذ ءتی قوی ذکر وقی
7:172	ءخذ ربب بنو ءدم ظهر ذرر شهد نفس لیس ربب قول شهد قول یوم قوم کون غفل
7:173	قول شرک ءبو قبل کون ذرر بعد هلک فعل بطل
7:174	فصل ءیی رجع
7:175	تلو نبء ءتی ءیی سلخ تبع شطن کون غوی
7:176	شیء رفع خلد ءرض تبع هوی مثل مثل کلب حمل لهث ترک لهث مثل قوم کذب ءیی قصص قصص فکر
7:177	سوء مثل قوم کذب ءیی نفس کون ظلم
7:178	هدی ءله هدی ضلل خسر
7:179	ذرء جهنم کثر جنن ءنس قلب فقه عین بصر ءذن سمع نعم ضلل غفل
7:180	ءله سمو حسن دعو وذر لحد سمو جزی کون عمل
7:181	خلق ءمم هدی حقق عدل
7:182	کذب ءیی درج حیث علم
7:183	ملو کید متن
7:184	فکر صحب جنن نذر بین
7:185	نظر ملک سمو ءرض خلق ءله شیء عسی کون قرب ءجل حدث بعد ءمن
7:186	ضلل ءله هدی وذر طغی عمه
7:187	سءل سوع رسو قول علم عند ربب جلو وقت ثقل سمو ءرض ءتی بغت سءل حفو قول علم عند ءله کثر ءنس علم
7:188	قول ملک نفس نفع ضرر شیء ءله کون علم غیب کثر خیر مسس سوء نذر بشر قوم ءمن
7:189	خلق نفس وحد جعل زوج سکن غشو حمل حمل خفف مرر ثقل دعو ءله ربب ءتی صلح کون شکر
7:190	ءتی صلح جعل شرک ءتی علو ءله شرک
7:191	شرک خلق شیء خلق
7:192	طوع نصر نفس نصر
7:193	دعو هدی تبع سوو دعو صمت
7:194	دعو دون ءله عبد مثل دعو جوب کون صدق
7:195	رجل مشی یدی بطش عین بصر ءذن سمع قول دعو شرک کید نظر
7:196	ولی ءله نزل کتب ولی صلح
7:197	دعو دون طوع نصر نفس نصر
7:198	دعو هدی سمع رءی نظر بصر
7:199	ءخذ عفو ءمر عرف عرض جهل
7:200	نزغ شطن نزغ عوذ ءله سمع علم
7:201	وقی مسس طوف شطن ذکر بصر
7:202	ءخو مدد غوی قصر
7:203	ءتی ءیی قول جبی قول تبع وحی ربب بصر ربب هدی رحم قوم ءمن
7:204	قرء قرء سمع نصت رحم
7:205	ذکر ربب نفس ضرع خوف دون جهر قول غدو ءصل کون غفل
7:206	عند ربب کبر عبد سبح سجد
8:1	سءل نفل قول نفل ءله رسل وقی ءله صلح ذوی بین طوع ءله رسل کون ءمن
8:2	ءمن ذکر ءله وجل قلب تلو ءیی زید ءمن ربب وکل
8:3	قوم صلو رزق نفق
8:4	ءمن حقق درج عند ربب غفر رزق کرم
8:5	خرج ربب بیت حقق فرق ءمن کره
8:6	جدل حقق بعد بین سوق موت نظر
8:7	وعد ءله وحد طوف ودد غیر ذوی شوک کون رود ءله حقق حقق کلم قطع دبر کفر
8:8	حقق حقق بطل بطل کره جرم
8:9	غوث ربب جوب مدد ءلف ملک ردف
8:10	جعل ءله بشر طمءن قلب نصر عند ءله ءله عزز حکم
8:11	غشو نعس ءمن نزل سمو موه طهر ذهب رجز شطن ربط قلب ثبت قدم
8:12	وحی ربب ملک ثبت ءمن لقی قلب کفر رعب ضرب فوق عنق ضرب کلل بنن
8:13	شقق ءله رسل شقق ءله رسل ءله شدد عقب
8:14	ذوق کفر عذب نور
8:15	ءمن لقی کفر زحف ولی دبر
8:16	ولی یوم دبر حرف قتل حیز فءی بوء غضب ءله ءوی جهنم بءس صیر
8:17	قتل ءله قتل رمی رمی ءله رمی بلو ءمن بلو حسن ءله سمع علم
8:18	ءله وهن کید کفر
8:19	فتح جیء فتح نهی خیر عود عود غنی فءی شیء کثر ءله ءمن
8:20	ءمن طوع ءله رسل ولی سمع
8:21	کون قول سمع سمع
8:22	شرر دبب عند ءله صمم بکم عقل
8:23	علم ءله خیر سمع سمع ولی عرض
8:24	ءمن جوب ءله رسل دعو حیی علم ءله حول بین مرء قلب حشر
8:25	وقی فتن صوب ظلم خصص علم ءله شدد عقب
8:26	ذکر قلل ضعف ءرض خوف خطف ءنس ءوی ءید نصر رزق طیب شکر
8:27	ءمن خون ءله رسل خون ءمن علم
8:28	علم مول ولد فتن ءله عند ءجر عظم
8:29	ءمن وقی ءله جعل فرق کفر سوء غفر ءله ذوی فضل عظم
8:30	مکر کفر ثبت قتل خرج مکر مکر ءله ءله خیر مکر
8:31	تلو ءیی قول سمع شیء قول مثل سطر ءول
8:32	قول ءله کون حقق عند مطر حجر سمو ءتی عذب ءلم
8:33	کون ءله عذب کون ءله عذب غفر
8:34	عذب ءله صدد سجد حرم کون ولی ولی وقی کثر علم
8:35	کون صلو عند بیت مکو صدی ذوق عذب کون کفر
8:36	کفر نفق مول صدد سبل ءله نفق کون حسر غلب کفر جهنم حشر
8:37	میز ءله خبث طیب جعل خبث بعض بعض رکم جمع جعل جهنم خسر
8:38	قول کفر نهی غفر سلف عود مضی سنن ءول
8:39	قتل کون فتن کون دین کلل ءله نهی ءله عمل بصر
8:40	ولی علم ءله ولی نعم ولی نعم نصر
8:41	علم غنم شیء ءله خمس رسل ذوی قرب یتم سکن بنو سبل کون ءمن ءله نزل عبد یوم فرق یوم لقی جمع ءله کلل شیء قدر
8:42	عدو دنو عدو قصو رکب سفل وعد خلف وعد قضی ءله ءمر کون فعل هلک هلک بین حیی حیی بین ءله سمع علم
8:43	رءی ءله نوم قلل رءی کثر فشل نزع ءمر ءله سلم علم ذوی صدر
8:44	رءی لقی عین قلل قلل عین قضی ءله ءمر کون فعل ءله رجع ءمر
8:45	ءمن لقی فءی ثبت ذکر ءله کثر فلح
8:46	طوع ءله رسل نزع فشل ذهب روح صبر ءله صبر
8:47	کون خرج دور بطر رءی ءنس صدد سبل ءله ءله عمل حوط
8:48	زین شطن عمل قول غلب یوم ءنس جور رءی فءی نکص عقب قول برء رءی رءی خوف ءله ءله شدد عقب
8:49	قول نفق قلب مرض غرر دین وکل ءله ءله عزز حکم
8:50	رءی وفی کفر ملک ضرب وجه دبر ذوق عذب حرق
8:51	قدم یدی ءله لیس ظلم عبد
8:52	دءب ءول فرعن قبل کفر ءیی ءله ءخذ ءله ذنب ءله قوی شدد عقب
8:53	ءله کون غیر نعم نعم قوم غیر نفس ءله سمع علم
8:54	دءب ءول فرعن قبل کذب ءیی ربب هلک ذنب غرق ءول فرعن کلل کون ظلم
8:55	شرر دبب عند ءله کفر ءمن
8:56	عهد نقض عهد کلل مرر وقی
8:57	ثقف حرب شرد خلف ذکر
8:58	خوف قوم خون نبذ سوو ءله حبب خون
8:59	حسب کفر سبق عجز
8:60	عدد طوع قوی ربط خیل رهب عدو ءله عدو ءخر دون علم ءله علم نفق شیء سبل ءله وفی ظلم
8:61	جنح سلم جنح وکل ءله سمع علم
8:62	رود خدع حسب ءله ءید نصر ءمن
8:63	ءلف بین قلب نفق ءرض جمع ءلف بین قلب ءله ءلف بین عزز حکم
8:64	نبو حسب ءله تبع ءمن
8:65	نبو حرض ءمن قتل کون عشر صبر غلب مءی کون مءی غلب ءلف کفر قوم فقه
8:66	ءین خفف ءله علم ضعف کون مءی صبر غلب مءی کون ءلف غلب ءلف ءذن ءله ءله صبر
8:67	کون نبو کون ءسر ثخن ءرض رود عرض دنو ءله رود ءخر ءله عزز حکم
8:68	کتب ءله سبق مسس ءخذ عذب عظم
8:69	ءکل غنم حلل طیب وقی ءله ءله غفر رحم
8:70	نبو قول یدی ءسر علم ءله قلب خیر ءتی خیر ءخذ غفر ءله غفر رحم
8:71	رود خون خون ءله قبل مکن ءله علم حکم
8:72	ءمن هجر جهد مول نفس سبل ءله ءوی نصر بعض ولی بعض ءمن هجر ولی شیء هجر نصر دین نصر قوم بین بین وثق ءله عمل بصر
8:73	کفر بعض ولی بعض فعل کون فتن ءرض فسد کبر
8:74	ءمن هجر جهد سبل ءله ءوی نصر ءمن حقق غفر رزق کرم
8:75	ءمن بعد هجر جهد ءول رحم بعض ولی بعض کتب ءله ءله کلل شیء علم
9:1	برء ءله رسل عهد شرک
9:2	سیح ءرض ربع شهر علم غیر عجز ءله ءله خزی کفر
9:3	ءذن ءله رسل ءنس یوم حجج کبر ءله برء شرک رسل توب خیر ولی علم غیر عجز ءله بشر کفر عذب ءلم
9:4	عهد شرک نقص شیء ظهر وحد تمم عهد مدد ءله حبب وقی
9:5	سلخ شهر حرم قتل شرک حیث وجد ءخذ حصر قعد کلل رصد توب قوم صلو ءتی زکو خلو سبل ءله غفر رحم
9:6	وحد شرک جور جور سمع کلم ءله بلغ ءمن قوم علم
9:7	کون شرک عهد عند ءله عند رسل عهد عند سجد حرم قوم قوم ءله حبب وقی
9:8	ظهر رقب ءلل ذمم رضو فوه ءبی قلب کثر فسق
9:9	شری ءیی ءله ثمن قلل صدد سبل سوء کون عمل
9:10	رقب ءمن ءلل ذمم عدو
9:11	توب قوم صلو ءتی زکو ءخو دین فصل ءیی قوم علم
9:12	نکث یمن بعد عهد طعن دین قتل ءمم کفر یمن نهی
9:13	قتل قوم نکث یمن همم خرج رسل بدء ءول مرر خشی ءله حقق خشی کون ءمن
9:14	قتل عذب ءله یدی خزی نصر شفی صدر قوم ءمن
9:15	ذهب غیظ قلب توب ءله شیء ءله علم حکم
9:16	حسب ترک علم ءله جهد ءخذ دون ءله رسل ءمن ولج ءله خبر عمل
9:17	کون شرک عمر سجد ءله شهد نفس کفر حبط عمل نور خلد
9:18	عمر سجد ءله ءمن ءله یوم ءخر قوم صلو ءتی زکو خشی ءله عسی کون هدی
9:19	جعل سقی حجج عمر سجد حرم ءمن ءله یوم ءخر جهد سبل ءله سوو عند ءله ءله هدی قوم ظلم
9:20	ءمن هجر جهد سبل ءله مول نفس عظم درج عند ءله فوز
9:21	بشر ربب رحم رضو جنن نعم قوم
9:22	خلد ءبد ءله عند ءجر عظم
9:23	ءمن ءخذ ءبو ءخو ولی حبب کفر ءمن ولی ظلم
9:24	قول کون ءبو بنو ءخو زوج عشر مول قرف تجر خشی کسد سکن رضو حبب ءله رسل جهد سبل ربص ءتی ءله ءمر ءله هدی قوم فسق
9:25	نصر ءله وطن کثر یوم حنن عجب کثر غنی شیء ضیق ءرض رحب ولی دبر
9:26	نزل ءله سکن رسل ءمن نزل جند رءی عذب کفر جزی کفر
9:27	توب ءله بعد شیء ءله غفر رحم
9:28	ءمن شرک نجس قرب سجد حرم بعد عوم خوف عیل غنی ءله فضل شیء ءله علم حکم
9:29	قتل ءمن ءله یوم ءخر حرم حرم ءله رسل دین دین حقق ءتی کتب عطو جزی یدی صغر
9:30	قول هود عزر بنو ءله قول نصر مسح بنو ءله قول فوه ضهء قول کفر قبل قتل ءله ءفک
9:31	ءخذ حبر رهب ربب دون ءله مسح بنو ریم ءمر عبد ءله وحد ءله سبح شرک
9:32	رود طفء نور ءله فوه ءبی ءله تمم نور کره کفر
9:33	رسل رسل هدی دین حقق ظهر دین کلل کره شرک
9:34	ءمن کثر حبر رهب ءکل مول ءنس بطل صدد سبل ءله کنز ذهب فضض نفق سبل ءله بشر عذب ءلم
9:35	یوم حمی نور جهنم کوی جبه جنب ظهر کنز نفس ذوق کون کنز
9:36	عدد شهر عند ءله ثنی عشر شهر کتب ءله یوم خلق سمو ءرض ربع حرم دین قوم ظلم نفس قتل شرک کفف قتل کفف علم ءله وقی
9:37	نسء زید کفر ضلل کفر حلل عوم حرم عوم وطء عدد حرم ءله حلل حرم ءله زین سوء عمل ءله هدی قوم کفر
9:38	ءمن قول نفر سبل ءله ثقل ءرض رضو حیی دنو ءخر متع حیی دنو ءخر قلل
9:39	نفر عذب عذب ءلم بدل قوم غیر ضرر شیء ءله کلل شیء قدر
9:40	نصر نصر ءله خرج کفر ثنی ثنی غور قول صحب حزن ءله نزل ءله سکن ءید جند رءی جعل کلم کفر سفل کلم ءله علو ءله عزز حکم
9:41	نفر خفف ثقل جهد مول نفس سبل ءله خیر کون علم
9:42	کون عرض قرب سفر قصد تبع بعد شقق حلف ءله طوع خرج هلک نفس ءله علم کذب
9:43	عفو ءله ءذن بین صدق علم کذب
9:44	ءذن ءمن ءله یوم ءخر جهد مول نفس ءله علم وقی
9:45	ءذن ءمن ءله یوم ءخر ریب قلب ریب ردد
9:46	رود خرج عدد عدد کره ءله بعث ثبط قول قعد قعد
9:47	خرج زید خبل وضع خلل بغی فتن سمع ءله علم ظلم
9:48	بغی فتن قبل قلب ءمر جیء حقق ظهر ءمر ءله کره
9:49	قول ءذن فتن فتن سقط جهنم حوط کفر
9:50	صوب حسن سوء صوب صوب قول ءخذ ءمر قبل ولی فرح
9:51	قول صوب کتب ءله ولی ءله وکل ءمن
9:52	قول ربص وحد حسن ربص صوب ءله عذب عند یدی ربص ربص
9:53	قول نفق طوع کره قبل کون قوم فسق
9:54	منع قبل نفق کفر ءله رسل ءتی صلو کسل نفق کره
9:55	عجب مول ولد رود ءله عذب حیی دنو زهق نفس کفر
9:56	حلف ءله قوم فرق
9:57	وجد لجء غور دخل ولی جمح
9:58	لمز صدق عطو رضو عطو سخط
9:59	رضو ءتی ءله رسل قول حسب ءله ءتی ءله فضل رسل ءله رغب
9:60	صدق فقر سکن عمل ءلف قلب رقب غرم سبل ءله بنو سبل فرض ءله ءله علم حکم
9:61	ءذی نبو قول ءذن قول ءذن خیر ءمن ءله ءمن ءمن رحم ءمن ءذی رسل ءله عذب ءلم
9:62	حلف ءله رضو ءله رسل حقق رضو کون ءمن
9:63	علم حدد ءله رسل نور جهنم خلد خزی عظم
9:64	حذر نفق نزل سور نبء قلب قول هزء ءله خرج حذر
9:65	سءل قول کون خوض لعب قول ءله ءیی رسل کون هزء
9:66	عذر کفر بعد ءمن عفو طوف عذب طوف کون جرم
9:67	نفق نفق بعض بعض ءمر نکر نهی عرف قبض یدی نسی ءله نسی نفق فسق
9:68	وعد ءله نفق نفق کفر نور جهنم خلد حسب لعن ءله عذب قوم
9:69	قبل کون شدد قوی کثر مول ولد متع خلق متع خلق متع قبل خلق خوض خوض حبط عمل دنو ءخر خسر
9:70	ءتی نبء قبل قوم نوح عود ثمد قوم برهم صحب مدن ءفک ءتی رسل بین کون ءله ظلم کون نفس ظلم
9:71	ءمن ءمن بعض ولی بعض ءمر عرف نهی نکر قوم صلو ءتی زکو طوع ءله رسل رحم ءله ءله عزز حکم
9:72	وعد ءله ءمن ءمن جنن جری تحت نهر خلد سکن طیب جنن عدن رضو ءله کبر فوز عظم
9:73	نبو جهد کفر نفق غلظ ءوی جهنم بءس صیر
9:74	حلف ءله قول قول کلم کفر کفر بعد سلم همم نیل نقم غنی ءله رسل فضل توب کون خیر ولی عذب ءله عذب ءلم دنو ءخر ءرض ولی نصر
9:75	عهد ءله ءتی فضل صدق کون صلح
9:76	ءتی فضل بخل ولی عرض
9:77	عقب نفق قلب یوم لقی خلف ءله وعد کون کذب
9:78	علم ءله علم سرر نجو ءله علم غیب
9:79	لمز طوع ءمن صدق وجد جهد سخر سخر ءله عذب ءلم
9:80	غفر غفر غفر سبع مرر غفر ءله کفر ءله رسل ءله هدی قوم فسق
9:81	فرح خلف قعد خلف رسل ءله کره جهد مول نفس سبل ءله قول نفر حرر قول نور جهنم شدد حرر کون فقه
9:82	ضحک قلل بکی کثر جزی کون کسب
9:83	رجع ءله طوف ءذن خرج قول خرج ءبد قتل عدو رضو قعد ءول مرر قعد خلف
9:84	صلو وحد موت ءبد قوم قبر کفر ءله رسل موت فسق
9:85	عجب مول ولد رود ءله عذب دنو زهق نفس کفر
9:86	نزل سور ءمن ءله جهد رسل ءذن ءول طول قول وذر کون قعد
9:87	رضو کون خلف طبع قلب فقه
9:88	رسل ءمن جهد مول نفس خیر فلح
9:89	عدد ءله جنن جری تحت نهر خلد فوز عظم
9:90	جیء عذر عرب ءذن قعد کذب ءله رسل صوب کفر عذب ءلم
9:91	لیس ضعف مرض وجد نفق حرج نصح ءله رسل حسن سبل ءله غفر رحم
9:92	ءتی حمل قول وجد حمل ولی عین فیض دمع حزن وجد نفق
9:93	سبل ءذن غنی رضو کون خلف طبع ءله قلب علم
9:94	عذر رجع قول عذر ءمن نبء ءله خبر رءی ءله عمل رسل ردد علم غیب شهد نبء کون عمل
9:95	حلف ءله قلب عرض عرض رجس ءوی جهنم جزی کون کسب
9:96	حلف رضو رضو ءله رضو قوم فسق
9:97	عرب شدد کفر نفق جدر علم حدد نزل ءله رسل ءله علم حکم
9:98	عرب ءخذ نفق غرم ربص دور دور سوء ءله سمع علم
9:99	عرب ءمن ءله یوم ءخر ءخذ نفق قرب عند ءله صلو رسل قرب دخل ءله رحم ءله غفر رحم
9:100	سبق ءول هجر نصر تبع حسن رضو ءله رضو عدد جنن جری تحت نهر خلد ءبد فوز عظم
9:101	حول عرب نفق ءهل مدن مرد نفق علم علم عذب مرر ردد عذب عظم
9:102	ءخر عرف ذنب خلط عمل صلح ءخر سیء عسی ءله توب ءله غفر رحم
9:103	ءخذ مول صدق طهر زکو صلو صلو سکن ءله سمع علم
9:104	علم ءله قبل توب عبد ءخذ صدق ءله توب رحم
9:105	قول عمل رءی ءله عمل رسل ءمن ردد علم غیب شهد نبء کون عمل
9:106	ءخر رجو ءمر ءله عذب توب ءله علم حکم
9:107	ءخذ سجد ضرر کفر فرق بین ءمن رصد حرب ءله رسل قبل حلف رود حسن ءله شهد کذب
9:108	قوم ءبد سجد ءسس وقی ءول یوم حقق قوم رجل حبب طهر ءله حبب طهر
9:109	ءسس بنی وقی ءله رضو خیر ءسس بنی شفو جرف هور هور نور جهنم ءله هدی قوم ظلم
9:110	زیل بنی بنی ریب قلب قطع قلب ءله علم حکم
9:111	ءله شری ءمن نفس مول جنن قتل سبل ءله قتل قتل وعد حقق وری نجل قرء وفی عهد ءله بشر بیع بیع فوز عظم
9:112	توب عبد حمد سیح رکع سجد ءمر عرف نهی نکر حفظ حدد ءله بشر ءمن
9:113	کون نبو ءمن غفر شرک کون ءول قرب بعد بین صحب جحم
9:114	کون غفر برهم ءبو وعد وعد بین عدو ءله برء برهم ءوه حلم
9:115	کون ءله ضلل قوم بعد هدی بین وقی ءله کلل شیء علم
9:116	ءله ملک سمو ءرض حیی موت دون ءله ولی نصر
9:117	توب ءله نبو هجر نصر تبع سوع عسر بعد کود زیغ قلب فرق توب رءف رحم
9:118	ثلث خلف ضیق ءرض رحب ضیق نفس ظنن لجء ءله توب توب ءله توب رحم
9:119	ءمن وقی ءله کون صدق
9:120	کون ءهل مدن حول عرب خلف رسل ءله رغب نفس نفس صوب ظمء نصب خمص سبل ءله وطء وطء غیظ کفر نیل عدو نیل کتب عمل صلح ءله ضیع ءجر حسن
9:121	نفق نفق صغر کبر قطع ودی کتب جزی ءله حسن کون عمل
9:122	کون ءمن نفر کفف نفر کلل فرق طوف فقه دین نذر قوم رجع حذر
9:123	ءمن قتل ولی کفر وجد غلظ علم ءله وقی
9:124	نزل سور قول زید ءمن ءمن زید ءمن بشر
9:125	قلب مرض زید رجس رجس موت کفر
9:126	رءی فتن کلل عوم مرر مرر توب ذکر
9:127	نزل سور نظر بعض بعض رءی وحد صرف صرف ءله قلب قوم فقه
9:128	جیء رسل نفس عزز عنت حرص ءمن رءف رحم
9:129	ولی قول حسب ءله ءله وکل ربب عرش عظم
10:1	ءیی کتب حکم
10:2	کون ءنس عجب وحی رجل نذر ءنس بشر ءمن قدم صدق عند ربب قول کفر سحر بین
10:3	ربب ءله خلق سمو ءرض ستت یوم سوو عرش دبر ءمر شفع بعد ءذن ءله ربب عبد ذکر
10:4	رجع جمع وعد ءله حقق بدء خلق عود جزی ءمن عمل صلح قسط کفر شرب حمم عذب ءلم کون کفر
10:5	جعل شمس ضوء قمر نور قدر نزل علم عدد سنو حسب خلق ءله حقق فصل ءیی قوم علم
10:6	خلف لیل نهر خلق ءله سمو ءرض ءیی قوم وقی
10:7	رجو لقی رضو حیی دنو طمءن ءیی غفل
10:8	ءوی نور کون کسب
10:9	ءمن عمل صلح هدی ربب ءمن جری تحت نهر جنن نعم
10:10	دعو سبح ءله حیی سلم ءخر دعو حمد ءله ربب علم
10:11	عجل ءله ءنس شرر عجل خیر قضی ءجل وذر رجو لقی طغی عمه
10:12	مسس ءنس ضرر دعو جنب قعد قوم کشف ضرر مرر دعو ضرر مسس زین سرف کون عمل
10:13	هلک قرن قبل ظلم جیء رسل بین کون ءمن جزی قوم جرم
10:14	جعل خلف ءرض بعد نظر عمل
10:15	تلو ءیی بین قول رجو لقی ءتی قرء غیر بدل قول کون بدل لقی نفس تبع وحی خوف عصی ربب عذب یوم عظم
10:16	قول شیء ءله تلو دری لبث عمر قبل عقل
10:17	ظلم فری ءله کذب کذب ءیی فلح جرم
10:18	عبد دون ءله ضرر نفع قول شفع عند ءله قول نبء ءله علم سمو ءرض سبح علو شرک
10:19	کون ءنس ءمم وحد خلف کلم سبق ربب قضی بین خلف
10:20	قول نزل ءیی ربب قول غیب ءله نظر نظر
10:21	ذوق ءنس رحم بعد ضرر مسس مکر ءیی قول ءله سرع مکر رسل کتب مکر
10:22	سیر برر بحر کون فلک جری روح طیب فرح جیء روح عصف جیء موج کلل کون ظنن حوط دعو ءله خلص دین نجو کون شکر
10:23	نجو بغی ءرض غیر حقق ءنس بغی نفس متع حیی دنو رجع نبء کون عمل
10:24	مثل حیی دنو موه نزل سمو خلط نبت ءرض ءکل ءنس نعم ءخذ ءرض زخرف زین ظنن ءهل قدر ءتی ءمر لیل نهر جعل حصد غنی ءمس فصل ءیی قوم فکر
10:25	ءله دعو دور سلم هدی شیء صرط قوم
10:26	حسن حسن زید رهق وجه قتر ذلل صحب جنن خلد
10:27	کسب سوء جزی سوء مثل رهق ذلل ءله عصم غشو وجه قطع لیل ظلم صحب نور خلد
10:28	یوم حشر جمع قول شرک کون شرک زیل بین قول شرک کون عبد
10:29	کفی ءله شهد بین بین کون عبد غفل
10:30	بلو کلل نفس سلف ردد ءله ولی حقق ضلل کون فری
10:31	قول رزق سمو ءرض ملک سمع بصر خرج حیی موت خرج موت حیی دبر ءمر قول ءله قول وقی
10:32	ءله ربب حقق ذوی بعد حقق ضلل صرف
10:33	حقق کلم ربب فسق ءمن
10:34	قول شرک بدء خلق عود قول ءله بدء خلق عود ءفک
10:35	قول شرک هدی حقق قول ءله هدی حقق هدی حقق حقق تبع هدی هدی حکم
10:36	تبع کثر ظنن ظنن غنی حقق شیء ءله علم فعل
10:37	کون قرء فری دون ءله صدق بین یدی فصل کتب ریب ربب علم
10:38	قول فری قول ءتی سور مثل دعو طوع دون ءله کون صدق
10:39	کذب حوط علم ءتی ءول کذب قبل نظر کون عقب ظلم
10:40	ءمن ءمن ربب علم فسد
10:41	کذب قول عمل عمل برء عمل برء عمل
10:42	سمع سمع صمم کون عقل
10:43	نظر هدی عمی کون بصر
10:44	ءله ظلم ءنس شیء ءنس نفس ظلم
10:45	یوم حشر لبث سوع نهر عرف بین خسر کذب لقی ءله کون هدی
10:46	رءی بعض وعد وفی رجع ءله شهد فعل
10:47	کلل ءمم رسل جیء رسل قضی بین قسط ظلم
10:48	قول وعد کون صدق
10:49	قول ملک نفس ضرر نفع شیء ءله کلل ءمم ءجل جیء ءجل ءخر سوع قدم
10:50	قول رءی ءتی عذب بیت نهر ذوی عجل جرم
10:51	وقع ءمن ءین کون عجل
10:52	قول ظلم ذوق عذب خلد جزی کون کسب
10:53	نبء حقق قول ربب حقق عجز
10:54	کلل نفس ظلم ءرض فدی سرر ندم رءی عذب قضی بین قسط ظلم
10:55	ءله سمو ءرض وعد ءله حقق کثر علم
10:56	حیی موت رجع
10:57	ءنس جیء وعظ ربب شفی صدر هدی رحم ءمن
10:58	قول فضل ءله رحم فرح خیر جمع
10:59	قول رءی نزل ءله رزق جعل حرم حلل قول ءله ءذن ءله فری
10:60	ظنن فری ءله کذب یوم قوم ءله ذوی فضل ءنس کثر شکر
10:61	کون شءن تلو قرء عمل عمل کون شهد فیض عزب ربب ثقل ذرر ءرض سمو صغر کبر کتب بین
10:62	ولی ءله خوف حزن
10:63	ءمن کون وقی
10:64	بشر حیی دنو ءخر بدل کلم ءله فوز عظم
10:65	حزن قول عزز ءله جمع سمع علم
10:66	ءله سمو ءرض تبع دعو دون ءله شرک تبع ظنن خرص
10:67	جعل لیل سکن نهر بصر ءیی قوم سمع
10:68	قول ءخذ ءله ولد سبح غنی سمو ءرض عند سلط قول ءله علم
10:69	قول فری ءله کذب فلح
10:70	متع دنو رجع ذوق عذب شدد کون کفر
10:71	تلو نبء نوح قول قوم قوم کون کبر قوم ذکر ءیی ءله ءله وکل جمع ءمر شرک کون ءمر غمم قضی نظر
10:72	ولی سءل ءجر ءجر ءله ءمر کون سلم
10:73	کذب نجو فلک جعل خلف غرق کذب ءیی نظر کون عقب نذر
10:74	بعث بعد رسل قوم جیء بین کون ءمن کذب قبل طبع قلب عدو
10:75	بعث بعد وسی هرن فرعن ملء ءیی کبر کون قوم جرم
10:76	جیء حقق عند قول سحر بین
10:77	قول وسی قول حقق جیء سحر فلح سحر
10:78	قول جیء لفت وجد ءبو کون کبر ءرض ءمن
10:79	قول فرعن ءتی کلل سحر علم
10:80	جیء سحر قول وسی لقی لقی
10:81	لقی قول وسی جیء سحر ءله بطل ءله صلح عمل فسد
10:82	حقق ءله حقق کلم کره جرم
10:83	ءمن وسی ذرر قوم خوف فرعن ملء فتن فرعن علو ءرض سرف
10:84	قول وسی قوم کون ءمن ءله وکل کون سلم
10:85	قول ءله وکل ربب جعل فتن قوم ظلم
10:86	نجو رحم قوم کفر
10:87	وحی وسی ءخو بوء قوم مصر بیت جعل بیت قبل قوم صلو بشر ءمن
10:88	قول وسی ربب ءتی فرعن ملء زین مول حیی دنو ربب ضلل سبل ربب طمس مول شدد قلب ءمن رءی عذب ءلم
10:89	قول جوب دعو قوم تبع سبل علم
10:90	جوز بنو بحر تبع فرعن جند بغی عدو درک غرق قول ءمن ءله ءمن بنو سلم
10:91	ءین عصی قبل کون فسد
10:92	یوم نجو بدن کون خلف ءیی کثر ءنس ءیی غفل
10:93	بوء بنو بوء صدق رزق طیب خلف جیء علم ربب قضی بین یوم قوم کون خلف
10:94	کون شکک نزل سءل قرء کتب قبل جیء حقق ربب کون مری
10:95	کون کذب ءیی ءله کون خسر
10:96	حقق کلم ربب ءمن
10:97	جیء کلل ءیی رءی عذب ءلم
10:98	کون قری ءمن نفع ءمن قوم ءنس ءمن کشف عذب خزی حیی دنو متع حین
10:99	شیء ربب ءمن ءرض کلل جمع کره ءنس کون ءمن
10:100	کون نفس ءمن ءذن ءله جعل رجس عقل
10:101	قول نظر ذوی سمو ءرض غنی ءیی نذر قوم ءمن
10:102	نظر مثل یوم خلو قبل قول نظر نظر
10:103	نجو رسل ءمن حقق نجو ءمن
10:104	قول ءنس کون شکک دین عبد عبد دون ءله عبد ءله وفی ءمر کون ءمن
10:105	قوم وجه دین حنف کون شرک
10:106	دعو دون ءله نفع ضرر فعل ظلم
10:107	مسس ءله ضرر کشف رود خیر ردد فضل صوب شیء عبد غفر رحم
10:108	قول ءنس جیء حقق ربب هدی هدی نفس ضلل ضلل وکل
10:109	تبع وحی صبر حکم ءله خیر حکم
11:1	کتب حکم ءیی فصل لدن حکم خبر2
11:2	عبد ءله نذر بشر
11:3	غفر ربب توب متع متع حسن ءجل سمو ءتی کلل ذوی فضل فضل ولی خوف عذب یوم کبر
11:4	ءله رجع کلل شیء قدر
11:5	ثنی صدر خفی حین غشو ثوب علم سرر علن علم ذوی صدر
11:6	دبب ءرض ءله رزق علم قرر ودع کلل کتب بین
11:7	خلق سمو ءرض ستت یوم کون عرش موه بلو حسن عمل قول بعث بعد موت قول کفر سحر بین
11:8	ءخر عذب ءمم عدد قول حبس یوم ءتی لیس صرف حیق کون هزء
11:9	ذوق ءنس رحم نزع یءس کفر
11:10	ذوق نعم بعد ضرر مسس قول ذهب سوء فرح فخر
11:11	صبر عمل صلح غفر ءجر کبر
11:12	ترک بعض وحی ضیق صدر قول نزل کنز جیء ملک نذر ءله کلل شیء وکل
11:13	قول فری قول ءتی عشر سور مثل فری دعو طوع دون ءله کون صدق
11:14	جوب علم نزل علم ءله ءله سلم
11:15	کون رود حیی دنو زین وفی عمل بخس
11:16	لیس ءخر نور حبط صنع بطل کون عمل
11:17	کون بین ربب تلو شهد قبل کتب وسی ءمم رحم ءمن کفر حزب نور وعد کون مری حقق ربب کثر ءنس ءمن
11:18	ظلم فری ءله کذب عرض ربب قول شهد کذب ربب لعن ءله ظلم
11:19	صدد سبل ءله بغی عوج ءخر کفر
11:20	کون عجز ءرض کون دون ءله ولی ضعف عذب کون طوع سمع کون بصر
11:21	خسر نفس ضلل کون فری
11:22	جرم ءخر خسر
11:23	ءمن عمل صلح خبت ربب صحب جنن خلد
11:24	مثل فرق عمی صمم بصر سمع سوو مثل ذکر
11:25	رسل نوح قوم نذر بین
11:26	عبد ءله خوف عذب یوم ءلم
11:27	قول ملء کفر قوم رءی بشر مثل رءی تبع رذل بدو رءی رءی فضل ظنن کذب
11:28	قول قوم رءی کون بین ربب ءتی رحم عند عمی لزم کره
11:29	قوم سءل مول ءجر ءله طرد ءمن لقی ربب رءی قوم جهل
11:30	قوم نصر ءله طرد ذکر
11:31	قول عند خزن ءله علم غیب قول ملک قول زری عین ءتی ءله خیر ءله علم نفس ظلم
11:32	قول نوح جدل کثر جدل ءتی وعد کون صدق
11:33	قول ءتی ءله شیء عجز
11:34	نفع نصح رود نصح کون ءله رود غوی ربب رجع
11:35	قول فری قول فری جرم برء جرم
11:36	وحی نوح ءمن قوم ءمن بءس کون فعل
11:37	صنع فلک عین وحی خطب ظلم غرق
11:38	صنع فلک کلل مرر ملء قوم سخر قول سخر سخر سخر
11:39	علم ءتی عذب خزی حلل عذب قوم
11:40	جیء ءمر فور تنر قول حمل کلل زوج ثنی ءهل سبق قول ءمن ءمن قلل
11:41	قول رکب سمو ءله جری رسو ربب غفر رحم
11:42	جری موج جبل ندو نوح بنو کون عزل بنو رکب کون کفر
11:43	قول ءوی جبل عصم موه قول عصم یوم ءمر ءله رحم حول بین موج کون غرق
11:44	قول ءرض بلع موه سمو قلع غیض موه قضی ءمر سوو جود قول بعد قوم ظلم
11:45	ندو نوح ربب قول ربب بنو ءهل وعد حقق حکم حکم
11:46	قول نوح لیس ءهل عمل غیر صلح سءل لیس علم وعظ کون جهل
11:47	قول ربب عوذ سءل لیس علم غفر رحم کون خسر
11:48	قول نوح هبط سلم برک ءمم ءمم متع مسس عذب ءلم
11:49	نبء غیب وحی کون علم قوم قبل صبر عقب وقی
11:50	عود ءخو هود قول قوم عبد ءله ءله غیر فری
11:51	قوم سءل ءجر ءجر فطر عقل
11:52	قوم غفر ربب توب رسل سمو درر زید قوی قوی ولی جرم
11:53	قول هود جیء بین ترک ءله قول ءمن
11:54	قول عرو بعض ءله سوء قول شهد ءله شهد برء شرک
11:55	دون کید جمع نظر
11:56	وکل ءله ربب ربب دبب ءخذ نصو ربب صرط قوم
11:57	ولی بلغ رسل خلف ربب قوم غیر ضرر شیء ربب کلل شیء حفظ
11:58	جیء ءمر نجو هود ءمن رحم نجو عذب غلظ
11:59	عود جحد ءیی ربب عصی رسل تبع ءمر کلل جبر عند
11:60	تبع دنو لعن یوم قوم عود کفر ربب بعد عود قوم هود
11:61	ثمد ءخو صلح قول قوم عبد ءله ءله غیر نشء ءرض عمر غفر توب ربب قرب جوب
11:62	قول صلح کون رجو قبل نهی عبد عبد ءبو شکک دعو ریب
11:63	قول قوم رءی کون بین ربب ءتی رحم نصر ءله عصی زید غیر خسر
11:64	قوم نوق ءله ءیی وذر ءکل ءرض ءله مسس سوء ءخذ عذب قرب
11:65	عقر قول متع دور ثلث یوم وعد غیر کذب
11:66	جیء ءمر نجو صلح ءمن رحم خزی یوم ربب قوی عزز
11:67	ءخذ ظلم صیح صبح دور جثم
11:68	غنی ثمد کفر ربب بعد ثمد
11:69	جیء رسل برهم بشر قول سلم قول سلم لبث جیء عجل حنذ
11:70	رءی یدی وصل نکر وجس خوف قول خوف رسل قوم لوط
11:71	مرء قوم ضحک بشر سحق وری سحق عقب
11:72	قول ویل ولد عجز بعل شیخ شیء عجب
11:73	قول عجب ءمر ءله رحم ءله برک ءهل بیت حمد مجد
11:74	ذهب برهم روع جیء بشر جدل قوم لوط
11:75	برهم حلم ءوه نوب
11:76	برهم عرض جیء ءمر ربب ءتی عذب غیر ردد
11:77	جیء رسل لوط سوء ضیق ذرع قول یوم عصب
11:78	جیء قوم هرع قبل کون عمل سوء قول قوم بنو طهر وقی ءله خزی ضیف لیس رجل رشد
11:79	قول علم بنو حقق علم رود
11:80	قول قوی ءوی رکن شدد
11:81	قول لوط رسل ربب وصل سری ءهل قطع لیل لفت وحد مرء صوب صوب وعد صبح لیس صبح قرب
11:82	جیء ءمر جعل علو سفل مطر حجر سجل نضد
11:83	سوم عند ربب ظلم بعد
11:84	مدن ءخو شعب قول قوم عبد ءله ءله غیر نقص کیل وزن رءی خیر خوف عذب یوم حوط
11:85	قوم وفی کیل وزن قسط بخس ءنس شیء عثو ءرض فسد
11:86	بقی ءله خیر کون ءمن حفظ
11:87	قول شعب صلو ءمر ترک عبد ءبو فعل مول شیء حلم رشد
11:88	قول قوم رءی کون بین ربب رزق رزق حسن رود خلف نهی رود صلح طوع وفق ءله وکل نوب
11:89	قوم جرم شقق صوب مثل صوب قوم نوح قوم هود قوم صلح قوم لوط بعد
11:90	غفر ربب توب ربب رحم ودد
11:91	قول شعب فقه کثر قول رءی ضعف رهط رجم عزز
11:92	قول قوم رهط عزز ءله ءخذ وری ظهر ربب عمل حوط
11:93	قوم عمل کون عمل علم ءتی عذب خزی کذب رقب رقب
11:94	جیء ءمر نجو شعب ءمن رحم ءخذ ظلم صیح صبح دور جثم
11:95	غنی بعد مدن بعد ثمد
11:96	رسل وسی ءیی سلط بین
11:97	فرعن ملء تبع ءمر فرعن ءمر فرعن رشد
11:98	قدم قوم یوم قوم ورد نور بءس ورد ورد
11:99	تبع لعن یوم قوم بءس رفد رفد
11:100	نبء قری قصص قوم حصد
11:101	ظلم ظلم نفس غنی ءله دعو دون ءله شیء جیء ءمر ربب زید غیر تبب
11:102	ءخذ ربب ءخذ قری ظلم ءخذ ءلم شدد
11:103	ءیی خوف عذب ءخر یوم جمع ءنس یوم شهد
11:104	ءخر ءجل عدد
11:105	یوم ءتی کلم نفس ءذن شقو سعد
11:106	شقو نور زفر شهق
11:107	خلد دوم سمو ءرض شیء ربب ربب فعل رود
11:108	سعد جنن خلد دوم سمو ءرض شیء ربب عطو غیر جذذ
11:109	کون مری عبد عبد عبد ءبو قبل وفی نصب غیر نقص
11:110	ءتی وسی کتب خلف کلم سبق ربب قضی بین شکک ریب
11:111	کلل وفی ربب عمل عمل خبر
11:112	قوم ءمر توب طغی عمل بصر
11:113	رکن ظلم مسس نور دون ءله ولی نصر
11:114	قوم صلو طرف نهر زلف لیل حسن ذهب سوء ذکر ذکر
11:115	صبر ءله ضیع ءجر حسن
11:116	کون قرن قبل ءول بقی نهی فسد ءرض قلل نجو تبع ظلم ترف کون جرم
11:117	کون ربب هلک قری ظلم ءهل صلح
11:118	شیء ربب جعل ءنس ءمم وحد زیل خلف
11:119	رحم ربب خلق تمم کلم ربب ملء جهنم جنن ءنس جمع
11:120	کلل قصص نبء رسل ثبت فءد جیء حقق وعظ ذکر ءمن
11:121	قول ءمن عمل کون عمل
11:122	نظر نظر
11:123	ءله غیب سمو ءرض رجع ءمر کلل عبد وکل ربب غفل عمل
12:1	ءیی کتب بین
12:2	نزل قرء عرب عقل
12:3	قصص حسن قصص وحی قرء کون قبل غفل
12:4	قول ءسف ءبو ءبو رءی وحد عشر کوکب شمس قمر رءی سجد
12:5	قول بنو قصص رءی ءخو کید کید شطن ءنس عدو بین
12:6	جبی ربب علم ءول حدث تمم نعم ءول عقب تمم ءبو قبل برهم سحق ربب علم حکم
12:7	کون ءسف ءخو ءیی سءل
12:8	قول ءسف ءخو حبب ءبو عصب ءبو ضلل بین
12:9	قتل ءسف طرح ءرض خلو وجه ءبو کون بعد قوم صلح
12:10	قول قول قتل ءسف لقی غیب جبب لقط بعض سیر کون فعل
12:11	قول ءبو ءمن ءسف نصح
12:12	رسل غدو رتع لعب حفظ
12:13	قول حزن ذهب خوف ءکل ذءب غفل
12:14	قول ءکل ذءب عصب خسر
12:15	ذهب جمع جعل غیب جبب وحی نبء ءمر شعر
12:16	جیء ءبو عشو بکی
12:17	قول ءبو ذهب سبق ترک ءسف عند متع ءکل ذءب ءمن کون صدق
12:18	جیء قمص دمو کذب قول سول نفس ءمر صبر جمل ءله عون وصف
12:19	جیء سیر رسل ورد دلو دلو قول بشر غلم سرر بضع ءله علم عمل
12:20	شری ثمن بخس درهم عدد کون زهد
12:21	قول شری مصر مرء کرم ثوی عسی نفع ءخذ ولد مکن ءسف ءرض علم ءول حدث ءله غلب ءمر کثر ءنس علم
12:22	بلغ شدد ءتی حکم علم جزی حسن
12:23	رود بیت نفس غلق بوب قول هیت قول عوذ ءله ربب حسن ثوی فلح ظلم
12:24	همم همم رءی برهن ربب صرف سوء فحش عبد خلص
12:25	سبق بوب قدد قمص دبر لفو سود لدی بوب قول جزی رود ءهل سوء سجن عذب ءلم
12:26	قول رود نفس شهد شهد ءهل کون قمص قدد قبل صدق کذب
12:27	کون قمص قدد دبر کذب صدق
12:28	رءی قمص قدد دبر قول کید کید عظم
12:29	ءسف عرض غفر ذنب کون خطء
12:30	قول نسو مدن مرء عزز رود فتی نفس شغف حبب رءی ضلل بین
12:31	سمع مکر رسل عتد وکء ءتی کلل وحد سکن قول خرج رءی کبر قطع یدی قول حوش ءله بشر ملک کرم
12:32	قول لوم رود نفس عصم فعل ءمر سجن کون صغر
12:33	قول ربب سجن حبب دعو صرف کید صبو کون جهل
12:34	جوب ربب صرف کید سمع علم
12:35	بدو بعد رءی ءیی سجن حین
12:36	دخل سجن فتی قول وحد رءی عصر خمر قول ءخر رءی حمل فوق رءس خبز ءکل طیر نبء ءول رءی حسن
12:37	قول ءتی طعم رزق نبء ءول قبل ءتی علم ربب ترک ملل قوم ءمن ءله ءخر کفر
12:38	تبع ملل ءبو برهم سحق عقب کون شرک ءله شیء فضل ءله ءنس کثر ءنس شکر
12:39	صحب سجن ربب فرق خیر ءله وحد قهر
12:40	عبد دون سمو سمو ءبو نزل ءله سلط حکم ءله ءمر عبد دین قوم کثر ءنس علم
12:41	صحب سجن وحد سقی ربب خمر ءخر صلب ءکل طیر رءس قضی ءمر فتی
12:42	قول ظنن نجو ذکر عند ربب نسی شطن ذکر ربب لبث سجن بضع سنو
12:43	قول ملک رءی سبع بقر سمن ءکل سبع عجف سبع سنبل خضر ءخر یبس ملء فتی رءی کون رءی عبر
12:44	قول ضغث حلم ءول حلم علم
12:45	قول نجو ذکر بعد ءمم نبء ءول رسل
12:46	ءسف صدق فتی سبع بقر سمن ءکل سبع عجف سبع سنبل خضر ءخر یبس رجع ءنس علم
12:47	قول زرع سبع سنو دءب حصد وذر سنبل قلل ءکل
12:48	ءتی بعد سبع شدد ءکل قدم قلل حصن
12:49	ءتی بعد عوم غیث ءنس عصر
12:50	قول ملک ءتی جیء رسل قول رجع ربب سءل بول نسو قطع یدی ربب کید علم
12:51	قول خطب رود ءسف نفس قول حوش ءله علم سوء قول مرء عزز ءین حصحص حقق رود نفس صدق
12:52	علم خون غیب ءله هدی کید خون
12:53	برء نفس نفس ءمر سوء رحم ربب ربب غفر رحم
12:54	قول ملک ءتی خلص نفس کلم قول یوم لدی مکن ءمن
12:55	قول جعل خزن ءرض حفظ علم
12:56	مکن ءسف ءرض بوء حیث شیء صوب رحم شیء ضیع ءجر حسن
12:57	ءجر ءخر خیر ءمن کون وقی
12:58	جیء ءخو ءسف دخل عرف نکر
12:59	جهز جهز قول ءتی ءخو ءبو رءی وفی کیل خیر نزل
12:60	ءتی کیل عند قرب
12:61	قول رود ءبو فعل
12:62	قول فتی جعل بضع رحل عرف قلب ءهل رجع
12:63	رجع ءبو قول ءبو منع کیل رسل ءخو کیل حفظ
12:64	قول ءمن ءمن ءخو قبل ءله خیر حفظ رحم رحم
12:65	فتح متع وجد بضع ردد قول ءبو بغی بضع ردد میر ءهل حفظ ءخو زید کیل بعر کیل یسر
12:66	قول رسل ءتی وثق ءله ءتی حوط ءتی وثق قول ءله قول وکل
12:67	قول بنو دخل بوب وحد دخل بوب فرق غنی ءله شیء حکم ءله وکل وکل وکل
12:68	دخل حیث ءمر ءبو کون غنی ءله شیء حوج نفس عقب قضی ذوی علم علم کثر ءنس علم
12:69	دخل ءسف ءوی ءخو قول ءخو بءس کون عمل
12:70	جهز جهز جعل سقی رحل ءخو ءذن ءذن عیر سرق
12:71	قول قبل ذوی فقد
12:72	قول فقد صوع ملک جیء حمل بعر زعم
12:73	قول ءله علم جیء فسد ءرض کون سرق
12:74	قول جزی کون کذب
12:75	قول جزی وجد رحل جزی جزی ظلم
12:76	بدء وعی قبل وعی ءخو خرج وعی ءخو کید ءسف کون ءخذ ءخو دین ملک شیء ءله رفع درج شیء فوق کلل ذوی علم علم
12:77	قول سرق سرق ءخو قبل سرر ءسف نفس بدو قول شرر کون ءله علم وصف
12:78	قول عزز ءبو شیخ کبر ءخذ وحد کون رءی حسن
12:79	قول عوذ ءله ءخذ وجد متع عند ظلم
12:80	یءس خلص نجو قول کبر علم ءبو ءخذ وثق ءله قبل فرط ءسف برح ءرض ءذن ءبو حکم ءله خیر حکم
12:81	رجع ءبو قول ءبو بنو سرق شهد علم کون غیب حفظ
12:82	سءل قری کون عیر قبل صدق
12:83	قول سول نفس ءمر صبر جمل عسی ءله ءتی جمع علم حکم
12:84	ولی قول ءسف ءسف بیض عین حزن کظم
12:85	قول ءله فتء ذکر ءسف کون حرض کون هلک
12:86	قول شکو بثث حزن ءله علم ءله علم
12:87	بنو ذهب حسس ءسف ءخو یءس روح ءله یءس روح ءله قوم کفر
12:88	دخل قول عزز مسس ءهل ضرر جیء بضع زجو وفی کیل صدق ءله جزی صدق
12:89	قول علم فعل ءسف ءخو جهل
12:90	قول ءسف قول ءسف ءخو منن ءله وقی صبر ءله ضیع ءجر حسن
12:91	قول ءله ءثر ءله کون خطء
12:92	قول ثرب یوم غفر ءله رحم رحم
12:93	ذهب قمص لقی وجه ءبو ءتی بصر ءتی ءهل جمع
12:94	فصل عیر قول ءبو وجد روح ءسف فند
12:95	قول ءله ضلل قدم
12:96	جیء بشر لقی وجه ردد بصر قول قول علم ءله علم
12:97	قول ءبو غفر ذنب کون خطء
12:98	قول غفر ربب غفر رحم
12:99	دخل ءسف ءوی ءبو قول دخل مصر شیء ءله ءمن
12:100	رفع ءبو عرش خرر سجد قول ءبو ءول رءی قبل جعل ربب حقق حسن خرج سجن جیء بدو بعد نزغ شطن بین بین ءخو ربب لطف شیء علم حکم
12:101	ربب ءتی ملک علم ءول حدث فطر سمو ءرض ولی دنو ءخر وفی سلم لحق صلح
12:102	نبء غیب وحی کون لدی جمع ءمر مکر
12:103	کثر ءنس حرص ءمن
12:104	سءل ءجر ذکر علم
12:105	ءیی سمو ءرض مرر عرض
12:106	ءمن کثر ءله شرک
12:107	ءمن ءتی غشو عذب ءله ءتی سوع بغت شعر
12:108	قول سبل دعو ءله بصر تبع سبح ءله شرک
12:109	رسل قبل رجل وحی ءهل قری سیر ءرض نظر کون عقب قبل دور ءخر خیر وقی عقل
12:110	یءس رسل ظنن کذب جیء نصر نجو شیء ردد بءس قوم جرم
12:111	کون قصص عبر ءول لبب کون حدث فری صدق بین یدی فصل کلل شیء هدی رحم قوم ءمن
13:1	ءیی کتب نزل ربب حقق کثر ءنس ءمن
13:2	ءله رفع سمو غیر عمد رءی سوو عرش سخر شمس قمر کلل جری ءجل سمو دبر ءمر فصل ءیی لقی ربب یقن
13:3	مدد ءرض جعل رسو نهر کلل ثمر جعل زوج ثنی غشو لیل نهر ءیی قوم فکر
13:4	ءرض قطع جور جنن عنب زرع نخل صنو غیر صنو سقی موه وحد فضل بعض بعض ءکل ءیی قوم عقل
13:5	عجب عجب قول کون ترب خلق جدد کفر ربب غلل عنق صحب نور خلد
13:6	عجل سوء قبل حسن خلو قبل مثل ربب ذوی غفر ءنس ظلم ربب شدد عقب
13:7	قول کفر نزل ءیی ربب نذر کلل قوم هدی
13:8	ءله علم حمل کلل ءنث غیض رحم زید کلل شیء عند قدر
13:9	علم غیب شهد کبر علو
13:10	سوو سرر قول جهر خفی لیل سرب نهر
13:11	عقب بین یدی خلف حفظ ءمر ءله ءله غیر قوم غیر نفس رود ءله قوم سوء ردد دون ولی
13:12	رءی برق خوف طمع نشء سحب ثقل
13:13	سبح رعد حمد ملک خوف رسل صعق صوب شیء جدل ءله شدد محل
13:14	دعو حقق دعو دون جوب شیء بسط کفف موه بلغ فوه بلغ دعو کفر ضلل
13:15	ءله سجد سمو ءرض طوع کره ظلل غدو ءصل
13:16	قول ربب سمو ءرض قول ءله قول ءخذ دون ولی ملک نفس نفع ضرر قول سوو عمی بصر سوو ظلم نور جعل ءله شرک خلق خلق شبه خلق قول ءله خلق کلل شیء وحد قهر
13:17	نزل سمو موه سیل ودی قدر حمل سیل زبد ربو وقد نور بغی حلی متع زبد مثل ضرب ءله حقق بطل زبد ذهب جفء نفع ءنس مکث ءرض ضرب ءله مثل
13:18	جوب ربب حسن جوب ءرض جمع مثل فدی سوء حسب ءوی جهنم بءس مهد
13:19	علم نزل ربب حقق عمی ذکر ءول لبب
13:20	وفی عهد ءله نقض وثق
13:21	وصل ءمر ءله وصل خشی ربب خوف سوء حسب
13:22	صبر بغی وجه ربب قوم صلو نفق رزق سرر علن درء حسن سوء عقب دور
13:23	جنن عدن دخل صلح ءبو زوج ذرر ملک دخل کلل بوب
13:24	سلم صبر نعم عقب دور
13:25	نقض عهد ءله بعد وثق قطع ءمر ءله وصل فسد ءرض لعن سوء دور
13:26	ءله بسط رزق شیء قدر فرح حیی دنو حیی دنو ءخر متع
13:27	قول کفر نزل ءیی ربب قول ءله ضلل شیء هدی نوب
13:28	ءمن طمءن قلب ذکر ءله ذکر ءله طمءن قلب
13:29	ءمن عمل صلح طیب حسن ءوب
13:30	رسل ءمم خلو قبل ءمم تلو وحی کفر رحم قول ربب ءله وکل توب
13:31	قرء سیر جبل قطع ءرض کلم موت ءله ءمر جمع یءس ءمن شیء ءله هدی ءنس جمع زیل کفر صوب صنع قرع حلل قرب دور ءتی وعد ءله ءله خلف وعد
13:32	هزء رسل قبل ملو کفر ءخذ کون عقب
13:33	قوم کلل نفس کسب جعل ءله شرک قول سمو نبء علم ءرض ظهر قول زین کفر مکر صدد سبل ضلل ءله هدی
13:34	عذب حیی دنو عذب ءخر شقق ءله وقی
13:35	مثل جنن وعد وقی جری تحت نهر ءکل دوم ظلل عقب وقی عقب کفر نور
13:36	ءتی کتب فرح نزل حزب نکر بعض قول ءمر عبد ءله شرک دعو ءوب
13:37	نزل حکم عرب تبع هوی بعد جیء علم ءله ولی وقی
13:38	رسل رسل قبل جعل زوج ذرر کون رسل ءتی ءیی ءذن ءله کلل ءجل کتب
13:39	محو ءله شیء ثبت عند ءمم کتب
13:40	رءی بعض وعد وفی بلغ حسب
13:41	رءی ءتی ءرض نقص طرف ءله حکم عقب حکم سرع حسب
13:42	مکر قبل ءله مکر جمع علم کسب کلل نفس علم کفر عقب دور
13:43	قول کفر لیس رسل قول کفی ءله شهد بین بین عند علم کتب
14:1	کتب نزل خرج ءنس ظلم نور ءذن ربب صرط عزز حمد
14:2	ءله سمو ءرض ویل کفر عذب شدد
14:3	حبب حیی دنو ءخر صدد سبل ءله بغی عوج ضلل بعد
14:4	رسل رسل لسن قوم بین ضلل ءله شیء هدی شیء عزز حکم
14:5	رسل وسی ءیی خرج قوم ظلم نور ذکر یوم ءله ءیی کلل صبر شکر
14:6	قول وسی قوم ذکر نعم ءله نجو ءول فرعن سوم سوء عذب ذبح بنو حیی نسو بلو ربب عظم
14:7	ءذن ربب شکر زید کفر عذب شدد
14:8	قول وسی کفر ءرض جمع ءله غنی حمد
14:9	ءتی نبء قبل قوم نوح عود ثمد بعد علم ءله جیء رسل بین ردد یدی فوه قول کفر رسل شکک دعو ریب
14:10	قول رسل ءله شکک فطر سمو ءرض دعو غفر ذنب ءخر ءجل سمو قول بشر مثل رود صدد کون عبد ءبو ءتی سلط بین
14:11	قول رسل بشر مثل ءله منن شیء عبد کون ءتی سلط ءذن ءله ءله وکل ءمن
14:12	وکل ءله هدی سبل صبر ءذی ءله وکل وکل
14:13	قول کفر رسل خرج ءرض عود ملل وحی ربب هلک ظلم
14:14	سکن ءرض بعد خوف قوم خوف وعد
14:15	فتح خیب کلل جبر عند
14:16	وری جهنم سقی موه صدد
14:17	جرع کود سوغ ءتی موت کلل کون موت وری عذب غلظ
14:18	مثل کفر ربب عمل رمد شدد روح یوم عصف قدر کسب شیء ضلل بعد
14:19	رءی ءله خلق سمو ءرض حقق شیء ذهب ءتی خلق جدد
14:20	ءله عزز
14:21	برز ءله جمع قول ضعف کبر کون تبع غنی عذب ءله شیء قول هدی ءله هدی سوو جزع صبر حیص
14:22	قول شطن قضی ءمر ءله وعد وعد حقق وعد خلف کون سلط دعو جوب لوم لوم نفس صرخ صرخ کفر شرک قبل ظلم عذب ءلم
14:23	دخل ءمن عمل صلح جنن جری تحت نهر خلد ءذن ربب حیی سلم
14:24	رءی ضرب ءله مثل کلم طیب شجر طیب ءصل ثبت فرع سمو
14:25	ءتی ءکل کلل حین ءذن ربب ضرب ءله مثل ءنس ذکر
14:26	مثل کلم خبث شجر خبث جثث فوق ءرض قرر
14:27	ثبت ءله ءمن قول ثبت حیی دنو ءخر ضلل ءله ظلم فعل ءله شیء
14:28	رءی بدل نعم ءله کفر حلل قوم دور بور
14:29	جهنم صلی بءس قرر
14:30	جعل ءله ندد ضلل سبل قول متع صیر نور
14:31	قول عبد ءمن قوم صلو نفق رزق سرر علن قبل ءتی یوم بیع خلل
14:32	ءله خلق سمو ءرض نزل سمو موه خرج ثمر رزق سخر فلک جری بحر ءمر سخر نهر
14:33	سخر شمس قمر دءب سخر لیل نهر
14:34	ءتی کلل سءل عدد نعم ءله حصی ءنس ظلم کفر
14:35	قول برهم ربب جعل بلد ءمن جنب بنو عبد صنم
14:36	ربب ضلل کثر ءنس تبع عصی غفر رحم
14:37	ربب سکن ذرر ودی غیر ذوی زرع عند بیت حرم ربب قوم صلو جعل فءد ءنس هوی رزق ثمر شکر
14:38	ربب علم خفی علن خفی ءله شیء ءرض سمو
14:39	حمد ءله وهب کبر سحق ربب سمع دعو
14:40	ربب جعل قوم صلو ذرر ربب قبل دعو
14:41	ربب غفر ولد ءمن یوم قوم حسب
14:42	حسب ءله غفل عمل ظلم ءخر یوم شخص بصر
14:43	هطع قنع رءس ردد طرف فءد هوی
14:44	نذر ءنس یوم ءتی عذب قول ظلم ربب ءخر ءجل قرب جوب دعو تبع رسل کون قسم قبل زول
14:45	سکن سکن ظلم نفس بین فعل ضرب مثل
14:46	مکر مکر عند ءله مکر کون مکر زول جبل
14:47	حسب ءله خلف وعد رسل ءله عزز ذوی نقم
14:48	یوم بدل ءرض غیر ءرض سمو برز ءله وحد قهر
14:49	رءی جرم یوم قرن صفد
14:50	سربل قطر غشو وجه نور
14:51	جزی ءله کلل نفس کسب ءله سرع حسب
14:52	بلغ ءنس نذر علم ءله وحد ذکر ءول لبب
15:1	ءیی کتب قرء بین
15:2	ودد کفر کون سلم
15:3	وذر ءکل متع لهو ءمل علم
15:4	هلک قری کتب علم
15:5	سبق ءمم ءجل ءخر
15:6	قول نزل ذکر جنن
15:7	ءتی ملک کون صدق
15:8	نزل ملک حقق کون نظر
15:9	نزل ذکر حفظ
15:10	رسل قبل شیع ءول
15:11	ءتی رسل کون هزء
15:12	سلک قلب جرم
15:13	ءمن خلو سنن ءول
15:14	فتح بوب سمو ظلل عرج
15:15	قول سکر بصر قوم سحر
15:16	جعل سمو برج زین نظر
15:17	حفظ کلل شطن رجم
15:18	سرق سمع تبع شهب بین
15:19	ءرض مدد لقی رسو نبت کلل شیء وزن
15:20	جعل عیش لیس رزق
15:21	شیء عند خزن نزل قدر علم
15:22	رسل روح لقح نزل سمو موه سقی خزن
15:23	حیی موت ورث
15:24	علم قدم علم ءخر
15:25	ربب حشر حکم علم
15:26	خلق ءنس صلصل حمء سنن
15:27	جنن خلق قبل نور سمم
15:28	قول ربب ملک خلق بشر صلصل حمء سنن
15:29	سوو نفخ روح وقع سجد
15:30	سجد ملک کلل جمع
15:31	بلس ءبی کون سجد
15:32	قول بلس کون سجد
15:33	قول کون سجد بشر خلق صلصل حمء سنن
15:34	قول خرج رجم
15:35	لعن یوم دین
15:36	قول ربب نظر یوم بعث
15:37	قول نظر
15:38	یوم وقت علم
15:39	قول ربب غوی زین ءرض غوی جمع
15:40	عبد خلص
15:41	قول صرط قوم
15:42	عبد لیس سلط تبع غوی
15:43	جهنم وعد جمع
15:44	سبع بوب کلل بوب جزء قسم
15:45	وقی جنن عین
15:46	دخل سلم ءمن
15:47	نزع صدر غلل ءخو سرر قبل
15:48	مسس نصب خرج
15:49	نبء عبد غفر رحم
15:50	عذب عذب ءلم
15:51	نبء ضیف برهم
15:52	دخل قول سلم قول وجل
15:53	قول وجل بشر غلم علم
15:54	قول بشر مسس کبر بشر
15:55	قول بشر حقق کون قنط
15:56	قول قنط رحم ربب ضلل
15:57	قول خطب رسل
15:58	قول رسل قوم جرم
15:59	ءول لوط نجو جمع
15:60	مرء قدر غبر
15:61	جیء ءول لوط رسل
15:62	قول قوم نکر
15:63	قول جیء کون مری
15:64	ءتی حقق صدق
15:65	سری ءهل قطع لیل تبع دبر لفت وحد مضی حیث ءمر
15:66	قضی ءمر دبر قطع صبح
15:67	جیء ءهل مدن بشر
15:68	قول ضیف فضح
15:69	وقی ءله خزی
15:70	قول نهی علم
15:71	قول بنو کون فعل
15:72	عمر سکر عمه
15:73	ءخذ صیح شرق
15:74	جعل علو سفل مطر حجر سجل
15:75	ءیی وسم
15:76	سبل قوم
15:77	ءیی ءمن
15:78	کون صحب ءیک ظلم
15:79	نقم ءمم بین
15:80	کذب صحب حجر رسل
15:81	ءتی ءیی کون عرض
15:82	کون نحت جبل بیت ءمن
15:83	ءخذ صیح صبح
15:84	غنی کون کسب
15:85	خلق سمو ءرض بین حقق سوع ءتی صفح صفح جمل
15:86	ربب خلق علم
15:87	ءتی سبع ثنی قرء عظم
15:88	مدد عین متع زوج حزن خفض جنح ءمن
15:89	قول نذر بین
15:90	نزل قسم
15:91	جعل قرء عضو
15:92	ربب سءل جمع
15:93	کون عمل
15:94	صدع ءمر عرض شرک
15:95	کفی هزء
15:96	جعل ءله ءله ءخر علم
15:97	علم ضیق صدر قول
15:98	سبح حمد ربب کون سجد
15:99	عبد ربب ءتی یقن
16:1	ءتی ءمر ءله عجل سبح علو شرک
16:2	نزل ملک روح ءمر شیء عبد نذر ءله وقی
16:3	خلق سمو ءرض حقق علو شرک
16:4	خلق ءنس نطف خصم بین
16:5	نعم خلق دفء نفع ءکل
16:6	جمل حین روح حین سرح
16:7	حمل ثقل بلد کون بلغ شقق نفس ربب رءف رحم
16:8	خیل بغل حمر رکب زین خلق علم
16:9	ءله قصد سبل جور شیء هدی جمع
16:10	نزل سمو موه شرب شجر سوم
16:11	نبت زرع زیت نخل عنب کلل ثمر ءیی قوم فکر
16:12	سخر لیل نهر شمس قمر نجم سخر ءمر ءیی قوم عقل
16:13	ذرء ءرض خلف لون ءیی قوم ذکر
16:14	سخر بحر ءکل لحم طرو خرج حلی لبس رءی فلک مخر بغی فضل شکر
16:15	لقی ءرض رسو مید نهر سبل هدی
16:16	علم نجم هدی
16:17	خلق خلق ذکر
16:18	عدد نعم ءله حصی ءله غفر رحم
16:19	ءله علم سرر علن
16:20	دعو دون ءله خلق شیء خلق
16:21	موت غیر حیی شعر بعث
16:22	ءله ءله وحد ءمن ءخر قلب نکر کبر
16:23	جرم ءله علم سرر علن حبب کبر
16:24	قول ذوی نزل ربب قول سطر ءول
16:25	حمل وزر کمل یوم قوم وزر ضلل غیر علم سوء وزر
16:26	مکر قبل ءتی ءله بنی قعد خرر سقف فوق ءتی عذب حیث شعر
16:27	یوم قوم خزی قول ءین شرک کون شقق قول ءتی علم خزی یوم سوء کفر
16:28	وفی ملک ظلم نفس لقی سلم کون عمل سوء ءله علم کون عمل
16:29	دخل بوب جهنم خلد بءس ثوی کبر
16:30	قول وقی ذوی نزل ربب قول خیر حسن دنو حسن دور ءخر خیر نعم دور وقی
16:31	جنن عدن دخل جری تحت نهر شیء جزی ءله وقی
16:32	وفی ملک طیب قول سلم دخل جنن کون عمل
16:33	نظر ءتی ملک ءتی ءمر ربب فعل قبل ظلم ءله کون نفس ظلم
16:34	صوب سوء عمل حیق کون هزء
16:35	قول شرک شیء ءله عبد دون شیء ءبو حرم دون شیء فعل قبل رسل بلغ بین
16:36	بعث کلل ءمم رسل عبد ءله جنب طغی هدی ءله حقق ضلل سیر ءرض نظر کون عقب کذب
16:37	حرص هدی ءله هدی ضلل نصر
16:38	قسم ءله جهد یمن بعث ءله موت وعد حقق کثر ءنس علم
16:39	بین خلف علم کفر کون کذب
16:40	قول شیء رود قول کون کون
16:41	هجر ءله بعد ظلم بوء دنو حسن ءجر ءخر کبر کون علم
16:42	صبر ربب وکل
16:43	رسل قبل رجل وحی سءل ءهل ذکر کون علم
16:44	بین زبر نزل ذکر بین ءنس نزل فکر
16:45	ءمن مکر سوء خسف ءله ءرض ءتی عذب حیث شعر
16:46	ءخذ قلب عجز
16:47	ءخذ خوف ربب رءف رحم
16:48	رءی خلق ءله شیء فیء ظلل یمن شمل سجد ءله دخر
16:49	ءله سجد سمو ءرض دبب ملک کبر
16:50	خوف ربب فوق فعل ءمر
16:51	قول ءله ءخذ ءله ثنی ءله وحد رهب
16:52	سمو ءرض دین وصب غیر ءله وقی
16:53	نعم ءله مسس ضرر جءر
16:54	کشف ضرر فرق ربب شرک
16:55	کفر ءتی متع علم
16:56	جعل علم نصب رزق ءله سءل کون فری
16:57	جعل ءله بنو سبح شهو
16:58	بشر وحد ءنث ظلل وجه سود کظم
16:59	وری قوم سوء بشر مسک هون دسس ترب سوء حکم
16:60	ءمن ءخر مثل سوء ءله مثل علو عزز حکم
16:61	ءخذ ءله ءنس ظلم ترک دبب ءخر ءجل سمو جیء ءجل ءخر سوع قدم
16:62	جعل ءله کره وصف لسن کذب حسن جرم نور فرط
16:63	ءله رسل ءمم قبل زین شطن عمل ولی یوم عذب ءلم
16:64	نزل کتب بین خلف هدی رحم قوم ءمن
16:65	ءله نزل سمو موه حیی ءرض بعد موت ءیی قوم سمع
16:66	نعم عبر سقی بطن بین فرث دمو لبن خلص سوغ شرب
16:67	ثمر نخل عنب ءخذ سکر رزق حسن ءیی قوم عقل
16:68	وحی ربب نحل ءخذ جبل بیت شجر عرش
16:69	ءکل کلل ثمر سلک سبل ربب ذلل خرج بطن شرب خلف لون شفی ءنس ءیی قوم فکر
16:70	ءله خلق وفی ردد رذل عمر علم بعد علم شیء ءله علم قدر
16:71	ءله فضل بعض بعض رزق فضل ردد رزق ملک یمن سوو نعم ءله جحد
16:72	ءله جعل نفس زوج جعل زوج بنو حفد رزق طیب بطل ءمن نعم ءله کفر
16:73	عبد دون ءله ملک رزق سمو ءرض شیء طوع
16:74	ضرب ءله مثل ءله علم علم
16:75	ضرب ءله مثل عبد ملک قدر شیء رزق رزق حسن نفق سرر جهر سوو حمد ءله کثر علم
16:76	ضرب ءله مثل رجل وحد بکم قدر شیء کلل ولی ءین وجه ءتی خیر سوو ءمر عدل صرط قوم
16:77	ءله غیب سمو ءرض ءمر سوع لمح بصر قرب ءله کلل شیء قدر
16:78	ءله خرج بطن ءمم علم شیء جعل سمع بصر فءد شکر
16:79	رءی طیر سخر جوو سمو مسک ءله ءیی قوم ءمن
16:80	ءله جعل بیت سکن جعل جلد نعم بیت خفف یوم ظعن یوم قوم صوف وبر شعر ءثث متع حین
16:81	ءله جعل خلق ظلل جعل جبل کنن جعل سربل وقی حرر سربل وقی بءس تمم نعم سلم
16:82	ولی بلغ بین
16:83	عرف نعم ءله نکر کثر کفر
16:84	یوم بعث کلل ءمم شهد ءذن کفر عتب
16:85	رءی ظلم عذب خفف نظر
16:86	رءی شرک شرک قول ربب شرک کون دعو دون لقی قول کذب
16:87	لقی ءله یوم سلم ضلل کون فری
16:88	کفر صدد سبل ءله زید عذب فوق عذب کون فسد
16:89	یوم بعث کلل ءمم شهد نفس جیء شهد نزل کتب بین کلل شیء هدی رحم بشر سلم
16:90	ءله ءمر عدل حسن ءتی ذوی قرب نهی فحش نکر بغی وعظ ذکر
16:91	وفی عهد ءله عهد نقض یمن بعد وکد جعل ءله کفل ءله علم فعل
16:92	کون نقض غزل بعد قوی نکث ءخذ یمن دخل بین کون ءمم ربو ءمم بلو ءله بین یوم قوم کون خلف
16:93	شیء ءله جعل ءمم وحد ضلل شیء هدی شیء سءل کون عمل
16:94	ءخذ یمن دخل بین زلل قدم بعد ثبت ذوق سوء صدد سبل ءله عذب عظم
16:95	شری عهد ءله ثمن قلل عند ءله خیر کون علم
16:96	عند نفد عند ءله بقی جزی صبر ءجر حسن کون عمل
16:97	عمل صلح ذکر ءنث ءمن حیی حیی طیب جزی ءجر حسن کون عمل
16:98	قرء قرء عوذ ءله شطن رجم
16:99	لیس سلط ءمن ربب وکل
16:100	سلط ولی شرک
16:101	بدل ءیی کون ءیی ءله علم نزل قول فری کثر علم
16:102	قول نزل روح قدس ربب حقق ثبت ءمن هدی بشر سلم
16:103	علم قول علم بشر لسن لحد عجم لسن عرب بین
16:104	ءمن ءیی ءله هدی ءله عذب ءلم
16:105	فری کذب ءمن ءیی ءله کذب
16:106	کفر ءله بعد ءمن کره قلب طمءن ءمن شرح کفر صدر غضب ءله عذب عظم
16:107	حبب حیی دنو ءخر ءله هدی قوم کفر
16:108	طبع ءله قلب سمع بصر غفل
16:109	جرم ءخر خسر
16:110	ربب هجر بعد فتن جهد صبر ربب بعد غفر رحم
16:111	یوم ءتی کلل نفس جدل نفس وفی کلل نفس عمل ظلم
16:112	ضرب ءله مثل قری کون ءمن طمءن ءتی رزق رغد کلل کون کفر نعم ءله ذوق ءله لبس جوع خوف کون صنع
16:113	جیء رسل کذب ءخذ عذب ظلم
16:114	ءکل رزق ءله حلل طیب شکر نعم ءله کون عبد
16:115	حرم موت دمو لحم خنزر هلل غیر ءله ضرر غیر بغی عدو ءله غفر رحم
16:116	قول وصف لسن کذب حلل حرم فری ءله کذب فری ءله کذب فلح
16:117	متع قلل عذب ءلم
16:118	هود حرم قصص قبل ظلم کون نفس ظلم
16:119	ربب عمل سوء جهل توب بعد صلح ربب بعد غفر رحم
16:120	برهم کون ءمم قنت ءله حنف کون شرک
16:121	شکر نعم جبی هدی صرط قوم
16:122	ءتی دنو حسن ءخر صلح
16:123	وحی تبع ملل برهم حنف کون شرک
16:124	جعل سبت خلف ربب حکم بین یوم قوم کون خلف
16:125	دعو سبل ربب حکم وعظ حسن جدل حسن ربب علم ضلل سبل علم هدی
16:126	عقب عقب مثل عقب صبر خیر صبر
16:127	صبر صبر ءله حزن کون ضیق مکر
16:128	ءله وقی حسن
17:1	سبح سری عبد لیل سجد حرم سجد قصو برک حول رءی ءیی سمع بصر
17:2	ءتی وسی کتب جعل هدی بنو ءخذ دون وکل
17:3	ذرر حمل نوح کون عبد شکر
17:4	قضی بنو کتب فسد ءرض مرر علو علو کبر
17:5	جیء وعد ءول بعث عبد ءول بءس شدد جوس خلل دور کون وعد فعل
17:6	ردد کرر مدد مول بنو جعل کثر نفر
17:7	حسن حسن نفس سوء جیء وعد ءخر سوء وجه دخل سجد دخل ءول مرر تبر علو تبر
17:8	عسی ربب رحم عود عود جعل جهنم کفر حصر
17:9	قرء هدی قوم بشر ءمن عمل صلح ءجر کبر
17:10	ءمن ءخر عتد عذب ءلم
17:11	دعو ءنس شرر دعو خیر کون ءنس عجل
17:12	جعل لیل نهر ءیی محو ءیی لیل جعل ءیی نهر بصر بغی فضل ربب علم عدد سنو حسب کلل شیء فصل فصل
17:13	کلل ءنس لزم طیر عنق خرج یوم قوم کتب لقی نشر
17:14	قرء کتب کفی نفس یوم حسب
17:15	هدی هدی نفس ضلل ضلل وزر وزر وزر ءخر کون عذب بعث رسل
17:16	رود هلک قری ءمر ترف فسق حقق قول دمر دمر
17:17	هلک قرن بعد نوح کفی ربب ذنب عبد خبر بصر
17:18	کون رود عجل عجل شیء رود جعل جهنم صلی ذمم دحر
17:19	رود ءخر سعی سعی ءمن کون سعی شکر
17:20	کلل مدد عطو ربب کون عطو ربب حظر
17:21	نظر فضل بعض بعض ءخر کبر درج کبر فضل
17:22	جعل ءله ءله ءخر قعد ذمم خذل
17:23	قضی ربب عبد ولد حسن بلغ عند کبر وحد قول ءفف نهر قول قول کرم
17:24	خفض جنح ذلل رحم قول ربب رحم ربو صغر
17:25	ربب علم نفس کون صلح کون ءوب غفر
17:26	ءتی ذوی قرب حقق سکن بنو سبل بذر بذر
17:27	بذر کون ءخو شطن کون شطن ربب کفر
17:28	عرض بغی رحم ربب رجو قول قول یسر
17:29	جعل یدی غلل عنق بسط کلل بسط قعد لوم حسر
17:30	ربب بسط رزق شیء قدر کون عبد خبر بصر
17:31	قتل ولد خشی ملق رزق قتل کون خطء کبر
17:32	قرب زنی کون فحش سوء سبل
17:33	قتل نفس حرم ءله حقق قتل ظلم جعل ولی سلط سرف قتل کون نصر
17:34	قرب مول یتم حسن بلغ شدد وفی عهد عهد کون سءل
17:35	وفی کیل کیل وزن قسطس قوم خیر حسن ءول
17:36	قفو لیس علم سمع بصر فءد کلل کون سءل
17:37	مشی ءرض مرح خرق ءرض بلغ جبل طول
17:38	کلل کون سوء عند ربب کره
17:39	وحی ربب حکم جعل ءله ءله ءخر لقی جهنم لوم دحر
17:40	صفو ربب بنو ءخذ ملک ءنث قول قول عظم
17:41	صرف قرء ذکر زید نفر
17:42	قول کون ءله قول بغی ذوی عرش سبل
17:43	سبح علو قول علو کبر
17:44	سبح سمو سبع ءرض شیء سبح حمد فقه سبح کون حلم غفر
17:45	قرء قرء جعل بین بین ءمن ءخر حجب ستر
17:46	جعل قلب کنن فقه ءذن وقر ذکر ربب قرء وحد ولی دبر نفر
17:47	علم سمع سمع نجو قول ظلم تبع رجل سحر
17:48	نظر ضرب مثل ضلل طوع سبل
17:49	قول کون عظم رفت بعث خلق جدد
17:50	قول کون حجر حدد
17:51	خلق کبر صدر قول عود قول فطر ءول مرر نغض رءس قول قول عسی کون قرب
17:52	یوم دعو جوب حمد ظنن لبث قلل
17:53	قول عبد قول حسن شطن نزغ بین شطن کون ءنس عدو بین
17:54	ربب علم شیء رحم شیء عذب رسل وکل
17:55	ربب علم سمو ءرض فضل بعض نبو بعض ءتی دود زبر
17:56	قول دعو زعم دون ملک کشف ضرر حول
17:57	دعو بغی ربب وسل قرب رجو رحم خوف عذب عذب ربب کون حذر
17:58	قری هلک قبل یوم قوم عذب عذب شدد کون کتب سطر
17:59	منع رسل ءیی کذب ءول ءتی ثمد نوق بصر ظلم رسل ءیی خوف
17:60	قول ربب حوط ءنس جعل رءی رءی فتن ءنس شجر لعن قرء خوف زید طغی کبر
17:61	قول ملک سجد ءدم سجد بلس قول سجد خلق طین
17:62	قول رءی کرم ءخر یوم قوم حنک ذرر قلل
17:63	قول ذهب تبع جهنم جزی جزی وفر
17:64	فزز طوع صوت جلب خیل رجل شرک مول ولد وعد وعد شطن غرر
17:65	عبد لیس سلط کفی ربب وکل
17:66	ربب زجو فلک بحر بغی فضل کون رحم
17:67	مسس ضرر بحر ضلل دعو نجو برر عرض کون ءنس کفر
17:68	ءمن خسف جنب برر رسل حصب وجد وکل
17:69	ءمن عود تور ءخر رسل قصف روح غرق کفر وجد تبع
17:70	کرم بنو ءدم حمل برر بحر رزق طیب فضل کثر خلق فضل
17:71	یوم دعو کلل ءنس ءمم ءتی کتب یمن قرء کتب ظلم فتل
17:72	کون عمی ءخر عمی ضلل سبل
17:73	کود فتن وحی فری غیر ءخذ خلل
17:74	ثبت کود رکن شیء قلل
17:75	ذوق ضعف حیی ضعف موت وجد نصر
17:76	کود فزز ءرض خرج لبث خلف قلل
17:77	سنن رسل قبل رسل وجد سنن حول
17:78	قوم صلو دلک شمس غسق لیل قرء فجر قرء فجر کون شهد
17:79	لیل هجد نفل عسی بعث ربب قوم حمد
17:80	قول ربب دخل دخل صدق خرج خرج صدق جعل لدن سلط نصر
17:81	قول جیء حقق زهق بطل بطل کون زهق
17:82	نزل قرء شفی رحم ءمن زید ظلم خسر
17:83	نعم ءنس عرض نءی جنب مسس شرر کون یءس
17:84	قول کلل عمل شکل ربب علم هدی سبل
17:85	سءل روح قول روح ءمر ربب ءتی علم قلل
17:86	شیء ذهب وحی وجد وکل
17:87	رحم ربب فضل کون کبر
17:88	قول جمع ءنس جنن ءتی مثل قرء ءتی مثل کون بعض بعض ظهر
17:89	صرف ءنس قرء کلل مثل ءبی کثر ءنس کفر
17:90	قول ءمن فجر ءرض نبع
17:91	کون جنن نخل عنب فجر نهر خلل فجر
17:92	سقط سمو زعم کسف ءتی ءله ملک قبل
17:93	کون بیت زخرف رقی سمو ءمن رقی نزل کتب قرء قول سبح ربب کون بشر رسل
17:94	منع ءنس ءمن جیء هدی قول بعث ءله بشر رسل
17:95	قول کون ءرض ملک مشی طمءن نزل سمو ملک رسل
17:96	قول کفی ءله شهد بین بین کون عبد خبر بصر
17:97	هدی ءله هدی ضلل وجد ولی دون حشر یوم قوم وجه عمی بکم صمم ءوی جهنم کلل خبو زید سعر
17:98	جزی کفر ءیی قول کون عظم رفت بعث خلق جدد
17:99	رءی ءله خلق سمو ءرض قدر خلق مثل جعل ءجل ریب ءبی ظلم کفر
17:100	قول ملک خزن رحم ربب مسک خشی نفق کون ءنس قتر
17:101	ءتی وسی تسع ءیی بین سءل بنو جیء قول فرعن ظنن وسی سحر
17:102	قول علم نزل ربب سمو ءرض بصر ظنن فرعن ثبر
17:103	رود فزز ءرض غرق جمع
17:104	قول بعد بنو سکن ءرض جیء وعد ءخر جیء لفف
17:105	حقق نزل حقق نزل رسل بشر نذر
17:106	قرء فرق قرء ءنس مکث نزل نزل
17:107	قول ءمن ءمن ءتی علم قبل تلو خرر ذقن سجد
17:108	قول سبح ربب کون وعد ربب فعل
17:109	خرر ذقن بکی زید خشع
17:110	قول دعو ءله دعو رحم دعو سمو حسن جهر صلو خفت بغی بین سبل
17:111	قول حمد ءله ءخذ ولد کون شرک ملک کون ولی ذلل کبر کبر
18:1	حمد ءله نزل عبد کتب جعل عوج
18:2	قوم نذر بءس شدد لدن بشر ءمن عمل صلح ءجر حسن
18:3	مکث ءبد
18:4	نذر قول ءخذ ءله ولد
18:5	علم ءبو کبر کلم خرج فوه قول کذب
18:6	بخع نفس ءثر ءمن حدث ءسف
18:7	جعل ءرض زین بلو حسن عمل
18:8	جعل صعد جرز
18:9	حسب صحب کهف رقم کون ءیی عجب
18:10	ءوی فتی کهف قول ربب ءتی لدن رحم هیء ءمر رشد
18:11	ضرب ءذن کهف سنو عدد
18:12	بعث علم حزب حصی لبث ءمد
18:13	قصص نبء حقق فتی ءمن ربب زید هدی
18:14	ربط قلب قوم قول ربب ربب سمو ءرض دعو دون ءله قول شطط
18:15	قوم ءخذ دون ءله ءتی سلط بین ظلم فری ءله کذب
18:16	عزل عبد ءله ءوی کهف نشر ربب رحم هیء ءمر رفق
18:17	رءی شمس طلع زور کهف ذوی یمن غرب قرض ذوی شمل فجو ءیی ءله هدی ءله هدی ضلل وجد ولی رشد
18:18	حسب یقظ رقد قلب ذوی یمن ذوی شمل کلب بسط ذرع وصد طلع ولی فرر ملء رعب
18:19	بعث سءل بین قول قول لبث قول لبث یوم بعض یوم قول ربب علم لبث بعث وحد ورق مدن نظر زکو طعم ءتی رزق لطف شعر وحد
18:20	ظهر رجم عود ملل فلح ءبد
18:21	عثر علم وعد ءله حقق سوع ریب نزع بین ءمر قول بنی بنی ربب علم قول غلب ءمر ءخذ سجد
18:22	قول ثلث ربع کلب قول خمس سدس کلب رجم غیب قول سبع ثمن کلب قول ربب علم عدد علم قلل مری مری ظهر فتی وحد
18:23	قول شیء فعل غدو
18:24	شیء ءله ذکر ربب نسی قول عسی هدی ربب قرب رشد
18:25	لبث کهف ثلث مءی سنو زید تسع
18:26	قول ءله علم لبث غیب سمو ءرض بصر سمع دون ولی شرک حکم وحد
18:27	تلو وحی کتب ربب بدل کلم وجد دون لحد
18:28	صبر نفس دعو ربب غدو عشو رود وجه عدو عین رود زین حیی دنو طوع غفل قلب ذکر تبع هوی کون ءمر فرط
18:29	قول حقق ربب شیء ءمن شیء کفر عتد ظلم نور حوط سردق غیث غیث موه مهل شوی وجه بءس شرب سوء رفق
18:30	ءمن عمل صلح ضیع ءجر حسن عمل
18:31	جنن عدن جری تحت نهر حلی سور ذهب لبس ثوب خضر سندس برق وکء ءرک نعم ثوب حسن رفق
18:32	ضرب مثل رجل جعل وحد جنن عنب حفف نخل جعل بین زرع
18:33	جنن ءتی ءکل ظلم شیء فجر خلل نهر
18:34	کون ثمر قول صحب حور کثر مول عزز نفر
18:35	دخل جنن ظلم نفس قول ظنن بید ءبد
18:36	ظنن سوع قوم ردد ربب وجد خیر قلب
18:37	قول صحب حور کفر خلق ترب نطف سوو رجل
18:38	ءله ربب شرک ربب وحد
18:39	دخل جنن قول شیء ءله قوی ءله رءی قلل مول ولد
18:40	عسی ربب ءتی خیر جنن رسل حسب سمو صبح صعد زلق
18:41	صبح موه غور طوع طلب
18:42	حوط ثمر صبح قلب کفف نفق خوی عرش قول شرک ربب وحد
18:43	کون فءی نصر دون ءله کون نصر
18:44	ولی ءله حقق خیر ثوب خیر عقب
18:45	ضرب مثل حیی دنو موه نزل سمو خلط نبت ءرض صبح هشم ذرو روح کون ءله کلل شیء قدر
18:46	مول بنو زین حیی دنو بقی صلح خیر عند ربب ثوب خیر ءمل
18:47	یوم سیر جبل رءی ءرض برز حشر غدر وحد
18:48	عرض ربب صفف جیء خلق ءول مرر زعم جعل وعد
18:49	وضع کتب رءی جرم شفق قول ویل کتب غدر صغر کبر حصی وجد عمل حضر ظلم ربب وحد
18:50	قول ملک سجد ءدم سجد بلس کون جنن فسق ءمر ربب ءخذ ذرر ولی دون عدو بءس ظلم بدل
18:51	شهد خلق سمو ءرض خلق نفس کون ءخذ ضلل عضد
18:52	یوم قول ندو شرک زعم دعو جوب جعل بین وبق
18:53	رءی جرم نور ظنن وقع وجد صرف
18:54	صرف قرء ءنس کلل مثل کون ءنس کثر شیء جدل
18:55	منع ءنس ءمن جیء هدی غفر ربب ءتی سنن ءول ءتی عذب قبل
18:56	رسل رسل بشر نذر جدل کفر بطل دحض حقق ءخذ ءیی نذر هزء
18:57	ظلم ذکر ءیی ربب عرض نسی قدم یدی جعل قلب کنن فقه ءذن وقر دعو هدی هدی ءبد
18:58	ربب غفر ذوی رحم ءخذ کسب عجل عذب وعد وجد دون وءل
18:59	قری هلک ظلم جعل هلک وعد
18:60	قول وسی فتی برح بلغ جمع بحر مضی حقب
18:61	بلغ جمع بین نسی حوت ءخذ سبل بحر سرب
18:62	جوز قول فتی ءتی غدو لقی سفر نصب
18:63	قول رءی ءوی صخر نسی حوت نسی شطن ذکر ءخذ سبل بحر عجب
18:64	قول کون بغی ردد ءثر قصص
18:65	وجد عبد عبد ءتی رحم عند علم لدن علم
18:66	قول وسی تبع علم علم رشد
18:67	قول طوع صبر
18:68	صبر حوط خبر
18:69	قول وجد شیء ءله صبر عصی ءمر
18:70	قول تبع سءل شیء حدث ذکر
18:71	طلق رکب سفن خرق قول خرق غرق ءهل جیء شیء ءمر
18:72	قول قول طوع صبر
18:73	قول ءخذ نسی رهق ءمر عسر
18:74	طلق لقی غلم قتل قول قتل نفس زکو غیر نفس جیء شیء نکر
18:75	قول قول طوع صبر
18:76	قول سءل شیء بعد صحب بلغ لدن عذر
18:77	طلق ءتی ءهل قری طعم ءهل ءبی ضیف وجد جدر رود قضض قوم قول شیء ءخذ ءجر
18:78	قول فرق بین بین نبء ءول طوع صبر
18:79	سفن کون سکن عمل بحر رود عیب کون وری ملک ءخذ کلل سفن غصب
18:80	غلم کون ءبو ءمن خشی رهق طغی کفر
18:81	رود بدل ربب خیر زکو قرب رحم
18:82	جدر کون غلم یتم مدن کون تحت کنز کون ءبو صلح رود ربب بلغ شدد خرج کنز رحم ربب فعل ءمر ءول طوع صبر
18:83	سءل ذوی قرن قول تلو ذکر
18:84	مکن ءرض ءتی کلل شیء سبب
18:85	تبع سبب
18:86	بلغ غرب شمس وجد غرب عین حمء وجد عند قوم قول ذوی قرن عذب ءخذ حسن
18:87	قول ظلم عذب ردد ربب عذب عذب نکر
18:88	ءمن عمل صلح جزی حسن قول ءمر یسر
18:89	تبع سبب
18:90	بلغ طلع شمس وجد طلع قوم جعل دون ستر
18:91	حوط لدی خبر
18:92	تبع سبب
18:93	بلغ بین سدد وجد دون قوم کود فقه قول
18:94	قول ذوی قرن ءجج ءجج فسد ءرض جعل خرج جعل بین بین سدد
18:95	قول مکن ربب خیر عون قوی جعل بین بین ردم
18:96	ءتی زبر حدد سوو بین صدف قول نفخ جعل نور قول ءتی فرغ قطر
18:97	طوع ظهر طوع نقب
18:98	قول رحم ربب جیء وعد ربب جعل دکک کون وعد ربب حقق
18:99	ترک بعض یوم موج بعض نفخ صور جمع جمع
18:100	عرض جهنم یوم کفر عرض
18:101	کون عین غطو ذکر کون طوع سمع
18:102	حسب کفر ءخذ عبد دون ولی عتد جهنم کفر نزل
18:103	قول نبء خسر عمل
18:104	ضلل سعی حیی دنو حسب حسن صنع
18:105	کفر ءیی ربب لقی حبط عمل قوم یوم قوم وزن
18:106	جزی جهنم کفر ءخذ ءیی رسل هزء
18:107	ءمن عمل صلح کون جنن فردس نزل
18:108	خلد بغی حول
18:109	قول کون بحر مدد کلم ربب نفد بحر قبل نفد کلم ربب جیء مثل مدد
18:110	قول بشر مثل وحی ءله ءله وحد کون رجو لقی ربب عمل عمل صلح شرک عبد ربب وحد
19:1	NA
19:2	ذکر رحم ربب عبد زکر
19:3	ندو ربب ندو خفی
19:4	قول ربب وهن عظم شعل رءس شیب کون دعو ربب شقو
19:5	خوف ولی وری کون مرء عقر وهب لدن ولی
19:6	ورث ورث ءول عقب جعل ربب رضو
19:7	زکر بشر غلم سمو حیی جعل قبل سمو
19:8	قول ربب کون غلم کون مرء عقر بلغ کبر عتو
19:9	قول قول ربب هون خلق قبل کون شیء
19:10	قول ربب جعل ءیی قول ءیی کلم ءنس ثلث لیل سوو
19:11	خرج قوم حرب وحی سبح بکر عشو
19:12	حیی ءخذ کتب قوی ءتی حکم صبو
19:13	حنن لدن زکو کون وقی
19:14	برر ولد کون جبر عصی
19:15	سلم یوم ولد یوم موت یوم بعث حیی
19:16	ذکر کتب ریم نبذ ءهل کون شرق
19:17	ءخذ دون حجب رسل روح مثل بشر سوو
19:18	قول عوذ رحم کون وقی
19:19	قول رسل ربب وهب غلم زکو
19:20	قول کون غلم مسس بشر کون بغی
19:21	قول قول ربب هون جعل ءیی ءنس رحم کون ءمر قضی
19:22	حمل نبذ کون قصی
19:23	جیء مخض جذع نخل قول موت قبل کون نسی نسی
19:24	ندو تحت حزن جعل ربب تحت سری
19:25	هزز جذع نخل سقط رطب جنی
19:26	ءکل شرب قرر عین رءی بشر وحد قول نذر رحم صوم کلم یوم ءنس
19:27	ءتی قوم حمل قول ریم جیء شیء فری
19:28	ءخو هرن کون ءبو مرء سوء کون ءمم بغی
19:29	شور قول کلم کون مهد صبو
19:30	قول عبد ءله ءتی کتب جعل نبو
19:31	جعل برک ءین کون وصی صلو زکو دوم حیی
19:32	برر ولد جعل جبر شقو
19:33	سلم یوم ولد یوم موت یوم بعث حیی
19:34	عیس بنو ریم قول حقق مری
19:35	کون ءله ءخذ ولد سبح قضی ءمر قول کون کون
19:36	ءله ربب ربب عبد صرط قوم
19:37	خلف حزب بین ویل کفر شهد یوم عظم
19:38	سمع بصر یوم ءتی ظلم یوم ضلل بین
19:39	نذر یوم حسر قضی ءمر غفل ءمن
19:40	ورث ءرض رجع
19:41	ذکر کتب برهم کون صدق نبو
19:42	قول ءبو ءبو عبد سمع بصر غنی شیء
19:43	ءبو جیء علم ءتی تبع هدی صرط سوو
19:44	ءبو عبد شطن شطن کون رحم عصی
19:45	ءبو خوف مسس عذب رحم کون شطن ولی
19:46	قول رغب ءله برهم نهی رجم هجر ملو
19:47	قول سلم غفر ربب کون حفو
19:48	عزل دعو دون ءله دعو ربب عسی کون دعو ربب شقو
19:49	عزل عبد دون ءله وهب سحق عقب کلل جعل نبو
19:50	وهب رحم جعل لسن صدق علو
19:51	ذکر کتب وسی کون خلص کون رسل نبو
19:52	ندو جنب طور یمن قرب نجو
19:53	وهب رحم ءخو هرن نبو
19:54	ذکر کتب کون صدق وعد کون رسل نبو
19:55	کون ءمر ءهل صلو زکو کون عند ربب رضو
19:56	ذکر کتب درس کون صدق نبو
19:57	رفع کون علو
19:58	نعم ءله نبو ذرر ءدم حمل نوح ذرر برهم هدی جبی تلو ءیی رحم خرر سجد بکی
19:59	خلف بعد خلف ضیع صلو تبع شهو لقی غوی
19:60	توب ءمن عمل صلح دخل جنن ظلم شیء
19:61	جنن عدن وعد رحم عبد غیب کون وعد ءتی
19:62	سمع لغو سلم رزق بکر عشو
19:63	جنن ورث عبد کون وقی
19:64	نزل ءمر ربب بین یدی خلف بین کون ربب نسی
19:65	ربب سمو ءرض بین عبد صبر عبد علم سمو
19:66	قول ءنس موت خرج حیی
19:67	ذکر ءنس خلق قبل کون شیء
19:68	ربب حشر شطن حضر حول جهنم جثو
19:69	نزع کلل شیع شدد رحم عتو
19:70	علم ولی صلی
19:71	ورد کون ربب حتم قضی
19:72	نجو وقی وذر ظلم جثو
19:73	تلو ءیی بین قول کفر ءمن فرق خیر قوم حسن ندی
19:74	هلک قبل قرن حسن ءثث رءی
19:75	قول کون ضلل مدد رحم مدد رءی وعد عذب سوع علم شرر کون ضعف جند
19:76	زید ءله هدی هدی بقی صلح خیر عند ربب ثوب خیر ردد
19:77	رءی کفر ءیی قول ءتی مول ولد
19:78	طلع غیب ءخذ عند رحم عهد
19:79	کتب قول مدد عذب مدد
19:80	ورث قول ءتی فرد
19:81	ءخذ دون ءله ءله کون عزز
19:82	کفر عبد کون ضدد
19:83	رءی رسل شطن کفر ءزز ءزز
19:84	عجل عدد عدد
19:85	یوم حشر وقی رحم وفد
19:86	سوق جرم جهنم ورد
19:87	ملک شفع ءخذ عند رحم عهد
19:88	قول ءخذ رحم ولد
19:89	جیء شیء ءدد
19:90	کود سمو فطر شقق ءرض خرر جبل هدد
19:91	دعو رحم ولد
19:92	بغی رحم ءخذ ولد
19:93	کلل سمو ءرض ءتی رحم عبد
19:94	حصی عدد عدد
19:95	کلل ءتی یوم قوم فرد
19:96	ءمن عمل صلح جعل رحم ودد
19:97	یسر لسن بشر وقی نذر قوم لدد
19:98	هلک قبل قرن حسس وحد سمع رکز
20:1	NA
20:2	نزل قرء شقو
20:3	ذکر خشی
20:4	نزل خلق ءرض سمو علو
20:5	رحم عرش سوو
20:6	سمو ءرض بین تحت ثری
20:7	جهر قول علم سرر خفی
20:8	ءله ءله سمو حسن
20:9	ءتی حدث وسی
20:10	رءی نور قول ءهل مکث ءنس نور ءتی قبس وجد نور هدی
20:11	ءتی ندو وسی
20:12	ربب خلع نعل ودی قدس طوی
20:13	خیر سمع وحی
20:14	ءله ءله عبد قوم صلو ذکر
20:15	سوع ءتی کود خفی جزی کلل نفس سعی
20:16	صدد ءمن تبع هوی ردی
20:17	یمن وسی
20:18	قول عصو وکء هشش غنم ءرب ءخر
20:19	قول لقی وسی
20:20	لقی حیی سعی
20:21	قول ءخذ خوف عود سیر ءول
20:22	ضمم یدی جنح خرج بیض غیر سوء ءیی ءخر
20:23	رءی ءیی کبر
20:24	ذهب فرعن طغی
20:25	قول ربب شرح صدر
20:26	یسر ءمر
20:27	حلل عقد لسن
20:28	فقه قول
20:29	جعل وزر ءهل
20:30	هرن ءخو
20:31	شدد ءزر
20:32	شرک ءمر
20:33	سبح کثر
20:34	ذکر کثر
20:35	کون بصر
20:36	قول ءتی سءل وسی
20:37	منن مرر ءخر
20:38	وحی ءمم وحی
20:39	قذف تبت قذف یمم لقی یمم سحل ءخذ عدو عدو لقی حبب صنع عین
20:40	مشی ءخو قول دلل کفل رجع ءمم قرر عین حزن قتل نفس نجو غمم فتن فتن لبث سنو ءهل مدن جیء قدر وسی
20:41	صنع نفس
20:42	ذهب ءخو ءیی ونی ذکر
20:43	ذهب فرعن طغی
20:44	قول قول لین ذکر خشی
20:45	قول ربب خوف فرط طغی
20:46	قول خوف سمع رءی
20:47	ءتی قول رسل ربب رسل بنو عذب جیء ءیی ربب سلم تبع هدی
20:48	وحی عذب کذب ولی
20:49	قول ربب وسی
20:50	قول ربب عطو کلل شیء خلق هدی
20:51	قول بول قرن ءول
20:52	قول علم عند ربب کتب ضلل ربب نسی
20:53	جعل ءرض مهد سلک سبل نزل سمو موه خرج زوج نبت شتت
20:54	ءکل رعی نعم ءیی ءول نهی
20:55	خلق عود خرج تور ءخر
20:56	رءی ءیی کلل کذب ءبی
20:57	قول جیء خرج ءرض سحر وسی
20:58	ءتی سحر مثل جعل بین بین وعد خلف کون سوو
20:59	قول وعد یوم زین حشر ءنس ضحو
20:60	ولی فرعن جمع کید ءتی
20:61	قول وسی ویل فری ءله کذب سحت عذب خیب فری
20:62	نزع ءمر بین سرر نجو
20:63	قول سحر رود خرج ءرض سحر ذهب طرق مثل
20:64	جمع کید ءتی صفف فلح یوم علو
20:65	قول وسی لقی کون ءول لقی
20:66	قول لقی حبل عصو خیل سحر سعی
20:67	وجس نفس خوف وسی
20:68	قول خوف علو
20:69	لقی یمن لقف صنع صنع کید سحر فلح سحر حیث ءتی
20:70	لقی سحر سجد قول ءمن ربب هرن وسی
20:71	قول ءمن قبل ءذن کبر علم سحر قطع یدی رجل خلف صلب جذع نخل علم شدد عذب بقی
20:72	قول ءثر جیء بین فطر قضی قضی قضی حیی دنو
20:73	ءمن ربب غفر خطء کره سحر ءله خیر بقی
20:74	ءتی ربب جرم جهنم موت حیی
20:75	ءتی ءمن عمل صلح درج علو
20:76	جنن عدن جری تحت نهر خلد جزی زکو
20:77	وحی وسی سری عبد ضرب طرق بحر یبس خوف درک خشی
20:78	تبع فرعن جند غشو یمم غشو
20:79	ضلل فرعن قوم هدی
20:80	بنو نجو عدو وعد جنب طور یمن نزل منن سلو
20:81	ءکل طیب رزق طغی حلل غضب حلل غضب هوی
20:82	غفر توب ءمن عمل صلح هدی
20:83	عجل قوم وسی
20:84	قول ءول ءثر عجل ربب رضو
20:85	قول فتن قوم بعد ضلل سمر
20:86	رجع وسی قوم غضب ءسف قول قوم وعد ربب وعد حسن طول عهد رود حلل غضب ربب خلف وعد
20:87	قول خلف وعد ملک حمل وزر زین قوم قذف لقی سمر
20:88	خرج عجل جسد خور قول ءله ءله وسی نسی
20:89	رءی رجع قول ملک ضرر نفع
20:90	قول هرن قبل قوم فتن ربب رحم تبع طوع ءمر
20:91	قول برح عکف رجع وسی
20:92	قول هرن منع رءی ضلل
20:93	تبع عصی ءمر
20:94	قول بنو ءمم ءخذ لحی رءس خشی قول فرق بین بنو رقب قول
20:95	قول خطب سمر
20:96	قول بصر بصر قبض قبض ءثر رسل نبذ سول نفس
20:97	قول ذهب حیی قول مسس وعد خلف نظر ءله ظلل عکف حرق نسف یمم نسف
20:98	ءله ءله ءله وسع کلل شیء علم
20:99	قصص نبء سبق ءتی لدن ذکر
20:100	عرض حمل یوم قوم وزر
20:101	خلد سوء یوم قوم حمل
20:102	یوم نفخ صور حشر جرم یوم زرق
20:103	خفت بین لبث عشر
20:104	علم قول قول مثل طرق لبث یوم
20:105	سءل جبل قول نسف ربب نسف
20:106	وذر قوع صفصف
20:107	رءی عوج ءمت
20:108	یوم تبع دعو عوج خشع صوت رحم سمع همس
20:109	یوم نفع شفع ءذن رحم رضو قول
20:110	علم بین یدی خلف حوط علم
20:111	عنی وجه حیی قوم خیب حمل ظلم
20:112	عمل صلح ءمن خوف ظلم هضم
20:113	نزل قرء عرب صرف وعد وقی حدث ذکر
20:114	علو ءله ملک حقق عجل قرء قبل قضی وحی قول ربب زید علم
20:115	عهد ءدم قبل نسی وجد عزم
20:116	قول ملک سجد ءدم سجد بلس ءبی
20:117	قول ءدم عدو زوج خرج جنن شقو
20:118	جوع عری
20:119	ظمء ضحو
20:120	وسوس شطن قول ءدم دلل شجر خلد ملک بلی
20:121	ءکل بدو سوء طفق خصف ورق جنن عصی ءدم ربب غوی
20:122	جبی ربب توب هدی
20:123	قول هبط جمع بعض بعض عدو ءتی هدی تبع هدی ضلل شقو
20:124	عرض ذکر عیش ضنک حشر یوم قوم عمی
20:125	قول ربب حشر عمی کون بصر
20:126	قول ءتی ءیی نسی یوم نسی
20:127	جزی سرف ءمن ءیی ربب عذب ءخر شدد بقی
20:128	هدی هلک قبل قرن مشی سکن ءیی ءول نهی
20:129	کلم سبق ربب کون لزم ءجل سمو
20:130	صبر قول سبح حمد ربب قبل طلع شمس قبل غرب ءنی لیل سبح طرف نهر رضو
20:131	مدد عین متع زوج زهر حیی دنو فتن رزق ربب خیر بقی
20:132	ءمر ءهل صلو صبر سءل رزق رزق عقب وقی
20:133	قول ءتی ءیی ربب ءتی بین صحف ءول
20:134	هلک عذب قبل قول ربب رسل رسل تبع ءیی قبل ذلل خزی
20:135	قول کلل ربص ربص علم صحب صرط سوو هدی
21:1	قرب ءنس حسب غفل عرض
21:2	ءتی ذکر ربب حدث سمع لعب
21:3	لهو قلب سرر نجو ظلم بشر مثل ءتی سحر بصر
21:4	قول ربب علم قول سمو ءرض سمع علم
21:5	قول ضغث حلم فری شعر ءتی ءیی رسل ءول
21:6	ءمن قبل قری هلک ءمن
21:7	رسل قبل رجل وحی سءل ءهل ذکر کون علم
21:8	جعل جسد ءکل طعم کون خلد
21:9	صدق وعد نجو شیء هلک سرف
21:10	نزل کتب ذکر عقل
21:11	قصم قری کون ظلم نشء بعد قوم ءخر
21:12	حسس بءس رکض
21:13	رکض رجع ترف سکن سءل
21:14	قول ویل کون ظلم
21:15	زیل دعو جعل حصد خمد
21:16	خلق سمو ءرض بین لعب
21:17	رود ءخذ لهو ءخذ لدن کون فعل
21:18	قذف حقق بطل دمغ زهق ویل وصف
21:19	سمو ءرض عند کبر عبد حسر
21:20	سبح لیل نهر فتر
21:21	ءخذ ءله ءرض نشر
21:22	کون ءله ءله فسد سبح ءله ربب عرش وصف
21:23	سءل فعل سءل
21:24	ءخذ دون ءله قول هیت برهن ذکر ذکر قبل کثر علم حقق عرض
21:25	رسل قبل رسل وحی ءله عبد
21:26	قول ءخذ رحم ولد سبح عبد کرم
21:27	سبق قول ءمر عمل
21:28	علم بین یدی خلف شفع رضو خشی شفق
21:29	قول ءله دون جزی جهنم جزی ظلم
21:30	رءی کفر سمو ءرض کون رتق فتق جعل موه کلل شیء حیی ءمن
21:31	جعل ءرض رسو مید جعل فجج سبل هدی
21:32	جعل سمو سقف حفظ ءیی عرض
21:33	خلق لیل نهر شمس قمر کلل فلک سبح
21:34	جعل بشر قبل خلد موت خلد
21:35	کلل نفس ذوق موت بلو شرر خیر فتن رجع
21:36	رءی کفر ءخذ هزء ذکر ءله ذکر رحم کفر
21:37	خلق ءنس عجل رءی ءیی عجل
21:38	قول وعد کون صدق
21:39	علم کفر حین کفف وجه نور ظهر نصر
21:40	ءتی بغت بهت طوع ردد نظر
21:41	هزء رسل قبل حیق سخر کون هزء
21:42	قول کلء لیل نهر رحم ذکر ربب عرض
21:43	ءله منع دون طوع نصر نفس صحب
21:44	متع ءبو طول عمر رءی ءتی ءرض نقص طرف غلب
21:45	قول نذر وحی سمع صمم دعو نذر
21:46	مسس نفح عذب ربب قول ویل کون ظلم
21:47	وضع وزن قسط یوم قوم ظلم نفس شیء کون ثقل حبب خردل ءتی کفی حسب
21:48	ءتی وسی هرن فرق ضوء ذکر وقی
21:49	خشی ربب غیب سوع شفق
21:50	ذکر برک نزل نکر
21:51	ءتی برهم رشد قبل کون علم
21:52	قول ءبو قوم مثل عکف
21:53	قول وجد ءبو عبد
21:54	قول کون ءبو ضلل بین
21:55	قول جیء حقق لعب
21:56	قول ربب ربب سمو ءرض فطر شهد
21:57	ءله کید صنم بعد ولی دبر
21:58	جعل جذذ کبر رجع
21:59	قول فعل ءله ظلم
21:60	قول سمع فتی ذکر قول برهم
21:61	قول ءتی عین ءنس شهد
21:62	قول فعل ءله برهم
21:63	قول فعل کبر سءل کون نطق
21:64	رجع نفس قول ظلم
21:65	نکس رءس علم نطق
21:66	قول عبد دون ءله نفع شیء ضرر
21:67	ءفف عبد دون ءله عقل
21:68	قول حرق نصر ءله کون فعل
21:69	قول نور کون برد سلم برهم
21:70	رود کید جعل خسر
21:71	نجو لوط ءرض برک علم
21:72	وهب سحق عقب نفل کلل جعل صلح
21:73	جعل ءمم هدی ءمر وحی فعل خیر قوم صلو ءتی زکو کون عبد
21:74	لوط ءتی حکم علم نجو قری کون عمل خبث کون قوم سوء فسق
21:75	دخل رحم صلح
21:76	نوح ندو قبل جوب نجو ءهل کرب عظم
21:77	نصر قوم کذب ءیی کون قوم سوء غرق جمع
21:78	دود سلم حکم حرث نفش غنم قوم کون حکم شهد
21:79	فهم سلم کلل ءتی حکم علم سخر دود جبل سبح طیر کون فعل
21:80	علم صنع لبس حصن بءس شکر
21:81	سلم روح عصف جری ءمر ءرض برک کون کلل شیء علم
21:82	شطن غوص عمل عمل دون کون حفظ
21:83	ءوب ندو ربب مسس ضرر رحم رحم
21:84	جوب کشف ضرر ءتی ءهل مثل رحم عند ذکر عبد
21:85	درس ذوی کفل کلل صبر
21:86	دخل رحم صلح
21:87	ذوی نون ذهب غضب ظنن قدر ندو ظلم ءله سبح کون ظلم
21:88	جوب نجو غمم نجو ءمن
21:89	زکر ندو ربب ربب وذر فرد خیر ورث
21:90	جوب وهب حیی صلح زوج کون سرع خیر دعو رغب رهب کون خشع
21:91	حصن فرج نفخ روح جعل بنو ءیی علم
21:92	ءمم ءمم وحد ربب عبد
21:93	قطع ءمر بین کلل رجع
21:94	عمل صلح ءمن کفر سعی کتب
21:95	حرم قری هلک رجع
21:96	فتح ءجج ءجج کلل حدب نسل
21:97	قرب وعد حقق شخص بصر کفر ویل کون غفل کون ظلم
21:98	عبد دون ءله حصب جهنم ورد
21:99	کون ءله ورد کلل خلد
21:100	زفر سمع
21:101	سبق حسن بعد
21:102	سمع حسس شهو نفس خلد
21:103	حزن فزع کبر لقی ملک یوم کون وعد
21:104	یوم طوی سمو طوی سجل کتب بدء ءول خلق عود وعد کون فعل
21:105	کتب زبر بعد ذکر ءرض ورث عبد صلح
21:106	بلغ قوم عبد
21:107	رسل رحم علم
21:108	قول وحی ءله ءله وحد سلم
21:109	ولی قول ءذن سوو دری قرب بعد وعد
21:110	علم جهر قول علم کتم
21:111	دری فتن متع حین
21:112	قول ربب حکم حقق ربب رحم عون وصف
22:1	ءنس وقی ربب زلزل سوع شیء عظم
22:2	یوم رءی ذهل کلل رضع رضع وضع کلل ذوی حمل حمل رءی ءنس سکر سکر عذب ءله شدد
22:3	ءنس جدل ءله غیر علم تبع کلل شطن مرد
22:4	کتب ولی ضلل هدی عذب سعر
22:5	ءنس کون ریب بعث خلق ترب نطف علق مضغ خلق غیر خلق بین قرر رحم شیء ءجل سمو خرج طفل بلغ شدد وفی ردد رذل عمر علم بعد علم شیء رءی ءرض همد نزل موه هزز ربو نبت کلل زوج بهج
22:6	ءله حقق حیی موت کلل شیء قدر
22:7	سوع ءتی ریب ءله بعث قبر
22:8	ءنس جدل ءله غیر علم هدی کتب نور
22:9	ثنی عطف ضلل سبل ءله دنو خزی ذوق یوم قوم عذب حرق
22:10	قدم یدی ءله لیس ظلم عبد
22:11	ءنس عبد ءله حرف صوب خیر طمءن صوب فتن قلب وجه خسر دنو ءخر خسر بین
22:12	دعو دون ءله ضرر نفع ضلل بعد
22:13	دعو ضرر قرب نفع بءس ولی بءس عشر
22:14	ءله دخل ءمن عمل صلح جنن جری تحت نهر ءله فعل رود
22:15	کون ظنن نصر ءله دنو ءخر مدد سبب سمو قطع نظر ذهب کید غیظ
22:16	نزل ءیی بین ءله هدی رود
22:17	ءمن هود صبء نصر مجس شرک ءله فصل بین یوم قوم ءله کلل شیء شهد
22:18	رءی ءله سجد سمو ءرض شمس قمر نجم جبل شجر دبب کثر ءنس کثر حقق عذب هون ءله کرم ءله فعل شیء
22:19	خصم خصم ربب کفر قطع ثوب نور صبب فوق رءس حمم
22:20	صهر بطن جلد
22:21	قمع حدد
22:22	کلل رود خرج غمم عود ذوق عذب حرق
22:23	ءله دخل ءمن عمل صلح جنن جری تحت نهر حلی سور ذهب لءلء لبس حرر
22:24	هدی طیب قول هدی صرط حمد
22:25	کفر صدد سبل ءله سجد حرم جعل ءنس سوو عکف بدو رود لحد ظلم ذوق عذب ءلم
22:26	بوء برهم کون بیت شرک شیء طهر بیت طوف قوم رکع سجد
22:27	ءذن ءنس حجج ءتی رجل کلل ضمر ءتی کلل فجج عمق
22:28	شهد نفع ذکر سمو ءله یوم علم رزق بهم نعم ءکل طعم بءس فقر
22:29	قضی تفث وفی نذر طوف بیت عتق
22:30	عظم حرم ءله خیر عند ربب حلل نعم تلو جنب رجس وثن جنب قول زور
22:31	حنف ءله غیر شرک شرک ءله خرر سمو خطف طیر هوی روح کون سحق
22:32	عظم شعر ءله وقی قلب
22:33	نفع ءجل سمو حلل بیت عتق
22:34	کلل ءمم جعل نسک ذکر سمو ءله رزق بهم نعم ءله ءله وحد سلم بشر خبت
22:35	ذکر ءله وجل قلب صبر صوب قوم صلو رزق نفق
22:36	بدن جعل شعر ءله خیر ذکر سمو ءله صفف وجب جنب ءکل طعم قنع عرر سخر شکر
22:37	نیل ءله لحم دمو نیل وقی سخر کبر ءله هدی بشر حسن
22:38	ءله دفع ءمن ءله حبب کلل خون کفر
22:39	ءذن قتل ظلم ءله نصر قدر
22:40	خرج دور غیر حقق قول ربب ءله دفع ءله ءنس بعض بعض هدم صمع بیع صلو سجد ذکر سمو ءله کثر نصر ءله نصر ءله قوی عزز
22:41	مکن ءرض قوم صلو ءتی زکو ءمر عرف نهی نکر ءله عقب ءمر
22:42	کذب کذب قبل قوم نوح عود ثمد
22:43	قوم برهم قوم لوط
22:44	صحب مدن کذب وسی ملو کفر ءخذ کون نکر
22:45	قری هلک ظلم خوی عرش بءر عطل قصر شید
22:46	سیر ءرض کون قلب عقل ءذن سمع عمی بصر عمی قلب صدر
22:47	عجل عذب خلف ءله وعد یوم عند ربب ءلف سنو عدد
22:48	قری ملو ظلم ءخذ صیر
22:49	قول ءنس نذر بین
22:50	ءمن عمل صلح غفر رزق کرم
22:51	سعی ءیی عجز صحب جحم
22:52	رسل قبل رسل نبو منی لقی شطن منی نسخ ءله لقی شطن حکم ءله ءیی ءله علم حکم
22:53	جعل لقی شطن فتن قلب مرض قسو قلب ظلم شقق بعد
22:54	علم ءتی علم حقق ربب ءمن خبت قلب ءله هدی ءمن صرط قوم
22:55	زیل کفر مری ءتی سوع بغت ءتی عذب یوم عقم
22:56	ملک یوم ءله حکم بین ءمن عمل صلح جنن نعم
22:57	کفر کذب ءیی عذب هون
22:58	هجر سبل ءله قتل موت رزق ءله رزق حسن ءله خیر رزق
22:59	دخل دخل رضو ءله علم حلم
22:60	عقب مثل عقب بغی نصر ءله ءله عفو غفر
22:61	ءله ولج لیل نهر ولج نهر لیل ءله سمع بصر
22:62	ءله حقق دعو دون بطل ءله علو کبر
22:63	رءی ءله نزل سمو موه صبح ءرض خضر ءله لطف خبر
22:64	سمو ءرض ءله غنی حمد
22:65	رءی ءله سخر ءرض فلک جری بحر ءمر مسک سمو وقع ءرض ءذن ءله ءنس رءف رحم
22:66	حیی موت حیی ءنس کفر
22:67	کلل ءمم جعل نسک نسک نزع ءمر دعو ربب هدی قوم
22:68	جدل قول ءله علم عمل
22:69	ءله حکم بین یوم قوم کون خلف
22:70	علم ءله علم سمو ءرض کتب ءله یسر
22:71	عبد دون ءله نزل سلط لیس علم ظلم نصر
22:72	تلو ءیی بین عرف وجه کفر نکر کود سطو تلو ءیی قول نبء شرر نور وعد ءله کفر بءس صیر
22:73	ءنس ضرب مثل سمع دعو دون ءله خلق ذبب جمع سلب ذبب شیء نقذ ضعف طلب طلب
22:74	قدر ءله حقق قدر ءله قوی عزز
22:75	ءله صفو ملک رسل ءنس ءله سمع بصر
22:76	علم بین یدی خلف ءله رجع ءمر
22:77	ءمن رکع سجد عبد ربب فعل خیر فلح
22:78	جهد ءله حقق جهد جبی جعل دین حرج ملل ءبو برهم سمو سلم قبل کون رسل شهد کون شهد ءنس قوم صلو ءتی زکو عصم ءله ولی نعم ولی نعم نصر
23:1	فلح ءمن
23:2	صلو خشع
23:3	لغو عرض
23:4	زکو فعل
23:5	فرج حفظ
23:6	زوج ملک یمن غیر لوم
23:7	بغی وری عدو
23:8	ءمن عهد رعی
23:9	صلو حفظ
23:10	ورث
23:11	ورث فردس خلد
23:12	خلق ءنس سلل طین
23:13	جعل نطف قرر مکن
23:14	خلق نطف علق خلق علق مضغ خلق مضغ عظم کسو عظم لحم نشء خلق ءخر برک ءله حسن خلق
23:15	بعد موت
23:16	یوم قوم بعث
23:17	خلق فوق سبع طرق کون خلق غفل
23:18	نزل سمو موه قدر سکن ءرض ذهب قدر
23:19	نشء جنن نخل عنب فکه کثر ءکل
23:20	شجر خرج طور سین نبت دهن صبغ ءکل
23:21	نعم عبر سقی بطن نفع کثر ءکل
23:22	فلک حمل
23:23	رسل نوح قوم قول قوم عبد ءله ءله غیر وقی
23:24	قول ملء کفر قوم بشر مثل رود فضل شیء ءله نزل ملک سمع ءبو ءول
23:25	رجل جنن ربص حین
23:26	قول ربب نصر کذب
23:27	وحی صنع فلک عین وحی جیء ءمر فور تنر سلک کلل زوج ثنی ءهل سبق قول خطب ظلم غرق
23:28	سوو فلک قول حمد ءله نجو قوم ظلم
23:29	قول ربب نزل نزل برک خیر نزل
23:30	ءیی کون بلو
23:31	نشء بعد قرن ءخر
23:32	رسل رسل عبد ءله ءله غیر وقی
23:33	قول ملء قوم کفر کذب لقی ءخر ترف حیی دنو بشر مثل ءکل ءکل شرب شرب
23:34	طوع بشر مثل خسر
23:35	وعد موت کون ترب عظم خرج
23:36	هیه هیه وعد
23:37	حیی دنو موت حیی بعث
23:38	رجل فری ءله کذب ءمن
23:39	قول ربب نصر کذب
23:40	قول قلل صبح ندم
23:41	ءخذ صیح حقق جعل غثو بعد قوم ظلم
23:42	نشء بعد قرن ءخر
23:43	سبق ءمم ءجل ءخر
23:44	رسل رسل وتر کلل جیء ءمم رسل کذب تبع بعض بعض جعل حدث بعد قوم ءمن
23:45	رسل وسی ءخو هرن ءیی سلط بین
23:46	فرعن ملء کبر کون قوم علو
23:47	قول ءمن بشر مثل قوم عبد
23:48	کذب کون هلک
23:49	ءتی وسی کتب هدی
23:50	جعل بنو ریم ءمم ءیی ءوی ربو ذوی قرر عین
23:51	رسل ءکل طیب عمل صلح عمل علم
23:52	ءمم ءمم وحد ربب وقی
23:53	قطع ءمر بین زبر کلل حزب لدی فرح
23:54	وذر غمر حین
23:55	حسب مدد مول بنو
23:56	سرع خیر شعر
23:57	خشی ربب شفق
23:58	ءیی ربب ءمن
23:59	ربب شرک
23:60	ءتی ءتی قلب وجل ربب رجع
23:61	سرع خیر سبق
23:62	کلف نفس وسع لدی کتب نطق حقق ظلم
23:63	قلب غمر عمل دون عمل
23:64	ءخذ ترف عذب جءر
23:65	جءر یوم نصر
23:66	کون ءیی تلو کون عقب نکص
23:67	کبر سمر هجر
23:68	دبر قول جیء ءتی ءبو ءول
23:69	عرف رسل نکر
23:70	قول جنن جیء حقق کثر حقق کره
23:71	تبع حقق هوی فسد سمو ءرض ءتی ذکر ذکر عرض
23:72	سءل خرج خرج ربب خیر خیر رزق
23:73	دعو صرط قوم
23:74	ءمن ءخر صرط نکب
23:75	رحم کشف ضرر لجج طغی عمه
23:76	ءخذ عذب سکن ربب ضرع
23:77	فتح بوب ذوی عذب شدد بلس
23:78	نشء سمع بصر فءد قلل شکر
23:79	ذرء ءرض حشر
23:80	حیی موت خلف لیل نهر عقل
23:81	قول مثل قول ءول
23:82	قول موت کون ترب عظم بعث
23:83	وعد ءبو قبل سطر ءول
23:84	قول ءرض کون علم
23:85	قول ءله قول ذکر
23:86	قول ربب سمو سبع ربب عرش عظم
23:87	قول ءله قول وقی
23:88	قول یدی ملک کلل شیء جور جور کون علم
23:89	قول ءله قول سحر
23:90	ءتی حقق کذب
23:91	ءخذ ءله ولد کون ءله ذهب کلل ءله خلق علو بعض بعض سبح ءله وصف
23:92	علم غیب شهد علو شرک
23:93	قول ربب رءی وعد
23:94	ربب جعل قوم ظلم
23:95	رءی وعد قدر
23:96	دفع حسن سوء علم وصف
23:97	قول ربب عوذ همز شطن
23:98	عوذ ربب حضر
23:99	جیء وحد موت قول ربب رجع
23:100	عمل صلح ترک کلم قول وری برزخ یوم بعث
23:101	نفخ صور نسب بین یوم سءل
23:102	ثقل وزن فلح
23:103	خفف وزن خسر نفس جهنم خلد
23:104	لفح وجه نور کلح
23:105	کون ءیی تلو کون کذب
23:106	قول ربب غلب شقو کون قوم ضلل
23:107	ربب خرج عود ظلم
23:108	قول خسء کلم
23:109	کون فرق عبد قول ربب ءمن غفر رحم خیر رحم
23:110	ءخذ سخر نسی ذکر کون ضحک
23:111	جزی یوم صبر فوز
23:112	قول لبث ءرض عدد سنو
23:113	قول لبث یوم بعض یوم سءل عدد
23:114	قول لبث قلل کون علم
23:115	حسب خلق عبث رجع
23:116	علو ءله ملک حقق ءله ربب عرش کرم
23:117	دعو ءله ءله ءخر برهن حسب عند ربب فلح کفر
23:118	قول ربب غفر رحم خیر رحم
24:1	سور نزل فرض نزل ءیی بین ذکر
24:2	زنی زنی جلد کلل وحد مءی جلد ءخذ رءف دین ءله کون ءمن ءله یوم ءخر شهد عذب طوف ءمن
24:3	زنی نکح زنی شرک زنی نکح زنی شرک حرم ءمن
24:4	رمی حصن ءتی ربع شهد جلد ثمن جلد قبل شهد ءبد فسق
24:5	توب بعد صلح ءله غفر رحم
24:6	رمی زوج کون شهد نفس شهد وحد ربع شهد ءله صدق
24:7	خمس لعن ءله کون کذب
24:8	درء عذب شهد ربع شهد ءله کذب
24:9	خمس غضب ءله کون صدق
24:10	فضل ءله رحم ءله توب حکم
24:11	جیء ءفک عصب حسب شرر خیر کلل مرء کسب ءثم ولی کبر عذب عظم
24:12	سمع ظنن ءمن ءمن نفس خیر قول ءفک بین
24:13	جیء ربع شهد ءتی شهد عند ءله کذب
24:14	فضل ءله رحم دنو ءخر مسس فیض عذب عظم
24:15	لقی لسن قول فوه لیس علم حسب هون عند ءله عظم
24:16	سمع قول کون کلم سبح بهت عظم
24:17	وعظ ءله عود مثل ءبد کون ءمن
24:18	بین ءله ءیی ءله علم حکم
24:19	حبب شیع فحش ءمن عذب ءلم دنو ءخر ءله علم علم
24:20	فضل ءله رحم ءله رءف رحم
24:21	ءمن تبع خطو شطن تبع خطو شطن ءمر فحش نکر فضل ءله رحم زکو وحد ءبد ءله زکو شیء ءله سمع علم
24:22	ءلو ءول فضل وسع ءتی ءول قرب سکن هجر سبل ءله عفو صفح حبب غفر ءله ءله غفر رحم
24:23	رمی حصن غفل ءمن لعن دنو ءخر عذب عظم
24:24	یوم شهد لسن یدی رجل کون عمل
24:25	یوم وفی ءله دین حقق علم ءله حقق بین
24:26	خبث خبث خبث خبث طیب طیب طیب طیب برء قول غفر رزق کرم
24:27	ءمن دخل بیت غیر بیت ءنس سلم ءهل خیر ذکر
24:28	وجد وحد دخل ءذن قول رجع رجع زکو ءله عمل علم
24:29	لیس جنح دخل بیت غیر سکن متع ءله علم بدو کتم
24:30	قول ءمن غضض بصر حفظ فرج زکو ءله خبر صنع
24:31	قول ءمن غضض بصر حفظ فرج بدو زین ظهر ضرب خمر جیب بدو زین بعل ءبو ءبو بعل بنو بنو بعل ءخو بنو ءخو بنو ءخو نسو ملک یمن تبع غیر ءول ءرب رجل طفل ظهر عور نسو ضرب رجل علم خفی زین توب ءله جمع ءمن فلح
24:32	نکح ءیم صلح عبد ءمو کون فقر غنی ءله فضل ءله وسع علم
24:33	عفف وجد نکح غنی ءله فضل بغی کتب ملک یمن کتب علم خیر ءتی مول ءله ءتی کره فتی بغی رود حصن بغی عرض حیی دنو کره ءله بعد کره غفر رحم
24:34	نزل ءیی بین مثل خلو قبل وعظ وقی
24:35	ءله نور سمو ءرض مثل نور شکو صبح صبح زجج زجج کوکب درر وقد شجر برک زیت شرق غرب کود زیت ضوء مسس نور نور نور هدی ءله نور شیء ضرب ءله مثل ءنس ءله کلل شیء علم
24:36	بیت ءذن ءله رفع ذکر سمو سبح غدو ءصل
24:37	رجل لهو تجر بیع ذکر ءله قوم صلو ءتی زکو خوف یوم قلب قلب بصر
24:38	جزی ءله حسن عمل زید فضل ءله رزق شیء غیر حسب
24:39	کفر عمل سرب قوع حسب ظمء موه جیء وجد شیء وجد ءله عند وفی حسب ءله سرع حسب
24:40	ظلم بحر لجج غشو موج فوق موج فوق سحب ظلم بعض فوق بعض خرج یدی کود رءی جعل ءله نور نور
24:41	رءی ءله سبح سمو ءرض طیر صفف کلل علم صلو سبح ءله علم فعل
24:42	ءله ملک سمو ءرض ءله صیر
24:43	رءی ءله زجو سحب ءلف بین جعل رکم رءی ودق خرج خلل نزل سمو جبل برد صوب شیء صرف شیء کود سنو برق ذهب بصر
24:44	قلب ءله لیل نهر عبر ءول بصر
24:45	ءله خلق کلل دبب موه مشی بطن مشی رجل مشی ربع خلق ءله شیء ءله کلل شیء قدر
24:46	نزل ءیی بین ءله هدی شیء صرط قوم
24:47	قول ءمن ءله رسل طوع ولی فرق بعد ءمن
24:48	دعو ءله رسل حکم بین فرق عرض
24:49	کون حقق ءتی ذعن
24:50	قلب مرض ریب خوف حیف ءله رسل ظلم
24:51	کون قول ءمن دعو ءله رسل حکم بین قول سمع طوع فلح
24:52	طوع ءله رسل خشی ءله وقی فوز
24:53	قسم ءله جهد یمن ءمر خرج قول قسم طوع عرف ءله خبر عمل
24:54	قول طوع ءله طوع رسل ولی حمل حمل طوع هدی رسل بلغ بین
24:55	وعد ءله ءمن عمل صلح خلف ءرض خلف قبل مکن دین رضو بدل بعد خوف ءمن عبد شرک شیء کفر بعد فسق
24:56	قوم صلو ءتی زکو طوع رسل رحم
24:57	حسب کفر عجز ءرض ءوی نور بءس صیر
24:58	ءمن ءذن ملک یمن بلغ حلم ثلث مرر قبل صلو فجر حین وضع ثوب ظهر بعد صلو عشو ثلث عور لیس جنح بعد طوف بعض بعض بین ءله ءیی ءله علم حکم
24:59	بلغ طفل حلم ءذن ءذن قبل بین ءله ءیی ءله علم حکم
24:60	قعد نسو رجو نکح لیس جنح وضع ثوب غیر برج زین عفف خیر ءله سمع علم
24:61	لیس عمی حرج عرج حرج مرض حرج نفس ءکل بیت بیت ءبو بیت ءمم بیت ءخو بیت ءخو بیت عمم بیت عمم بیت خیل بیت خول ملک فتح صدق لیس جنح ءکل جمع شتت دخل بیت سلم نفس حیی عند ءله برک طیب بین ءله ءیی عقل
24:62	ءمن ءمن ءله رسل کون ءمر جمع ذهب ءذن ءذن ءمن ءله رسل ءذن بعض شءن ءذن شیء غفر ءله ءله غفر رحم
24:63	جعل دعو رسل بین دعو بعض بعض علم ءله سلل لوذ حذر خلف ءمر صوب فتن صوب عذب ءلم
24:64	ءله سمو ءرض علم یوم رجع نبء عمل ءله کلل شیء علم
25:1	برک نزل فرق عبد کون علم نذر
25:2	ملک سمو ءرض ءخذ ولد کون شرک ملک خلق کلل شیء قدر قدر
25:3	ءخذ دون ءله خلق شیء خلق ملک نفس ضرر نفع ملک موت حیی نشر
25:4	قول کفر ءفک فری عون قوم ءخر جیء ظلم زور
25:5	قول سطر ءول کتب ملو بکر ءصل
25:6	قول نزل علم سرر سمو ءرض کون غفر رحم
25:7	قول رسل ءکل طعم مشی سوق نزل ملک کون نذر
25:8	لقی کنز کون جنن ءکل قول ظلم تبع رجل سحر
25:9	نظر ضرب مثل ضلل طوع سبل
25:10	برک شیء جعل خیر جنن جری تحت نهر جعل قصر
25:11	کذب سوع عتد کذب سوع سعر
25:12	رءی کون بعد سمع غیظ زفر
25:13	لقی کون ضیق قرن دعو ثبر
25:14	دعو یوم ثبر وحد دعو ثبر کثر
25:15	قول خیر جنن خلد وعد وقی کون جزی صیر
25:16	شیء خلد کون ربب وعد سءل
25:17	یوم حشر عبد دون ءله قول ضلل عبد ضلل سبل
25:18	قول سبح کون بغی ءخذ دون ولی متع ءبو نسی ذکر کون قوم بور
25:19	کذب قول طوع صرف نصر ظلم ذوق عذب کبر
25:20	رسل قبل رسل ءکل طعم مشی سوق جعل بعض بعض فتن صبر کون ربب بصر
25:21	قول رجو لقی نزل ملک رءی ربب کبر نفس عتو عتو کبر
25:22	یوم رءی ملک بشر یوم جرم قول حجر حجر
25:23	قدم عمل عمل جعل هبو نثر
25:24	صحب جنن یوم خیر قرر حسن قیل
25:25	یوم شقق سمو غمم نزل ملک نزل
25:26	ملک یوم حقق رحم کون یوم کفر عسر
25:27	یوم عضض ظلم یدی قول ءخذ رسل سبل
25:28	ویل ءخذ فلن خلل
25:29	ضلل ذکر بعد جیء کون شطن ءنس خذل
25:30	قول رسل ربب قوم ءخذ قرء هجر
25:31	جعل کلل نبو عدو جرم کفی ربب هدی نصر
25:32	قول کفر نزل قرء جمل وحد ثبت فءد رتل رتل
25:33	ءتی مثل جیء حقق حسن فسر
25:34	حشر وجه جهنم شرر کون ضلل سبل
25:35	ءتی وسی کتب جعل ءخو هرن وزر
25:36	قول ذهب قوم کذب ءیی دمر دمر
25:37	قوم نوح کذب رسل غرق جعل ءنس ءیی عتد ظلم عذب ءلم
25:38	عود ثمد صحب رسس قرن بین کثر
25:39	کلل ضرب مثل کلل تبر تبر
25:40	ءتی قری مطر مطر سوء کون رءی کون رجو نشر
25:41	رءی ءخذ هزء بعث ءله رسل
25:42	کود ضلل ءله صبر علم حین رءی عذب ضلل سبل
25:43	رءی ءخذ ءله هوی کون وکل
25:44	حسب کثر سمع عقل نعم ضلل سبل
25:45	رءی ربب مدد ظلل شیء جعل سکن جعل شمس دلل
25:46	قبض قبض یسر
25:47	جعل لیل لبس نوم سبت جعل نهر نشر
25:48	رسل روح بشر بین یدی رحم نزل سمو موه طهر
25:49	حیی بلد موت سقی خلق نعم ءنس کثر
25:50	صرف بین ذکر ءبی کثر ءنس کفر
25:51	شیء بعث کلل قری نذر
25:52	طوع کفر جهد جهد کبر
25:53	مرج بحر عذب فرت ملح ءجج جعل بین برزخ حجر حجر
25:54	خلق موه بشر جعل نسب صهر کون ربب قدر
25:55	عبد دون ءله نفع ضرر کون کفر ربب ظهر
25:56	رسل بشر نذر
25:57	قول سءل ءجر شیء ءخذ ربب سبل
25:58	وکل حیی موت سبح حمد کفی ذنب عبد خبر
25:59	خلق سمو ءرض بین ستت یوم سوو عرش رحم سءل خبر
25:60	قول سجد رحم قول رحم سجد ءمر زید نفر
25:61	برک جعل سمو برج جعل سرج قمر نور
25:62	جعل لیل نهر خلف رود ذکر رود شکر
25:63	عبد رحم مشی ءرض هون خطب جهل قول سلم
25:64	بیت ربب سجد قوم
25:65	قول ربب صرف عذب جهنم عذب کون غرم
25:66	سوء قرر قوم
25:67	نفق سرف قتر کون بین قوم
25:68	دعو ءله ءله ءخر قتل نفس حرم ءله حقق زنی فعل لقی ءثم
25:69	ضعف عذب یوم قوم خلد هون
25:70	توب ءمن عمل عمل صلح بدل ءله سوء حسن کون ءله غفر رحم
25:71	توب عمل صلح توب ءله توب
25:72	شهد زور مرر لغو مرر کرم
25:73	ذکر ءیی ربب خرر صمم عمی
25:74	قول ربب وهب زوج ذرر قرر عین جعل وقی ءمم
25:75	جزی غرف صبر لقی حیی سلم
25:76	خلد حسن قرر قوم
25:77	قول عبء ربب دعو کذب کون لزم
26:1	NA
26:2	ءیی کتب بین
26:3	بخع نفس کون ءمن
26:4	شیء نزل سمو ءیی ظلل عنق خضع
26:5	ءتی ذکر رحم حدث کون عرض
26:6	کذب ءتی نبء کون هزء
26:7	رءی ءرض نبت کلل زوج کرم
26:8	ءیی کون کثر ءمن
26:9	ربب عزز رحم
26:10	ندو ربب وسی ءتی قوم ظلم
26:11	قوم فرعن وقی
26:12	قول ربب خوف کذب
26:13	ضیق صدر طلق لسن رسل هرن
26:14	ذنب خوف قتل
26:15	قول ذهب ءیی سمع
26:16	ءتی فرعن قول رسل ربب علم
26:17	رسل بنو
26:18	قول ربو ولد لبث عمر سنو
26:19	فعل فعل فعل کفر
26:20	قول فعل ضلل
26:21	فرر خوف وهب ربب حکم جعل رسل
26:22	نعم منن عبد بنو
26:23	قول فرعن ربب علم
26:24	قول ربب سمو ءرض بین کون یقن
26:25	قول حول سمع
26:26	قول ربب ربب ءبو ءول
26:27	قول رسل رسل جنن
26:28	قول ربب شرق غرب بین کون عقل
26:29	قول ءخذ ءله غیر جعل سجن
26:30	قول جیء شیء بین
26:31	قول ءتی کون صدق
26:32	لقی عصو ثعب بین
26:33	نزع یدی بیض نظر
26:34	قول ملء حول سحر علم
26:35	رود خرج ءرض سحر ذوی ءمر
26:36	قول رجا ءخو بعث مدن حشر
26:37	ءتی کلل سحر علم
26:38	جمع سحر وقت یوم علم
26:39	قول ءنس جمع
26:40	تبع سحر کون غلب
26:41	جیء سحر قول فرعن ءجر کون غلب
26:42	قول قرب
26:43	قول وسی لقی لقی
26:44	لقی حبل عصو قول عزز فرعن غلب
26:45	لقی وسی عصو لقف ءفک
26:46	لقی سحر سجد
26:47	قول ءمن ربب علم
26:48	ربب وسی هرن
26:49	قول ءمن قبل ءذن کبر علم سحر علم قطع یدی رجل خلف صلب جمع
26:50	قول ضیر ربب قلب
26:51	طمع غفر ربب خطء کون ءول ءمن
26:52	وحی وسی سری عبد تبع
26:53	رسل فرعن مدن حشر
26:54	شرذم قلل
26:55	غیظ
26:56	جمع حذر
26:57	خرج جنن عین
26:58	کنز قوم کرم
26:59	ورث بنو
26:60	تبع شرق
26:61	رءی جمع قول صحب وسی درک
26:62	قول ربب هدی
26:63	وحی وسی ضرب عصو بحر فلق کون کلل فرق طود عظم
26:64	زلف ءخر
26:65	نجو وسی جمع
26:66	غرق ءخر
26:67	ءیی کون کثر ءمن
26:68	ربب عزز رحم
26:69	تلو نبء برهم
26:70	قول ءبو قوم عبد
26:71	قول عبد صنم ظلل عکف
26:72	قول سمع دعو
26:73	نفع ضرر
26:74	قول وجد ءبو فعل
26:75	قول رءی کون عبد
26:76	ءبو قدم
26:77	عدو ربب علم
26:78	خلق هدی
26:79	طعم سقی
26:80	مرض شفی
26:81	موت حیی
26:82	طمع غفر خطء یوم دین
26:83	ربب وهب حکم لحق صلح
26:84	جعل لسن صدق ءخر
26:85	جعل ورث جنن نعم
26:86	غفر ءبو کون ضلل
26:87	خزی یوم بعث
26:88	یوم نفع مول بنو
26:89	ءتی ءله قلب سلم
26:90	زلف جنن وقی
26:91	برز جحم غوی
26:92	قول ءین کون عبد
26:93	دون ءله نصر نصر
26:94	کبکب غوی
26:95	جند بلس جمع
26:96	قول خصم
26:97	ءله کون ضلل بین
26:98	سوو ربب علم
26:99	ضلل جرم
26:100	شفع
26:101	صدق حمم
26:102	کرر کون ءمن
26:103	ءیی کون کثر ءمن
26:104	ربب عزز رحم
26:105	کذب قوم نوح رسل
26:106	قول ءخو نوح وقی
26:107	رسل ءمن
26:108	وقی ءله طوع
26:109	سءل ءجر ءجر ربب علم
26:110	وقی ءله طوع
26:111	قول ءمن تبع رذل
26:112	قول علم کون عمل
26:113	حسب ربب شعر
26:114	طرد ءمن
26:115	نذر بین
26:116	قول نهی نوح کون رجم
26:117	قول ربب قوم کذب
26:118	فتح بین بین فتح نجو ءمن
26:119	نجو فلک شحن
26:120	غرق بعد بقی
26:121	ءیی کون کثر ءمن
26:122	ربب عزز رحم
26:123	کذب عود رسل
26:124	قول ءخو هود وقی
26:125	رسل ءمن
26:126	وقی ءله طوع
26:127	سءل ءجر ءجر ربب علم
26:128	بنی کلل ریع ءیی عبث
26:129	ءخذ صنع خلد
26:130	بطش بطش جبر
26:131	وقی ءله طوع
26:132	وقی مدد علم
26:133	مدد نعم بنو
26:134	جنن عین
26:135	خوف عذب یوم عظم
26:136	قول سوو وعظ کون وعظ
26:137	خلق ءول
26:138	عذب
26:139	کذب هلک ءیی کون کثر ءمن
26:140	ربب عزز رحم
26:141	کذب ثمد رسل
26:142	قول ءخو صلح وقی
26:143	رسل ءمن
26:144	وقی ءله طوع
26:145	سءل ءجر ءجر ربب علم
26:146	ترک ءمن
26:147	جنن عین
26:148	زرع نخل طلع هضم
26:149	نحت جبل بیت فره
26:150	وقی ءله طوع
26:151	طوع ءمر سرف
26:152	فسد ءرض صلح
26:153	قول سحر
26:154	بشر مثل ءتی ءیی کون صدق
26:155	قول نوق شرب شرب یوم علم
26:156	مسس سوء ءخذ عذب یوم عظم
26:157	عقر صبح ندم
26:158	ءخذ عذب ءیی کون کثر ءمن
26:159	ربب عزز رحم
26:160	کذب قوم لوط رسل
26:161	قول ءخو لوط وقی
26:162	رسل ءمن
26:163	وقی ءله طوع
26:164	سءل ءجر ءجر ربب علم
26:165	ءتی ذکر علم
26:166	وذر خلق ربب زوج قوم عدو
26:167	قول نهی لوط کون خرج
26:168	قول عمل قلی
26:169	ربب نجو ءهل عمل
26:170	نجو ءهل جمع
26:171	عجز غبر
26:172	دمر ءخر
26:173	مطر مطر سوء مطر نذر
26:174	ءیی کون کثر ءمن
26:175	ربب عزز رحم
26:176	کذب صحب ءیک رسل
26:177	قول شعب وقی
26:178	رسل ءمن
26:179	وقی ءله طوع
26:180	سءل ءجر ءجر ربب علم
26:181	وفی کیل کون خسر
26:182	وزن قسطس قوم
26:183	بخس ءنس شیء عثو ءرض فسد
26:184	وقی خلق جبل ءول
26:185	قول سحر
26:186	بشر مثل ظنن کذب
26:187	سقط کسف سمو کون صدق
26:188	قول ربب علم عمل
26:189	کذب ءخذ عذب یوم ظلل کون عذب یوم عظم
26:190	ءیی کون کثر ءمن
26:191	ربب عزز رحم
26:192	نزل ربب علم
26:193	نزل روح ءمن
26:194	قلب کون نذر
26:195	لسن عرب بین
26:196	زبر ءول
26:197	کون ءیی علم علم بنو
26:198	نزل بعض عجم
26:199	قرء کون ءمن
26:200	سلک قلب جرم
26:201	ءمن رءی عذب ءلم
26:202	ءتی بغت شعر
26:203	قول نظر
26:204	عذب عجل
26:205	رءی متع سنو
26:206	جیء کون وعد
26:207	غنی کون متع
26:208	هلک قری نذر
26:209	ذکر کون ظلم
26:210	نزل شطن
26:211	بغی طوع
26:212	سمع عزل
26:213	دعو ءله ءله ءخر کون عذب
26:214	نذر عشر قرب
26:215	خفض جنح تبع ءمن
26:216	عصی قول برء عمل
26:217	وکل عزز رحم
26:218	رءی حین قوم
26:219	قلب سجد
26:220	سمع علم
26:221	نبء نزل شطن
26:222	نزل کلل ءفک ءثم
26:223	لقی سمع کثر کذب
26:224	شعر تبع غوی
26:225	رءی کلل ودی هیم
26:226	قول فعل
26:227	ءمن عمل صلح ذکر ءله کثر نصر بعد ظلم علم ظلم قلب قلب
27:1	ءیی قرء کتب بین
27:2	هدی بشر ءمن
27:3	قوم صلو ءتی زکو ءخر یقن
27:4	ءمن ءخر زین عمل عمه
27:5	سوء عذب ءخر خسر
27:6	لقی قرء لدن حکم علم
27:7	قول وسی ءهل ءنس نور ءتی خبر ءتی شهب قبس صلی
27:8	جیء ندو برک نور حول سبح ءله ربب علم
27:9	وسی ءله عزز حکم
27:10	لقی عصو رءی هزز جنن ولی دبر عقب وسی خوف خوف لدی رسل
27:11	ظلم بدل حسن بعد سوء غفر رحم
27:12	دخل یدی جیب خرج بیض غیر سوء تسع ءیی فرعن قوم کون قوم فسق
27:13	جیء ءیی بصر قول سحر بین
27:14	جحد یقن نفس ظلم علو نظر کون عقب فسد
27:15	ءتی دود سلم علم قول حمد ءله فضل کثر عبد ءمن
27:16	ورث سلم دود قول ءنس علم نطق طیر ءتی کلل شیء فضل بین
27:17	حشر سلم جند جنن ءنس طیر وزع
27:18	ءتی ودی نمل قول نمل نمل دخل سکن حطم سلم جند شعر
27:19	بسم ضحک قول قول ربب وزع شکر نعم نعم ولد عمل صلح رضو دخل رحم عبد صلح
27:20	فقد طیر قول رءی هدهد کون غیب
27:21	عذب عذب شدد ذبح ءتی سلط بین
27:22	مکث غیر بعد قول حوط حوط جیء سبء نبء یقن
27:23	وجد مرء ملک ءتی کلل شیء عرش عظم
27:24	وجد قوم سجد شمس دون ءله زین شطن عمل صدد سبل هدی
27:25	سجد ءله خرج خبء سمو ءرض علم خفی علن
27:26	ءله ءله ربب عرش عظم
27:27	قول نظر صدق کون کذب
27:28	ذهب کتب لقی ولی نظر ذوی رجع
27:29	قول ملء لقی کتب کرم
27:30	سلم سمو ءله رحم رحم
27:31	علو ءتی سلم
27:32	قول ملء فتی ءمر کون قطع ءمر شهد
27:33	قول ءول قوی ءول بءس شدد ءمر نظر ذوی ءمر
27:34	قول ملک دخل قری فسد جعل عزز ءهل ذلل فعل
27:35	رسل هدی نظر رجع رسل
27:36	جیء سلم قول مدد مول ءتی ءله خیر ءتی هدی فرح
27:37	رجع ءتی جند قبل خرج ذلل صغر
27:38	قول ملء ءتی عرش قبل ءتی سلم
27:39	قول عفرت جنن ءتی قبل قوم قوم قوی ءمن
27:40	قول عند علم کتب ءتی قبل ردد طرف رءی قرر عند قول فضل ربب بلو شکر کفر شکر شکر نفس کفر ربب غنی کرم
27:41	قول نکر عرش نظر هدی کون هدی
27:42	جیء قول عرش قول ءتی علم قبل کون سلم
27:43	صدد کون عبد دون ءله کون قوم کفر
27:44	قول دخل صرح رءی حسب لجج کشف سوق قول صرح مرد قرر قول ربب ظلم نفس سلم سلم ءله ربب علم
27:45	رسل ثمد ءخو صلح عبد ءله فرق خصم
27:46	قول قوم عجل سوء قبل حسن غفر ءله رحم
27:47	قول طیر قول طیر عند ءله قوم فتن
27:48	کون مدن تسع رهط فسد ءرض صلح
27:49	قول قسم ءله بیت ءهل قول ولی شهد هلک ءهل صدق
27:50	مکر مکر مکر مکر شعر
27:51	نظر کون عقب مکر دمر قوم جمع
27:52	بیت خوی ظلم ءیی قوم علم
27:53	نجو ءمن کون وقی
27:54	لوط قول قوم ءتی فحش بصر
27:55	ءتی رجل شهو دون نسو قوم جهل
27:56	کون جوب قوم قول خرج ءول لوط قری ءنس طهر
27:57	نجو ءهل مرء قدر غبر
27:58	مطر مطر سوء مطر نذر
27:59	قول حمد ءله سلم عبد صفو ءله خیر شرک
27:60	خلق سمو ءرض نزل سمو موه نبت حدق ذوی بهج کون نبت شجر ءله ءله قوم عدل
27:61	جعل ءرض قرر جعل خلل نهر جعل رسو جعل بین بحر حجز ءله ءله کثر علم
27:62	جوب ضرر دعو کشف سوء جعل خلف ءرض ءله ءله قلل ذکر
27:63	هدی ظلم برر بحر رسل روح بشر بین یدی رحم ءله ءله علو ءله شرک
27:64	بدء خلق عود رزق سمو ءرض ءله ءله قول هیت برهن کون صدق
27:65	قول علم سمو ءرض غیب ءله شعر بعث
27:66	درک علم ءخر شکک عمی
27:67	قول کفر کون ترب ءبو خرج
27:68	وعد ءبو قبل سطر ءول
27:69	قول سیر ءرض نظر کون عقب جرم
27:70	حزن کون ضیق مکر
27:71	قول وعد کون صدق
27:72	قول عسی کون ردف بعض عجل
27:73	ربب ذوی فضل ءنس کثر شکر
27:74	ربب علم کنن صدر علن
27:75	غیب سمو ءرض کتب بین
27:76	قرء قصص بنو کثر خلف
27:77	هدی رحم ءمن
27:78	ربب قضی بین حکم عزز علم
27:79	وکل ءله حقق بین
27:80	سمع موت سمع صمم دعو ولی دبر
27:81	هدی عمی ضلل سمع ءمن ءیی سلم
27:82	وقع قول خرج دبب ءرض کلم ءنس کون ءیی یقن
27:83	یوم حشر کلل ءمم فوج کذب ءیی وزع
27:84	جیء قول کذب ءیی حوط علم ذوی کون عمل
27:85	وقع قول ظلم نطق
27:86	رءی جعل لیل سکن نهر بصر ءیی قوم ءمن
27:87	یوم نفخ صور فزع سمو ءرض شیء ءله کلل ءتی دخر
27:88	رءی جبل حسب جمد مرر مرر سحب صنع ءله تقن کلل شیء خبر فعل
27:89	جیء حسن خیر فزع یوم ءمن
27:90	جیء سوء کبب وجه نور جزی کون عمل
27:91	ءمر عبد ربب بلد حرم کلل شیء ءمر کون سلم
27:92	تلو قرء هدی هدی نفس ضلل قول نذر
27:93	قول حمد ءله رءی ءیی عرف ربب غفل عمل
28:1	NA
28:2	ءیی کتب بین
28:3	تلو نبء وسی فرعن حقق قوم ءمن
28:4	فرعن علو ءرض جعل ءهل شیع ضعف طوف ذبح بنو حیی نسو کون فسد
28:5	رود منن ضعف ءرض جعل ءمم جعل ورث
28:6	مکن ءرض رءی فرعن همن جند کون حذر
28:7	وحی ءمم وسی رضع خوف لقی یمم خوف حزن ردد جعل رسل
28:8	لقط ءول فرعن کون عدو حزن فرعن همن جند کون خطء
28:9	قول مرء فرعن قرر عین قتل عسی نفع ءخذ ولد شعر
28:10	صبح فءد ءمم وسی فرغ کود بدو ربط قلب کون ءمن
28:11	قول ءخو قصص بصر جنب شعر
28:12	حرم رضع قبل قول دلل ءهل بیت کفل نصح
28:13	ردد ءمم قرر عین حزن علم وعد ءله حقق کثر علم
28:14	بلغ شدد سوو ءتی حکم علم جزی حسن
28:15	دخل مدن حین غفل ءهل وجد رجل قتل شیع عدو غوث شیع عدو وکز وسی قضی قول عمل شطن عدو ضلل بین
28:16	قول ربب ظلم نفس غفر غفر غفر رحم
28:17	قول ربب نعم کون ظهر جرم
28:18	صبح مدن خوف رقب نصر ءمس صرخ قول وسی غوی بین
28:19	رود بطش عدو قول وسی رود قتل قتل نفس ءمس رود کون جبر ءرض رود کون صلح
28:20	جیء رجل قصو مدن سعی قول وسی ملء ءمر قتل خرج نصح
28:21	خرج خوف رقب قول ربب نجو قوم ظلم
28:22	وجه لقی مدن قول عسی ربب هدی سوو سبل
28:23	ورد موه مدن وجد ءمم ءنس سقی وجد دون مرء ذود قول خطب قول سقی صدر رعی ءبو شیخ کبر
28:24	سقی ولی ظلل قول ربب نزل خیر فقر
28:25	جیء وحد مشی حیی قول ءبو دعو جزی ءجر سقی جیء قصص قصص قول خوف نجو قوم ظلم
28:26	قول وحد ءبو ءجر خیر ءجر قوی ءمن
28:27	قول رود نکح وحد بنو ءجر ثمن حجج تمم عشر عند رود شقق وجد شیء ءله صلح
28:28	قول بین بین ءجل قضی عدو ءله قول وکل
28:29	قضی وسی ءجل سیر ءهل ءنس جنب طور نور قول ءهل مکث ءنس نور ءتی خبر جذو نور صلی
28:30	ءتی ندو شطء ودی یمن بقع برک شجر وسی ءله ربب علم
28:31	لقی عصو رءی هزز جنن ولی دبر عقب وسی قبل خوف ءمن
28:32	سلک یدی جیب خرج بیض غیر سوء ضمم جنح رهب برهن ربب فرعن ملء کون قوم فسق
28:33	قول ربب قتل نفس خوف قتل
28:34	ءخو هرن فصح لسن رسل ردء صدق خوف کذب
28:35	قول شدد عضد ءخو جعل سلط وصل ءیی تبع غلب
28:36	جیء وسی ءیی بین قول سحر فری سمع ءبو ءول
28:37	قول وسی ربب علم جیء هدی عند کون عقب دور فلح ظلم
28:38	قول فرعن ملء علم ءله غیر وقد همن طین جعل صرح طلع ءله وسی ظنن کذب
28:39	کبر جند ءرض غیر حقق ظنن رجع
28:40	ءخذ جند نبذ یمم نظر کون عقب ظلم
28:41	جعل ءمم دعو نور یوم قوم نصر
28:42	تبع دنو لعن یوم قوم قبح
28:43	ءتی وسی کتب بعد هلک قرن ءول بصر ءنس هدی رحم ذکر
28:44	کون جنب غرب قضی وسی ءمر کون شهد
28:45	نشء قرن طول عمر کون ثوی ءهل مدن تلو ءیی کون رسل
28:46	کون جنب طور ندو رحم ربب نذر قوم ءتی نذر قبل ذکر
28:47	صوب صوب قدم یدی قول ربب رسل رسل تبع ءیی کون ءمن
28:48	جیء حقق عند قول ءتی مثل ءتی وسی کفر ءتی وسی قبل قول سحر ظهر قول کلل کفر
28:49	قول ءتی کتب عند ءله هدی تبع کون صدق
28:50	جوب علم تبع هوی ضلل تبع هوی غیر هدی ءله ءله هدی قوم ظلم
28:51	وصل قول ذکر
28:52	ءتی کتب قبل ءمن
28:53	تلو قول ءمن حقق ربب کون قبل سلم
28:54	ءتی ءجر مرر صبر درء حسن سوء رزق نفق
28:55	سمع لغو عرض قول عمل عمل سلم بغی جهل
28:56	هدی حبب ءله هدی شیء علم هدی
28:57	قول تبع هدی خطف ءرض مکن حرم ءمن جبی ثمر کلل شیء رزق لدن کثر علم
28:58	هلک قری بطر عیش سکن سکن بعد قلل کون ورث
28:59	کون ربب هلک قری بعث ءمم رسل تلو ءیی کون هلک قری ءهل ظلم
28:60	ءتی شیء متع حیی دنو زین عند ءله خیر بقی عقل
28:61	وعد وعد حسن لقی متع متع حیی دنو یوم قوم حضر
28:62	یوم ندو قول ءین شرک کون زعم
28:63	قول حقق قول ربب غوی غوی غوی برء کون عبد
28:64	قول دعو شرک دعو جوب رءی عذب کون هدی
28:65	یوم ندو قول ذوی جوب رسل
28:66	عمی نبء یوم سءل
28:67	توب ءمن عمل صلح عسی کون فلح
28:68	ربب خلق شیء خیر کون خیر سبح ءله علو شرک
28:69	ربب علم کنن صدر علن
28:70	ءله ءله حمد ءول ءخر حکم رجع
28:71	قول رءی جعل ءله لیل سرمد یوم قوم ءله غیر ءله ءتی ضوء سمع
28:72	قول رءی جعل ءله نهر سرمد یوم قوم ءله غیر ءله ءتی لیل سکن بصر
28:73	رحم جعل لیل نهر سکن بغی فضل شکر
28:74	یوم ندو قول ءین شرک کون زعم
28:75	نزع کلل ءمم شهد قول هیت برهن علم حقق ءله ضلل کون فری
28:76	قرن کون قوم وسی بغی ءتی کنز فتح نوء عصب ءول قوی قول قوم فرح ءله حبب فرح
28:77	بغی ءتی ءله دور ءخر نسی نصب دنو حسن حسن ءله بغی فسد ءرض ءله حبب فسد
28:78	قول ءتی علم عند علم ءله هلک قبل قرن شدد قوی کثر جمع سءل ذنب جرم
28:79	خرج قوم زین قول رود حیی دنو مثل ءتی قرن ذوی حظظ عظم
28:80	قول ءتی علم ویل ثوب ءله خیر ءمن عمل صلح لقی صبر
28:81	خسف دور ءرض کون فءی نصر دون ءله کون نصر
28:82	صبح منی کون ءمس قول ءله بسط رزق شیء عبد قدر منن ءله خسف فلح کفر
28:83	دور ءخر جعل رود علو ءرض فسد عقب وقی
28:84	جیء حسن خیر جیء سوء جزی عمل سوء کون عمل
28:85	فرض قرء ردد عود قول ربب علم جیء هدی ضلل بین
28:86	کون رجو لقی کتب رحم ربب کون ظهر کفر
28:87	صدد ءیی ءله بعد نزل دعو ربب کون شرک
28:88	دعو ءله ءله ءخر ءله کلل شیء هلک وجه حکم رجع
29:1	NA
29:2	حسب ءنس ترک قول ءمن فتن
29:3	فتن قبل علم ءله صدق علم کذب
29:4	حسب عمل سوء سبق سوء حکم
29:5	کون رجو لقی ءله ءجل ءله ءتی سمع علم
29:6	جهد جهد نفس ءله غنی علم
29:7	ءمن عمل صلح کفر سوء جزی حسن کون عمل
29:8	وصی ءنس ولد حسن جهد شرک لیس علم طوع رجع نبء کون عمل
29:9	ءمن عمل صلح دخل صلح
29:10	ءنس قول ءمن ءله ءذی ءله جعل فتن ءنس عذب ءله جیء نصر ربب قول کون لیس ءله علم صدر علم
29:11	علم ءله ءمن علم نفق
29:12	قول کفر ءمن تبع سبل حمل خطء حمل خطء شیء کذب
29:13	حمل ثقل ثقل ثقل سءل یوم قوم کون فری
29:14	رسل نوح قوم لبث ءلف سنو خمس عوم ءخذ طوف ظلم
29:15	نجو صحب سفن جعل ءیی علم
29:16	برهم قول قوم عبد ءله وقی خیر کون علم
29:17	عبد دون ءله وثن خلق ءفک عبد دون ءله ملک رزق بغی عند ءله رزق عبد شکر رجع
29:18	کذب کذب ءمم قبل رسل بلغ بین
29:19	رءی بدء ءله خلق عود ءله یسر
29:20	قول سیر ءرض نظر بدء خلق ءله نشء نشء ءخر ءله کلل شیء قدر
29:21	عذب شیء رحم شیء قلب
29:22	عجز ءرض سمو دون ءله ولی نصر
29:23	کفر ءیی ءله لقی یءس رحم عذب ءلم
29:24	کون جوب قوم قول قتل حرق نجو ءله نور ءیی قوم ءمن
29:25	قول ءخذ دون ءله وثن ودد بین حیی دنو یوم قوم کفر بعض بعض لعن بعض بعض ءوی نور نصر
29:26	ءمن لوط قول هجر ربب عزز حکم
29:27	وهب سحق عقب جعل ذرر نبو کتب ءتی ءجر دنو ءخر صلح
29:28	لوط قول قوم ءتی فحش سبق وحد علم
29:29	ءتی رجل قطع سبل ءتی ندو نکر کون جوب قوم قول ءتی عذب ءله کون صدق
29:30	قول ربب نصر قوم فسد
29:31	جیء رسل برهم بشر قول هلک ءهل قری ءهل کون ظلم
29:32	قول لوط قول علم نجو ءهل مرء کون غبر
29:33	جیء رسل لوط سوء ضیق ذرع قول خوف حزن نجو ءهل مرء کون غبر
29:34	نزل ءهل قری رجز سمو کون فسق
29:35	ترک ءیی بین قوم عقل
29:36	مدن ءخو شعب قول قوم عبد ءله رجو یوم ءخر عثو ءرض فسد
29:37	کذب ءخذ رجف صبح دور جثم
29:38	عود ثمد بین سکن زین شطن عمل صدد سبل کون بصر
29:39	قرن فرعن همن جیء وسی بین کبر ءرض کون سبق
29:40	کلل ءخذ ذنب رسل حصب ءخذ صیح خسف ءرض غرق کون ءله ظلم کون نفس ظلم
29:41	مثل ءخذ دون ءله ولی مثل عنکب ءخذ بیت وهن بیت بیت عنکب کون علم
29:42	ءله علم دعو دون شیء عزز حکم
29:43	مثل ضرب ءنس عقل علم
29:44	خلق ءله سمو ءرض حقق ءیی ءمن
29:45	تلو وحی کتب قوم صلو صلو نهی فحش نکر ذکر ءله کبر ءله علم صنع
29:46	جدل ءهل کتب حسن ظلم قول ءمن نزل نزل ءله ءله وحد سلم
29:47	نزل کتب ءتی کتب ءمن ءمن جحد ءیی کفر
29:48	کون تلو قبل کتب خطط یمن ریب بطل
29:49	ءیی بین صدر ءتی علم جحد ءیی ظلم
29:50	قول نزل ءیی ربب قول ءیی عند ءله نذر بین
29:51	کفی نزل کتب تلو رحم ذکر قوم ءمن
29:52	قول کفی ءله بین بین شهد علم سمو ءرض ءمن بطل کفر ءله خسر
29:53	عجل عذب ءجل سمو جیء عذب ءتی بغت شعر
29:54	عجل عذب جهنم حوط کفر
29:55	یوم غشو عذب فوق تحت رجل قول ذوق کون عمل
29:56	عبد ءمن ءرض وسع عبد
29:57	کلل نفس ذوق موت رجع
29:58	ءمن عمل صلح بوء جنن غرف جری تحت نهر خلد نعم ءجر عمل
29:59	صبر ربب وکل
29:60	دبب حمل رزق ءله رزق سمع علم
29:61	سءل خلق سمو ءرض سخر شمس قمر قول ءله ءفک
29:62	ءله بسط رزق شیء عبد قدر ءله کلل شیء علم
29:63	سءل نزل سمو موه حیی ءرض بعد موت قول ءله قول حمد ءله کثر عقل
29:64	حیی دنو لهو لعب دور ءخر حیی کون علم
29:65	رکب فلک دعو ءله خلص دین نجو برر شرک
29:66	کفر ءتی متع علم
29:67	رءی جعل حرم ءمن خطف ءنس حول بطل ءمن نعم ءله کفر
29:68	ظلم فری ءله کذب کذب حقق جیء لیس جهنم ثوی کفر
29:69	جهد هدی سبل ءله حسن
30:1	NA
30:2	غلب روم
30:3	دنو ءرض بعد غلب غلب
30:4	بضع سنو ءله ءمر قبل بعد یوم فرح ءمن
30:5	نصر ءله نصر شیء عزز رحم
30:6	وعد ءله خلف ءله وعد کثر ءنس علم
30:7	علم ظهر حیی دنو ءخر غفل
30:8	فکر نفس خلق ءله سمو ءرض بین حقق ءجل سمو کثر ءنس لقی ربب کفر
30:9	سیر ءرض نظر کون عقب قبل کون شدد قوی ثور ءرض عمر کثر عمر جیء رسل بین کون ءله ظلم کون نفس ظلم
30:10	کون عقب سوء سوء کذب ءیی ءله کون هزء
30:11	ءله بدء خلق عود رجع
30:12	یوم قوم سوع بلس جرم
30:13	کون شرک شفع کون شرک کفر
30:14	یوم قوم سوع یوم فرق
30:15	ءمن عمل صلح روض حبر
30:16	کفر کذب ءیی لقی ءخر عذب حضر
30:17	سبح ءله حین مسو حین صبح
30:18	حمد سمو ءرض عشو حین ظهر
30:19	خرج حیی موت خرج موت حیی حیی ءرض بعد موت خرج
30:20	ءیی خلق ترب بشر نشر
30:21	ءیی خلق نفس زوج سکن جعل بین ودد رحم ءیی قوم فکر
30:22	ءیی خلق سمو ءرض خلف لسن لون ءیی علم
30:23	ءیی نوم لیل نهر بغی فضل ءیی قوم سمع
30:24	ءیی رءی برق خوف طمع نزل سمو موه حیی ءرض بعد موت ءیی قوم عقل
30:25	ءیی قوم سمو ءرض ءمر دعو دعو ءرض خرج
30:26	سمو ءرض کلل قنت
30:27	بدء خلق عود هون مثل علو سمو ءرض عزز حکم
30:28	ضرب مثل نفس ملک یمن شرک رزق سوو خوف خوف نفس فصل ءیی قوم عقل
30:29	تبع ظلم هوی غیر علم هدی ضلل ءله نصر
30:30	قوم وجه دین حنف فطر ءله فطر ءنس بدل خلق ءله دین قوم کثر ءنس علم
30:31	نوب وقی قوم صلو کون شرک
30:32	فرق دین کون شیع کلل حزب لدی فرح
30:33	مسس ءنس ضرر دعو ربب نوب ذوق رحم فرق ربب شرک
30:34	کفر ءتی متع علم
30:35	نزل سلط کلم کون شرک
30:36	ذوق ءنس رحم فرح صوب سوء قدم یدی قنط
30:37	رءی ءله بسط رزق شیء قدر ءیی قوم ءمن
30:38	ءتی ذوی قرب حقق سکن بنو سبل خیر رود وجه ءله فلح
30:39	ءتی ربو ربو مول ءنس ربو عند ءله ءتی زکو رود وجه ءله ضعف
30:40	ءله خلق رزق موت حیی شرک فعل شیء سبح علو شرک
30:41	ظهر فسد برر بحر کسب یدی ءنس ذوق بعض عمل رجع
30:42	قول سیر ءرض نظر کون عقب قبل کون کثر شرک
30:43	قوم وجه دین قوم قبل ءتی یوم ردد ءله یوم صدع
30:44	کفر کفر عمل صلح نفس مهد
30:45	جزی ءمن عمل صلح فضل حبب کفر
30:46	ءیی رسل روح بشر ذوق رحم جری فلک ءمر بغی فضل شکر
30:47	رسل قبل رسل قوم جیء بین نقم جرم کون حقق نصر ءمن
30:48	ءله رسل روح ثور سحب بسط سمو شیء جعل کسف رءی ودق خرج خلل صوب شیء عبد بشر
30:49	کون قبل نزل قبل بلس
30:50	نظر ءثر رحم ءله حیی ءرض بعد موت حیی موت کلل شیء قدر
30:51	رسل روح رءی صفر ظلل بعد کفر
30:52	سمع موت سمع صمم دعو ولی دبر
30:53	هدی عمی ضلل سمع ءمن ءیی سلم
30:54	ءله خلق ضعف جعل بعد ضعف قوی جعل بعد قوی ضعف شیب خلق شیء علم قدر
30:55	یوم قوم سوع قسم جرم لبث غیر سوع کون ءفک
30:56	قول ءتی علم ءمن لبث کتب ءله یوم بعث یوم بعث کون علم
30:57	یوم نفع ظلم عذر عتب
30:58	ضرب ءنس قرء کلل مثل جیء ءیی قول کفر بطل
30:59	طبع ءله قلب علم
30:60	صبر وعد ءله حقق خفف یقن
31:1	NA
31:2	ءیی کتب حکم
31:3	هدی رحم حسن
31:4	قوم صلو ءتی زکو ءخر یقن
31:5	هدی ربب فلح
31:6	ءنس شری لهو حدث ضلل سبل ءله غیر علم ءخذ هزء عذب هون
31:7	تلو ءیی ولی کبر سمع ءذن وقر بشر عذب ءلم
31:8	ءمن عمل صلح جنن نعم
31:9	خلد وعد ءله حقق عزز حکم
31:10	خلق سمو غیر عمد رءی لقی ءرض رسو مید بثث کلل دبب نزل سمو موه نبت کلل زوج کرم
31:11	خلق ءله رءی ذوی خلق دون ظلم ضلل بین
31:12	ءتی لقم حکم شکر ءله شکر شکر نفس کفر ءله غنی حمد
31:13	قول لقم بنو وعظ بنو شرک ءله شرک ظلم عظم
31:14	وصی ءنس ولد حمل ءمم وهن وهن فصل عوم شکر ولد صیر
31:15	جهد شرک لیس علم طوع صحب دنو عرف تبع سبل نوب رجع نبء کون عمل
31:16	بنو کون ثقل حبب خردل کون صخر سمو ءرض ءتی ءله ءله لطف خبر
31:17	بنو قوم صلو ءمر عرف نهی نکر صبر صوب عزم ءمر
31:18	صعر خدد ءنس مشی ءرض مرح ءله حبب کلل خیل فخر
31:19	قصد مشی غضض صوت نکر صوت صوت حمر
31:20	رءی ءله سخر سمو ءرض سبغ نعم ظهر بطن ءنس جدل ءله غیر علم هدی کتب نور
31:21	قول تبع نزل ءله قول تبع وجد ءبو کون شطن دعو عذب سعر
31:22	سلم وجه ءله حسن مسک عرو وثق ءله عقب ءمر
31:23	کفر حزن کفر رجع نبء عمل ءله علم ذوی صدر
31:24	متع قلل ضرر عذب غلظ
31:25	سءل خلق سمو ءرض قول ءله قول حمد ءله کثر علم
31:26	ءله سمو ءرض ءله غنی حمد
31:27	ءرض شجر قلم بحر مدد بعد سبع بحر نفد کلم ءله ءله عزز حکم
31:28	خلق بعث نفس وحد ءله سمع بصر
31:29	رءی ءله ولج لیل نهر ولج نهر لیل سخر شمس قمر کلل جری ءجل سمو ءله عمل خبر
31:30	ءله حقق دعو دون بطل ءله علو کبر
31:31	رءی فلک جری بحر نعم ءله رءی ءیی ءیی کلل صبر شکر
31:32	غشو موج ظلل دعو ءله خلص دین نجو برر قصد جحد ءیی کلل ختر کفر
31:33	ءنس وقی ربب خشی یوم جزی ولد ولد ولد جزی ولد شیء وعد ءله حقق غرر حیی دنو غرر ءله غرر
31:34	ءله عند علم سوع نزل غیث علم رحم دری نفس ذوی کسب غدو دری نفس ءرض موت ءله علم خبر
32:1	NA
32:2	نزل کتب ریب ربب علم
32:3	قول فری حقق ربب نذر قوم ءتی نذر قبل هدی
32:4	ءله خلق سمو ءرض بین ستت یوم سوو عرش دون ولی شفع ذکر
32:5	دبر ءمر سمو ءرض عرج یوم کون قدر ءلف سنو عدد
32:6	علم غیب شهد عزز رحم
32:7	حسن کلل شیء خلق بدء خلق ءنس طین
32:8	جعل نسل سلل موه مهن
32:9	سوو نفخ روح جعل سمع بصر فءد قلل شکر
32:10	قول ضلل ءرض خلق جدد لقی ربب کفر
32:11	قول وفی ملک موت وکل ربب رجع
32:12	رءی جرم نکس رءس عند ربب ربب بصر سمع رجع عمل صلح یقن
32:13	شیء ءتی کلل نفس هدی حقق قول ملء جهنم جنن ءنس جمع
32:14	ذوق نسی لقی یوم نسی ذوق عذب خلد کون عمل
32:15	ءمن ءیی ذکر خرر سجد سبح حمد ربب کبر
32:16	جفو جنب ضجع دعو ربب خوف طمع رزق نفق
32:17	علم نفس خفی قرر عین جزی کون عمل
32:18	کون ءمن کون فسق سوو
32:19	ءمن عمل صلح جنن ءوی نزل کون عمل
32:20	فسق ءوی نور کلل رود خرج عود قول ذوق عذب نور کون کذب
32:21	ذوق عذب دنو دون عذب کبر رجع
32:22	ظلم ذکر ءیی ربب عرض جرم نقم
32:23	ءتی وسی کتب کون مری لقی جعل هدی بنو
32:24	جعل ءمم هدی ءمر صبر کون ءیی یقن
32:25	ربب فصل بین یوم قوم کون خلف
32:26	هدی هلک قبل قرن مشی سکن ءیی سمع
32:27	رءی سوق موه ءرض جرز خرج زرع ءکل نعم نفس بصر
32:28	قول فتح کون صدق
32:29	قول یوم فتح نفع کفر ءمن نظر
32:30	عرض نظر نظر
33:1	نبو وقی ءله طوع کفر نفق ءله کون علم حکم
33:2	تبع وحی ربب ءله کون عمل خبر
33:3	وکل ءله کفی ءله وکل
33:4	جعل ءله رجل قلب جوف جعل زوج ظهر ءمم جعل دعو بنو قول فوه ءله قول حقق هدی سبل
33:5	دعو ءبو قسط عند ءله علم ءبو ءخو دین ولی لیس جنح خطء عمد قلب کون ءله غفر رحم
33:6	نبو ولی ءمن نفس زوج ءمم ءول رحم بعض ولی بعض کتب ءله ءمن هجر فعل ولی عرف کون کتب سطر
33:7	ءخذ نبو وثق نوح برهم وسی عیس بنو ریم ءخذ وثق غلظ
33:8	سءل صدق صدق عدد کفر عذب ءلم
33:9	ءمن ذکر نعم ءله جیء جند رسل روح جند رءی کون ءله عمل بصر
33:10	جیء فوق سفل زیغ بصر بلغ قلب حنجر ظنن ءله ظنن
33:11	بلو ءمن زلزل زلزل شدد
33:12	قول نفق قلب مرض وعد ءله رسل غرر
33:13	قول طوف ءهل ثرب قوم رجع ءذن فرق نبو قول بیت عور عور رود فرر
33:14	دخل قطر سءل فتن ءتی لبث یسر
33:15	کون عهد ءله قبل ولی دبر کون عهد ءله سءل
33:16	قول نفع فرر فرر موت قتل متع قلل
33:17	قول ذوی عصم ءله رود سوء رود رحم وجد دون ءله ولی نصر
33:18	علم ءله عوق قول ءخو هلم ءتی بءس قلل
33:19	شحح جیء خوف رءی نظر دور عین غشو موت ذهب خوف سلق لسن حدد شحح خیر ءمن حبط ءله عمل کون ءله یسر
33:20	حسب حزب ذهب ءتی حزب ودد بدو عرب سءل نبء کون قتل قلل
33:21	کون رسل ءله ءسو حسن کون رجو ءله یوم ءخر ذکر ءله کثر
33:22	رءی ءمن حزب قول وعد ءله رسل صدق ءله رسل زید ءمن سلم
33:23	ءمن رجل صدق عهد ءله قضی نحب نظر بدل بدل
33:24	جزی ءله صدق صدق عذب نفق شیء توب ءله کون غفر رحم
33:25	ردد ءله کفر غیظ نیل خیر کفی ءله ءمن قتل کون ءله قوی عزز
33:26	نزل ظهر ءهل کتب صیص قذف قلب رعب فرق قتل ءسر فرق
33:27	ورث ءرض دور مول ءرض وطء کون ءله کلل شیء قدر
33:28	نبو قول زوج کون رود حیی دنو زین علو متع سرح سرح جمل
33:29	کون رود ءله رسل دور ءخر ءله عدد حسن ءجر عظم
33:30	نسو نبو ءتی فحش بین ضعف عذب ضعف کون ءله یسر
33:31	قنت ءله رسل عمل صلح ءتی ءجر مرر عتد رزق کرم
33:32	نسو نبو لیس وحد نسو وقی خضع قول طمع قلب مرض قول قول عرف
33:33	قرر بیت برج برج جهل ءول قوم صلو ءتی زکو طوع ءله رسل رود ءله ذهب رجس ءهل بیت طهر طهر
33:34	ذکر تلو بیت ءیی ءله حکم ءله کون لطف خبر
33:35	سلم سلم ءمن ءمن قنت قنت صدق صدق صبر صبر خشع خشع صدق صدق صوم صوم حفظ فرج حفظ ذکر ءله کثر ذکر عدد ءله غفر ءجر عظم
33:36	کون ءمن ءمن قضی ءله رسل ءمر کون خیر ءمر عصی ءله رسل ضلل ضلل بین
33:37	قول نعم ءله نعم مسک زوج وقی ءله خفی نفس ءله بدو خشی ءنس ءله حقق خشی قضی زید وطر زوج کون ءمن حرج زوج دعو قضی وطر کون ءمر ءله فعل
33:38	کون نبو حرج فرض ءله سنن ءله خلو قبل کون ءمر ءله قدر قدر
33:39	بلغ رسل ءله خشی خشی وحد ءله کفی ءله حسب
33:40	کون حمد ءبو وحد رجل رسل ءله ختم نبو کون ءله کلل شیء علم
33:41	ءمن ذکر ءله ذکر کثر
33:42	سبح بکر ءصل
33:43	صلو ملک خرج ظلم نور کون ءمن رحم
33:44	حیی یوم لقی سلم عدد ءجر کرم
33:45	نبو رسل شهد بشر نذر
33:46	دعو ءله ءذن سرج نور
33:47	بشر ءمن ءله فضل کبر
33:48	طوع کفر نفق ودع ءذی وکل ءله کفی ءله وکل
33:49	ءمن نکح ءمن طلق قبل مسس عدد عدد متع سرح سرح جمل
33:50	نبو حلل زوج ءتی ءجر ملک یمن فیء ءله بنو عمم بنو عمم بنو خول بنو خول هجر مرء ءمن وهب نفس نبو رود نبو نکح خلص دون ءمن علم فرض زوج ملک یمن کون حرج کون ءله غفر رحم
33:51	رجو شیء ءوی شیء بغی عزل جنح دنو قرر عین حزن رضو ءتی کلل ءله علم قلب کون ءله علم حلم
33:52	حلل نسو بعد بدل زوج عجب حسن ملک یمن کون ءله کلل شیء رقب
33:53	ءمن دخل بیت نبو ءذن طعم غیر نظر ءنی دعو دخل طعم نشر ءنس حدث کون ءذی نبو حیی ءله حیی حقق سءل متع سءل وری حجب طهر قلب قلب کون ءذی رسل ءله نکح زوج بعد ءبد کون عند ءله عظم
33:54	بدو شیء خفی ءله کون کلل شیء علم
33:55	جنح ءبو بنو ءخو بنو ءخو بنو ءخو نسو ملک یمن وقی ءله ءله کون کلل شیء شهد
33:56	ءله ملک صلو نبو ءمن صلو سلم سلم
33:57	ءذی ءله رسل لعن ءله دنو ءخر عدد عذب هون
33:58	ءذی ءمن ءمن غیر کسب حمل بهت ءثم بین
33:59	نبو قول زوج بنو نسو ءمن دنو جلب دنو عرف ءذی کون ءله غفر رحم
33:60	نهی نفق قلب مرض رجف مدن غرو جور قلل
33:61	لعن ءین ثقف ءخذ قتل قتل
33:62	سنن ءله خلو قبل وجد سنن ءله بدل
33:63	سءل ءنس سوع قول علم عند ءله دری سوع کون قرب
33:64	ءله لعن کفر عدد سعر
33:65	خلد ءبد وجد ولی نصر
33:66	یوم قلب وجه نور قول طوع ءله طوع رسل
33:67	قول ربب طوع سود کبر ضلل سبل
33:68	ربب ءتی ضعف عذب لعن لعن کبر
33:69	ءمن کون ءذی وسی برء ءله قول کون عند ءله وجه
33:70	ءمن وقی ءله قول قول سدد
33:71	صلح عمل غفر ذنب طوع ءله رسل فوز فوز عظم
33:72	عرض ءمن سمو ءرض جبل ءبی حمل شفق حمل ءنس کون ظلم جهل
33:73	عذب ءله نفق نفق شرک شرک توب ءله ءمن ءمن کون ءله غفر رحم
34:1	حمد ءله سمو ءرض حمد ءخر حکم خبر
34:2	علم ولج ءرض خرج نزل سمو عرج رحم غفر
34:3	قول کفر ءتی سوع قول ربب ءتی علم غیب عزب ثقل ذرر سمو ءرض صغر کبر کتب بین
34:4	جزی ءمن عمل صلح غفر رزق کرم
34:5	سعی ءیی عجز عذب رجز ءلم
34:6	رءی ءتی علم نزل ربب حقق هدی صرط عزز حمد
34:7	قول کفر دلل رجل نبء مزق کلل مزق خلق جدد
34:8	فری ءله کذب جنن ءمن ءخر عذب ضلل بعد
34:9	رءی بین یدی خلف سمو ءرض شیء خسف ءرض سقط کسف سمو ءیی کلل عبد نوب
34:10	ءتی دود فضل جبل ءوب طیر لین حدد
34:11	عمل سبغ قدر سرد عمل صلح عمل بصر
34:12	سلم روح غدو شهر روح شهر سیل عین قطر جنن عمل بین یدی ءذن ربب زیغ ءمر ذوق عذب سعر
34:13	عمل شیء حرب مثل جفن جبی قدر رسو عمل ءول دود شکر قلل عبد شکر
34:14	قضی موت دلل موت دبب ءرض ءکل نسء خرر بین جنن کون علم غیب لبث عذب هون
34:15	کون سبء سکن ءیی جنن یمن شمل ءکل رزق ربب شکر بلد طیب ربب غفر
34:16	عرض رسل سیل عرم بدل جنن جنن ذوی ءکل خمط ءثل شیء سدر قلل
34:17	جزی کفر جزی کفر
34:18	جعل بین بین قری برک قری ظهر قدر سیر سیر لیل یوم ءمن
34:19	قول ربب بعد بین سفر ظلم نفس جعل حدث مزق کلل مزق ءیی کلل صبر شکر
34:20	صدق بلس ظنن تبع فرق ءمن
34:21	کون سلط علم ءمن ءخر شکک ربب کلل شیء حفظ
34:22	قول دعو زعم دون ءله ملک ثقل ذرر سمو ءرض شرک ظهر
34:23	نفع شفع عند ءذن فزع قلب قول ذوی قول ربب قول حقق علو کبر
34:24	قول رزق سمو ءرض قول ءله هدی ضلل بین
34:25	قول سءل جرم سءل عمل
34:26	قول جمع بین ربب فتح بین حقق فتح علم
34:27	قول رءی لحق شرک ءله عزز حکم
34:28	رسل کفف ءنس بشر نذر کثر ءنس علم
34:29	قول وعد کون صدق
34:30	قول وعد یوم ءخر سوع قدم
34:31	قول کفر ءمن قرء بین یدی رءی ظلم وقف عند ربب رجع بعض بعض قول قول ضعف کبر کون ءمن
34:32	قول کبر ضعف صدد هدی بعد جیء کون جرم
34:33	قول ضعف کبر مکر لیل نهر ءمر کفر ءله جعل ندد سرر ندم رءی عذب جعل غلل عنق کفر جزی کون عمل
34:34	رسل قری نذر قول ترف رسل کفر
34:35	قول کثر مول ولد عذب
34:36	قول ربب بسط رزق شیء قدر کثر ءنس علم
34:37	مول ولد قرب عند زلف ءمن عمل صلح جزی ضعف عمل غرف ءمن
34:38	سعی ءیی عجز عذب حضر
34:39	قول ربب بسط رزق شیء عبد قدر نفق شیء خلف خیر رزق
34:40	یوم حشر جمع قول ملک کون عبد
34:41	قول سبح ولی دون کون عبد جنن کثر ءمن
34:42	یوم ملک بعض بعض نفع ضرر قول ظلم ذوق عذب نور کون کذب
34:43	تلو ءیی بین قول رجل رود صدد کون عبد ءبو قول ءفک فری قول کفر حقق جیء سحر بین
34:44	ءتی کتب درس رسل قبل نذر
34:45	کذب قبل بلغ عشر ءتی کذب رسل کون نکر
34:46	قول وعظ وحد قوم ءله ثنی فرد فکر صحب جنن نذر بین یدی عذب شدد
34:47	قول سءل ءجر ءجر ءله کلل شیء شهد
34:48	قول ربب قذف حقق علم غیب
34:49	قول جیء حقق بدء بطل عود
34:50	قول ضلل ضلل نفس هدی وحی ربب سمع قرب
34:51	رءی فزع فوت ءخذ کون قرب
34:52	قول ءمن نوش کون بعد
34:53	کفر قبل قذف غیب کون بعد
34:54	حول بین بین شهو فعل شیع قبل کون شکک ریب
35:1	حمد ءله فطر سمو ءرض جعل ملک رسل ءول جنح ثنی ثلث ربع زید خلق شیء ءله کلل شیء قدر
35:2	فتح ءله ءنس رحم مسک مسک رسل بعد عزز حکم
35:3	ءنس ذکر نعم ءله خلق غیر ءله رزق سمو ءرض ءله ءفک
35:4	کذب کذب رسل قبل ءله رجع ءمر
35:5	ءنس وعد ءله حقق غرر حیی دنو غرر ءله غرر
35:6	شطن عدو ءخذ عدو دعو حزب کون صحب سعر
35:7	کفر عذب شدد ءمن عمل صلح غفر ءجر کبر
35:8	زین سوء عمل رءی حسن ءله ضلل شیء هدی شیء ذهب نفس حسر ءله علم صنع
35:9	ءله رسل روح ثور سحب سوق بلد موت حیی ءرض بعد موت نشر
35:10	کون رود عزز ءله عزز جمع صعد کلم طیب عمل صلح رفع مکر سوء عذب شدد مکر بور
35:11	ءله خلق ترب نطف جعل زوج حمل ءنث وضع علم عمر عمر نقص عمر کتب ءله یسر
35:12	سوو بحر عذب فرت سوغ شرب ملح ءجج کلل ءکل لحم طرو خرج حلی لبس رءی فلک مخر بغی فضل شکر
35:13	ولج لیل نهر ولج نهر لیل سخر شمس قمر کلل جری ءجل سمو ءله ربب ملک دعو دون ملک قطمر
35:14	دعو سمع دعو سمع جوب یوم قوم کفر شرک نبء مثل خبر
35:15	ءنس فقر ءله ءله غنی حمد
35:16	شیء ذهب ءتی خلق جدد
35:17	ءله عزز
35:18	وزر وزر وزر ءخر دعو ثقل حمل حمل شیء کون ذوی قرب نذر خشی ربب غیب قوم صلو زکو زکو نفس ءله صیر
35:19	سوو عمی بصر
35:20	ظلم نور
35:21	ظلل حرر
35:22	سوو حیی موت ءله سمع شیء سمع قبر
35:23	نذر
35:24	رسل حقق بشر نذر ءمم خلو نذر
35:25	کذب کذب قبل جیء رسل بین زبر کتب نور
35:26	ءخذ کفر کون نکر
35:27	رءی ءله نزل سمو موه خرج ثمر خلف لون جبل جدد بیض حمر خلف لون غرب سود
35:28	ءنس دبب نعم خلف لون خشی ءله عبد علم ءله عزز غفر
35:29	تلو کتب ءله قوم صلو نفق رزق سرر علن رجو تجر بور
35:30	وفی ءجر زید فضل غفر شکر
35:31	وحی کتب حقق صدق بین یدی ءله عبد خبر بصر
35:32	ورث کتب صفو عبد ظلم نفس قصد سبق خیر ءذن ءله فضل کبر
35:33	جنن عدن دخل حلی سور ذهب لءلء لبس حرر
35:34	قول حمد ءله ذهب حزن ربب غفر شکر
35:35	حلل دور قوم فضل مسس نصب مسس لغب
35:36	کفر نور جهنم قضی موت خفف عذب جزی کلل کفر
35:37	صرخ ربب خرج عمل صلح غیر کون عمل عمر ذکر ذکر جیء نذر ذوق ظلم نصر
35:38	ءله علم غیب سمو ءرض علم ذوی صدر
35:39	جعل خلف ءرض کفر کفر زید کفر کفر عند ربب مقت زید کفر کفر خسر
35:40	قول رءی شرک دعو دون ءله رءی ذوی خلق ءرض شرک سمو ءتی کتب بین وعد ظلم بعض بعض غرر
35:41	ءله مسک سمو ءرض زول زول مسک وحد بعد کون حلم غفر
35:42	قسم ءله جهد یمن جیء نذر کون هدی وحد ءمم جیء نذر زید نفر
35:43	کبر ءرض مکر سوء حیق مکر سوء ءهل نظر سنن ءول وجد سنن ءله بدل وجد سنن ءله حول
35:44	سیر ءرض نظر کون عقب قبل کون شدد قوی کون ءله عجز شیء سمو ءرض کون علم قدر
35:45	ءخذ ءله ءنس کسب ترک ظهر دبب ءخر ءجل سمو جیء ءجل ءله کون عبد بصر
36:1	NA
36:2	قرء حکم
36:3	رسل
36:4	صرط قوم
36:5	نزل عزز رحم
36:6	نذر قوم نذر ءبو غفل
36:7	حقق قول کثر ءمن
36:8	جعل عنق غلل ذقن قمح
36:9	جعل بین یدی سدد خلف سدد غشو بصر
36:10	سوو نذر نذر ءمن
36:11	نذر تبع ذکر خشی رحم غیب بشر غفر ءجر کرم
36:12	حیی موت کتب قدم ءثر کلل شیء حصی ءمم بین
36:13	ضرب مثل صحب قری جیء رسل
36:14	رسل ثنی کذب عزز ثلث قول رسل
36:15	قول بشر مثل نزل رحم شیء کذب
36:16	قول ربب علم رسل
36:17	بلغ بین
36:18	قول طیر نهی رجم مسس عذب ءلم
36:19	قول طیر ذکر قوم سرف
36:20	جیء قصو مدن رجل سعی قول قوم تبع رسل
36:21	تبع سءل ءجر هدی
36:22	عبد فطر رجع
36:23	ءخذ دون ءله رود رحم ضرر غنی شفع شیء نقذ
36:24	ضلل بین
36:25	ءمن ربب سمع
36:26	قول دخل جنن قول قوم علم
36:27	غفر ربب جعل کرم
36:28	نزل قوم بعد جند سمو کون نزل
36:29	کون صیح وحد خمد
36:30	حسر عبد ءتی رسل کون هزء
36:31	رءی هلک قبل قرن رجع
36:32	کلل جمع لدی حضر
36:33	ءیی ءرض موت حیی خرج حبب ءکل
36:34	جعل جنن نخل عنب فجر عین
36:35	ءکل ثمر عمل یدی شکر
36:36	سبح خلق زوج کلل نبت ءرض نفس علم
36:37	ءیی لیل سلخ نهر ظلم
36:38	شمس جری قرر قدر عزز علم
36:39	قمر قدر نزل عود عرج قدم
36:40	شمس بغی درک قمر لیل سبق نهر کلل فلک سبح
36:41	ءیی حمل ذرر فلک شحن
36:42	خلق مثل رکب
36:43	شیء غرق صرخ نقذ
36:44	رحم متع حین
36:45	قول وقی بین یدی خلف رحم
36:46	ءتی ءیی ءیی ربب کون عرض
36:47	قول نفق رزق ءله قول کفر ءمن طعم شیء ءله طعم ضلل بین
36:48	قول وعد کون صدق
36:49	نظر صیح وحد ءخذ خصم
36:50	طوع وصی ءهل رجع
36:51	نفخ صور جدث ربب نسل
36:52	قول ویل بعث رقد وعد رحم صدق رسل
36:53	کون صیح وحد جمع لدی حضر
36:54	یوم ظلم نفس شیء جزی کون عمل
36:55	صحب جنن یوم شغل فکه
36:56	زوج ظلل ءرک وکء
36:57	فکه دعو
36:58	سلم قول ربب رحم
36:59	میز یوم جرم
36:60	عهد بنو ءدم عبد شطن عدو بین
36:61	عبد صرط قوم
36:62	ضلل جبل کثر کون عقل
36:63	جهنم کون وعد
36:64	صلی یوم کون کفر
36:65	یوم ختم فوه کلم یدی شهد رجل کون کسب
36:66	شیء طمس عین سبق صرط بصر
36:67	شیء مسخ کون طوع مضی رجع
36:68	عمر نکس خلق عقل
36:69	علم شعر بغی ذکر قرء بین
36:70	نذر کون حیی حقق قول کفر
36:71	رءی خلق عمل یدی نعم ملک
36:72	ذلل رکب ءکل
36:73	نفع شرب شکر
36:74	ءخذ دون ءله ءله نصر
36:75	طوع نصر جند حضر
36:76	حزن قول علم سرر علن
36:77	رءی ءنس خلق نطف خصم بین
36:78	ضرب مثل نسی خلق قول حیی عظم رمم
36:79	قول حیی نشء ءول مرر کلل خلق علم
36:80	جعل شجر خضر نور وقد
36:81	لیس خلق سمو ءرض قدر خلق مثل خلق علم
36:82	ءمر رود شیء قول کون کون
36:83	سبح یدی ملک کلل شیء رجع
37:1	صفف صفف
37:2	زجر زجر
37:3	تلو ذکر
37:4	ءله وحد
37:5	ربب سمو ءرض بین ربب شرق
37:6	زین سمو دنو زین کوکب
37:7	حفظ کلل شطن مرد
37:8	سمع ملء علو قذف کلل جنب
37:9	دحر عذب وصب
37:10	خطف خطف تبع شهب ثقب
37:11	فتی شدد خلق خلق خلق طین لزب
37:12	عجب سخر
37:13	ذکر ذکر
37:14	رءی ءیی سخر
37:15	قول سحر بین
37:16	موت کون ترب عظم بعث
37:17	ءبو ءول
37:18	قول دخر
37:19	زجر وحد نظر
37:20	قول ویل یوم دین
37:21	یوم فصل کون کذب
37:22	حشر ظلم زوج کون عبد
37:23	دون ءله هدی صرط جحم
37:24	وقف سءل
37:25	نصر
37:26	یوم سلم
37:27	قبل بعض بعض سءل
37:28	قول کون ءتی یمن
37:29	قول کون ءمن
37:30	کون سلط کون قوم طغی
37:31	حقق قول ربب ذوق
37:32	غوی کون غوی
37:33	یوم عذب شرک
37:34	فعل جرم
37:35	کون قول ءله ءله کبر
37:36	قول ترک ءله شعر جنن
37:37	جیء حقق صدق رسل
37:38	ذوق عذب ءلم
37:39	جزی کون عمل
37:40	عبد ءله خلص
37:41	رزق علم
37:42	فکه کرم
37:43	جنن نعم
37:44	سرر قبل
37:45	طوف کءس عین
37:46	بیض لذذ شرب
37:47	غول نزف
37:48	عند قصر طرف عین
37:49	بیض کنن
37:50	قبل بعض بعض سءل
37:51	قول قول کون قرن
37:52	قول صدق
37:53	موت کون ترب عظم دین
37:54	قول طلع
37:55	طلع رءی سوو جحم
37:56	قول ءله کود ردی
37:57	نعم ربب کون حضر
37:58	موت
37:59	موت ءول عذب
37:60	فوز عظم
37:61	مثل عمل عمل
37:62	خیر نزل شجر زقم
37:63	جعل فتن ظلم
37:64	شجر خرج ءصل جحم
37:65	طلع رءس شطن
37:66	ءکل ملء بطن
37:67	شوب حمم
37:68	رجع جحم
37:69	لفو ءبو ضلل
37:70	ءثر هرع
37:71	ضلل قبل کثر ءول
37:72	رسل نذر
37:73	نظر کون عقب نذر
37:74	عبد ءله خلص
37:75	ندو نوح نعم جوب
37:76	نجو ءهل کرب عظم
37:77	جعل ذرر بقی
37:78	ترک ءخر
37:79	سلم نوح علم
37:80	جزی حسن
37:81	عبد ءمن
37:82	غرق ءخر
37:83	شیع برهم
37:84	جیء ربب قلب سلم
37:85	قول ءبو قوم ذوی عبد
37:86	ءفک ءله دون ءله رود
37:87	ظنن ربب علم
37:88	نظر نظر نجم
37:89	قول سقم
37:90	ولی دبر
37:91	روغ ءله قول ءکل
37:92	نطق
37:93	روغ ضرب یمن
37:94	قبل زفف
37:95	قول عبد نحت
37:96	ءله خلق عمل
37:97	قول بنی بنی لقی جحم
37:98	رود کید جعل سفل
37:99	قول ذهب ربب هدی
37:100	ربب وهب صلح
37:101	بشر غلم حلم
37:102	بلغ سعی قول بنو رءی نوم ذبح نظر ذوی رءی قول ءبو فعل ءمر وجد شیء ءله صبر
37:103	سلم تلل جبن
37:104	ندو برهم
37:105	صدق رءی جزی حسن
37:106	بلو بین
37:107	فدی ذبح عظم
37:108	ترک ءخر
37:109	سلم برهم
37:110	جزی حسن
37:111	عبد ءمن
37:112	بشر سحق نبو صلح
37:113	برک سحق ذرر حسن ظلم نفس بین
37:114	منن وسی هرن
37:115	نجو قوم کرب عظم
37:116	نصر کون غلب
37:117	ءتی کتب بین
37:118	هدی صرط قوم
37:119	ترک ءخر
37:120	سلم وسی هرن
37:121	جزی حسن
37:122	عبد ءمن
37:123	ءلس رسل
37:124	قول قوم وقی
37:125	دعو بعل وذر حسن خلق
37:126	ءله ربب ربب ءبو ءول
37:127	کذب حضر
37:128	عبد ءله خلص
37:129	ترک ءخر
37:130	سلم ءلس
37:131	جزی حسن
37:132	عبد ءمن
37:133	لوط رسل
37:134	نجو ءهل جمع
37:135	عجز غبر
37:136	دمر ءخر
37:137	مرر صبح
37:138	لیل عقل
37:139	ءنس رسل
37:140	ءبق فلک شحن
37:141	سهم کون دحض
37:142	لقم حوت لوم
37:143	کون سبح
37:144	لبث بطن یوم بعث
37:145	نبذ عری سقم
37:146	نبت شجر قطن
37:147	رسل مءی ءلف زید
37:148	ءمن متع حین
37:149	فتی ربب بنو بنو
37:150	خلق ملک ءنث شهد
37:151	ءفک قول
37:152	ولد ءله کذب
37:153	صفو بنو بنو
37:154	حکم
37:155	ذکر
37:156	سلط بین
37:157	ءتی کتب کون صدق
37:158	جعل بین بین جنن نسب علم جنن حضر
37:159	سبح ءله وصف
37:160	عبد ءله خلص
37:161	عبد
37:162	فتن
37:163	صلی جحم
37:164	قوم علم
37:165	صفف
37:166	سبح
37:167	کون قول
37:168	عند ذکر ءول
37:169	کون عبد ءله خلص
37:170	کفر علم
37:171	سبق کلم عبد رسل
37:172	نصر
37:173	جند غلب
37:174	ولی حین
37:175	بصر بصر
37:176	عذب عجل
37:177	نزل سوح سوء صبح نذر
37:178	ولی حین
37:179	بصر بصر
37:180	سبح ربب ربب عزز وصف
37:181	سلم رسل
37:182	حمد ءله ربب علم
38:1	قرء ذوی ذکر
38:2	کفر عزز شقق
38:3	هلک قبل قرن ندو حین نوص
38:4	عجب جیء نذر قول کفر سحر کذب
38:5	جعل اله ءله وحد شیء عجب
38:6	طلق ملء مشی صبر ءله شیء رود
38:7	سمع ملل ءخر خلق
38:8	نزل ذکر بین شکک ذکر ذوق عذب
38:9	عند خزن رحم ربب عزز وهب
38:10	ملک سمو ءرض بین رقی سبب
38:11	جند هزم حزب
38:12	کذب قبل قوم نوح عود فرعن ذوی وتد
38:13	ثمد قوم لوط صحب ءیک حزب
38:14	کلل کذب رسل حقق عقب
38:15	نظر صیح وحد فوق
38:16	قول ربب عجل قطط قبل یوم حسب
38:17	صبر قول ذکر عبد دود ذوی ءید ءوب
38:18	سخر جبل سبح عشو شرق
38:19	طیر حشر کلل ءوب
38:20	شدد ملک ءتی حکم فصل خطب
38:21	ءتی نبء خصم سور حرب
38:22	دخل دود فزع قول خوف خصم بغی بعض بعض حکم بین حقق شطط هدی سوو صرط
38:23	ءخو تسع تسع نعج نعج وحد قول کفل عزز خطب
38:24	قول ظلم سءل نعج نعج کثر خلط بغی بعض بعض ءمن عمل صلح قلل ظنن دود فتن غفر ربب خرر رکع نوب
38:25	غفر عند زلف حسن ءوب
38:26	دود جعل خلف ءرض حکم بین ءنس حقق تبع هوی ضلل سبل ءله ضلل سبل ءله عذب شدد نسی یوم حسب
38:27	خلق سمو ءرض بین بطل ظنن کفر ویل کفر نور
38:28	جعل ءمن عمل صلح فسد ءرض جعل وقی فجر
38:29	کتب نزل برک دبر ءیی ذکر ءول لبب
38:30	وهب دود سلم نعم عبد ءوب
38:31	عرض عشو صفن جود
38:32	قول حبب حبب خیر ذکر ربب وری حجب
38:33	ردد طفق مسح سوق عنق
38:34	فتن سلم لقی کرس جسد نوب
38:35	قول ربب غفر وهب ملک بغی وحد بعد وهب
38:36	سخر روح جری ءمر رخو حیث صوب
38:37	شطن کلل بنی غوص
38:38	ءخر قرن صفد
38:39	عطو منن مسک غیر حسب
38:40	عند زلف حسن ءوب
38:41	ذکر عبد ءوب ندو ربب مسس شطن نصب عذب
38:42	رکض رجل غسل برد شرب
38:43	وهب ءهل مثل رحم ذکر ءول لبب
38:44	ءخذ یدی ضغث ضرب حنث وجد صبر نعم عبد ءوب
38:45	ذکر عبد برهم سحق عقب ءول یدی بصر
38:46	خلص خلص ذکر دور
38:47	عند صفو خیر
38:48	ذکر یسع ذوی کفل کلل خیر
38:49	ذکر وقی حسن ءوب
38:50	جنن عدن فتح بوب
38:51	وکء دعو فکه کثر شرب
38:52	عند قصر طرف ترب
38:53	وعد یوم حسب
38:54	رزق نفد
38:55	طغی شرر ءوب
38:56	جهنم صلی بءس مهد
38:57	ذوق حمم غسق
38:58	ءخر شکل زوج
38:59	فوج قحم رحب صلی نور
38:60	قول رحب قدم بءس قرر
38:61	قول ربب قدم زید عذب ضعف نور
38:62	قول رءی رجل کون عدد شرر
38:63	ءخذ سخر زیغ بصر
38:64	حقق خصم ءهل نور
38:65	قول نذر ءله ءله وحد قهر
38:66	ربب سمو ءرض بین عزز غفر
38:67	قول نبء عظم
38:68	عرض
38:69	کون علم ملء علو خصم
38:70	وحی نذر بین
38:71	قول ربب ملک خلق بشر طین
38:72	سوو نفخ روح وقع سجد
38:73	سجد ملک کلل جمع
38:74	بلس کبر کون کفر
38:75	قول بلس منع سجد خلق یدی کبر کون علو
38:76	قول خیر خلق نور خلق طین
38:77	قول خرج رجم
38:78	لعن یوم دین
38:79	قول ربب نظر یوم بعث
38:80	قول نظر
38:81	یوم وقت علم
38:82	قول عزز غوی جمع
38:83	عبد خلص
38:84	قول حقق حقق قول
38:85	ملء جهنم تبع جمع
38:86	قول سءل ءجر کلف
38:87	ذکر علم
38:88	علم نبء بعد حین
39:1	نزل کتب ءله عزز حکم
39:2	نزل کتب حقق عبد ءله خلص دین
39:3	ءله دین خلص ءخذ دون ولی عبد قرب ءله زلف ءله حکم بین خلف ءله هدی کذب کفر
39:4	رود ءله ءخذ ولد صفو خلق شیء سبح ءله وحد قهر
39:5	خلق سمو ءرض حقق کور لیل نهر کور نهر لیل سخر شمس قمر کلل جری ءجل سمو عزز غفر
39:6	خلق نفس وحد جعل زوج نزل نعم ثمن زوج خلق بطن ءمم خلق بعد خلق ظلم ثلث ءله ربب ملک ءله صرف
39:7	کفر ءله غنی رضو عبد کفر شکر رضو وزر وزر وزر ءخر ربب رجع نبء کون عمل علم ذوی صدر
39:8	مسس ءنس ضرر دعو ربب نوب خول نعم نسی کون دعو قبل جعل ءله ندد ضلل سبل قول متع کفر قلل صحب نور
39:9	قنت ءنی لیل سجد قوم حذر ءخر رجو رحم ربب قول سوو علم علم ذکر ءول لبب
39:10	قول عبد ءمن وقی ربب حسن دنو حسن ءرض ءله وسع وفی صبر ءجر غیر حسب
39:11	قول ءمر عبد ءله خلص دین
39:12	ءمر کون ءول سلم
39:13	قول خوف عصی ربب عذب یوم عظم
39:14	قول ءله عبد خلص دین
39:15	عبد شیء دون قول خسر خسر نفس ءهل یوم قوم خسر بین
39:16	فوق ظلل نور تحت ظلل خوف ءله عبد عبد وقی
39:17	جنب طغی عبد نوب ءله بشر بشر عبد
39:18	سمع قول تبع حسن هدی ءله ءول لبب
39:19	حقق کلم عذب نقذ نور
39:20	وقی ربب غرف فوق غرف بنی جری تحت نهر وعد ءله خلف ءله وعد
39:21	رءی ءله نزل سمو موه سلک نبع ءرض خرج زرع خلف لون هیج رءی صفر جعل حطم ذکر ءول لبب
39:22	شرح ءله صدر سلم نور ربب ویل قسو قلب ذکر ءله ضلل بین
39:23	ءله نزل حسن حدث کتب شبه ثنی قشعر جلد خشی ربب لین جلد قلب ذکر ءله هدی ءله هدی شیء ضلل ءله هدی
39:24	وقی وجه سوء عذب یوم قوم قول ظلم ذوق کون کسب
39:25	کذب قبل ءتی عذب حیث شعر
39:26	ذوق ءله خزی حیی دنو عذب ءخر کبر کون علم
39:27	ضرب ءنس قرء کلل مثل ذکر
39:28	قرء عرب غیر ذوی عوج وقی
39:29	ضرب ءله مثل رجل شرک شکس رجل سلم رجل سوو مثل حمد ءله کثر علم
39:30	موت موت
39:31	یوم قوم عند ربب خصم
39:32	ظلم کذب ءله کذب صدق جیء لیس جهنم ثوی کفر
39:33	جیء صدق صدق وقی
39:34	شیء عند ربب جزی حسن
39:35	کفر ءله سوء عمل جزی ءجر حسن کون عمل
39:36	لیس ءله کفی عبد خوف دون ضلل ءله هدی
39:37	هدی ءله ضلل لیس ءله عزز ذوی نقم
39:38	سءل خلق سمو ءرض قول ءله قول رءی دعو دون ءله رود ءله ضرر کشف ضرر رود رحم مسک رحم قول حسب ءله وکل وکل
39:39	قول قوم عمل کون عمل علم
39:40	ءتی عذب خزی حلل عذب قوم
39:41	نزل کتب ءنس حقق هدی نفس ضلل ضلل وکل
39:42	ءله وفی نفس حین موت موت نوم مسک قضی موت رسل ءخر ءجل سمو ءیی قوم فکر
39:43	ءخذ دون ءله شفع قول کون ملک شیء عقل
39:44	قول ءله شفع جمع ملک سمو ءرض رجع
39:45	ذکر ءله وحد شمءز قلب ءمن ءخر ذکر دون بشر
39:46	قول ءله فطر سمو ءرض علم غیب شهد حکم بین عبد کون خلف
39:47	ظلم ءرض جمع مثل فدی سوء عذب یوم قوم بدو ءله کون حسب
39:48	بدو سوء کسب حیق کون هزء
39:49	مسس ءنس ضرر دعو خول نعم قول ءتی علم فتن کثر علم
39:50	قول قبل غنی کون کسب
39:51	صوب سوء کسب ظلم صوب سوء کسب عجز
39:52	علم ءله بسط رزق شیء قدر ءیی قوم ءمن
39:53	قول عبد سرف نفس قنط رحم ءله ءله غفر ذنب جمع غفر رحم
39:54	نوب ربب سلم قبل ءتی عذب نصر
39:55	تبع حسن نزل ربب قبل ءتی عذب بغت شعر
39:56	قول نفس حسر فرط جنب ءله کون سخر
39:57	قول ءله هدی کون وقی
39:58	قول حین رءی عذب کرر کون حسن
39:59	جیء ءیی کذب کبر کون کفر
39:60	یوم قوم رءی کذب ءله وجه سود لیس جهنم ثوی کبر
39:61	نجو ءله وقی فوز مسس سوء حزن
39:62	ءله خلق کلل شیء کلل شیء وکل
39:63	قلد سمو ءرض کفر ءیی ءله خسر
39:64	قول غیر ءله ءمر عبد جهل
39:65	وحی قبل شرک حبط عمل کون خسر
39:66	ءله عبد کون شکر
39:67	قدر ءله حقق قدر ءرض جمع قبض یوم قوم سمو طوی یمن سبح علو شرک
39:68	نفخ صور صعق سمو ءرض شیء ءله نفخ ءخر قوم نظر
39:69	شرق ءرض نور ربب وضع کتب جیء نبو شهد قضی بین حقق ظلم
39:70	وفی کلل نفس عمل علم فعل
39:71	سوق کفر جهنم زمر جیء فتح بوب قول خزن ءتی رسل تلو ءیی ربب نذر لقی یوم قول حقق کلم عذب کفر
39:72	قول دخل بوب جهنم خلد بءس ثوی کبر
39:73	سوق وقی ربب جنن زمر جیء فتح بوب قول خزن سلم طیب دخل خلد
39:74	قول حمد اله صدق وعد ورث ءرض بوء جنن حیث شیء نعم ءجر عمل
39:75	رءی ملک حفف حول عرش سبح حمد ربب قضی بین حقق قول حمد ءله ربب علم
40:1	NA
40:2	نزل کتب ءله عزز علم
40:3	غفر ذنب قبل توب شدد عقب ذوی طول ءله صیر
40:4	جدل ءیی ءله کفر غرر قلب بلد
40:5	کذب قبل قوم نوح حزب بعد همم کلل ءمم رسل ءخذ جدل بطل دحض حقق ءخذ کون عقب
40:6	حقق کلم ربب کفر صحب نور
40:7	حمل عرش حول سبح حمد ربب ءمن غفر ءمن ربب وسع کلل شیء رحم علم غفر توب تبع سبل وقی عذب جحم
40:8	ربب دخل جنن عدن وعد صلح ءبو زوج ذرر عزز حکم
40:9	وقی سوء وقی سوء یوم رحم فوز عظم
40:10	کفر ندو مقت ءله کبر مقت نفس دعو ءمن کفر
40:11	قول ربب موت ثنی حیی ثنی عرف ذنب خرج سبل
40:12	دعو ءله وحد کفر شرک ءمن حکم ءله علو کبر
40:13	رءی ءیی نزل سمو رزق ذکر نوب
40:14	دعو ءله خلص دین کره کفر
40:15	رفع درج ذوی عرش لقی روح ءمر شیء عبد نذر یوم لقی
40:16	یوم برز خفی ءله شیء ملک یوم ءله وحد قهر
40:17	یوم جزی کلل نفس کسب ظلم یوم ءله سرع حسب
40:18	نذر یوم ءزف قلب لدی حنجر کظم ظلم حمم شفع طوع
40:19	علم خون عین خفی صدر
40:20	ءله قضی حقق دعو دون قضی شیء ءله سمع بصر
40:21	سیر ءرض نظر کون عقب کون قبل کون شدد قوی ءثر ءرض ءخذ ءله ذنب کون ءله وقی
40:22	کون ءتی رسل بین کفر ءخذ ءله قوی شدد عقب
40:23	رسل وسی ءیی سلط بین
40:24	فرعن همن قرن قول سحر کذب
40:25	جیء حقق عند قول قتل بنو ءمن حیی نسو کید کفر ضلل
40:26	قول فرعن وذر قتل وسی دعو ربب خوف بدل دین ظهر ءرض فسد
40:27	قول وسی عوذ ربب ربب کلل کبر ءمن یوم حسب
40:28	قول رجل ءمن ءول فرعن کتم ءمن قتل رجل قول ربب ءله جیء بین ربب کون کذب کذب کون صدق صوب بعض وعد ءله هدی سرف کذب
40:29	قوم ملک یوم ظهر ءرض نصر بءس اله جیء قول فرعن رءی رءی هدی سبل رشد
40:30	قول ءمن قوم خوف مثل یوم حزب
40:31	مثل دءب قوم نوح عود ثمد بعد ءله رود ظلم عبد
40:32	قوم خوف یوم ندو
40:33	یوم ولی دبر ءله عصم ضلل ءله هدی
40:34	جیء ءسف قبل بین زیل شکک جیء هلک قول بعث ءله بعد رسل ضلل ءله سرف ریب
40:35	جدل ءیی ءله غیر سلط ءتی کبر مقت عند ءله عند ءمن طبع ءله کلل قلب کبر جبر
40:36	قول فرعن همن بنی صرح بلغ سبب
40:37	سبب سمو طلع ءله وسی ظنن کذب زین فرعن سوء عمل صدد سبل کید فرعن تبب
40:38	قول ءمن قوم تبع هدی سبل رشد
40:39	قوم حیی دنو متع ءخر دور قرر
40:40	عمل سوء جزی مثل عمل صلح ذکر ءنث ءمن دخل جنن رزق غیر حسب
40:41	قوم دعو نجو دعو نور
40:42	دعو کفر ءله شرک لیس علم دعو عزز غفر
40:43	جرم دعو لیس دعو دنو ءخر ردد ءله سرف صحب نور
40:44	ذکر قول فوض ءمر ءله ءله بصر عبد
40:45	وقی ءله سوء مکر حیق ءول فرعن سوء عذب
40:46	نور عرض غدو عشو یوم قوم سوع دخل ءول فرعن شدد عذب
40:47	حجج نور قول ضعف کبر کون تبع غنی نصب نور
40:48	قول کبر کلل ءله حکم بین عبد
40:49	قول نور خزن جهنم دعو ربب خفف یوم عذب
40:50	قول کون ءتی رسل بین قول قول دعو دعو کفر ضلل
40:51	نصر رسل ءمن حیی دنو یوم قوم شهد
40:52	یوم نفع ظلم عذر لعن سوء دور
40:53	ءتی وسی هدی ورث بنو کتب
40:54	هدی ذکر ءول لبب
40:55	صبر وعد ءله حقق غفر ذنب سبح حمد ربب عشو بکر
40:56	جدل ءیی ءله غیر سلط ءتی صدر کبر بلغ عوذ ءله سمع بصر
40:57	خلق سمو ءرض کبر خلق ءنس کثر ءنس علم
40:58	سوو عمی بصر ءمن عمل صلح سوء قلل ذکر
40:59	سوع ءتی ریب کثر ءنس ءمن
40:60	قول ربب دعو جوب کبر عبد دخل جهنم دخر
40:61	ءله جعل لیل سکن نهر بصر ءله ذوی فضل ءنس کثر ءنس شکر
40:62	ءله ربب خلق کلل شیء ءله ءفک
40:63	ءفک کون ءیی ءله جحد
40:64	ءله جعل ءرض قرر سمو بنی صور حسن صور رزق طیب ءله ربب برک ءله ربب علم
40:65	حیی ءله دعو خلص دین حمد ءله ربب علم
40:66	قول نهی عبد دعو دون ءله جیء بین ربب ءمر سلم ربب علم
40:67	خلق ترب نطف علق خرج طفل بلغ شدد کون شیخ وفی قبل بلغ ءجل سمو عقل
40:68	حیی موت قضی ءمر قول کون کون
40:69	رءی جدل ءیی ءله صرف
40:70	کذب کتب رسل رسل علم
40:71	غلل عنق سلسل سحب
40:72	حمم نور سجر
40:73	قول ءین کون شرک
40:74	دون ءله قول ضلل کون دعو قبل شیء ضلل ءله کفر
40:75	کون فرح ءرض غیر حقق کون مرح
40:76	دخل بوب جهنم خلد بءس ثوی کبر
40:77	صبر وعد ءله حقق رءی بعض وعد وفی رجع
40:78	رسل رسل قبل قصص قصص کون رسل ءتی ءیی ءذن ءله جیء ءمر ءله قضی حقق خسر بطل
40:79	ءله جعل نعم رکب ءکل
40:80	نفع بلغ حوج صدر فلک حمل
40:81	رءی ءیی ءیی ءله نکر
40:82	سیر ءرض نظر کون عقب قبل کون کثر شدد قوی ءثر ءرض غنی کون کسب
40:83	جیء رسل بین فرح عند علم حیق کون هزء
40:84	رءی بءس قول ءمن ءله وحد کفر کون شرک
40:85	کون نفع ءمن رءی بءس سنن ءله خلو عبد خسر کفر
41:1	NA
41:2	نزل رحم رحم
41:3	کتب فصل ءیی قرء عرب قوم علم
41:4	بشر نذر عرض کثر سمع
41:5	قول قلب کنن دعو ءذن وقر بین بین حجب عمل عمل
41:6	قول بشر مثل وحی ءله ءله وحد قوم غفر ویل شرک
41:7	ءتی زکو ءخر کفر
41:8	ءمن عمل صلح ءجر غیر منن
41:9	قول کفر خلق ءرض یوم جعل ندد ربب علم
41:10	جعل رسو فوق برک قدر قوت ربع یوم سوو سءل
41:11	سوو سمو دخن قول ءرض ءتی طوع کره قول ءتی طوع
41:12	قضی سبع سمو یوم وحی کلل سمو ءمر زین سمو دنو صبح حفظ قدر عزز علم
41:13	عرض قول نذر صعق مثل صعق عود ثمد
41:14	جیء رسل بین یدی خلف عبد ءله قول شیء ربب نزل ملک رسل کفر
41:15	عود کبر ءرض غیر حقق قول شدد قوی رءی ءله خلق شدد قوی کون ءیی جحد
41:16	رسل روح صرصر یوم نحس ذوق عذب خزی حیی دنو عذب ءخر خزی نصر
41:17	ثمد هدی حبب عمی هدی ءخذ صعق عذب هون کون کسب
41:18	نجو ءمن کون وقی
41:19	یوم حشر عدو ءله نور وزع
41:20	جیء شهد سمع بصر جلد کون عمل
41:21	قول جلد شهد قول نطق ءله نطق کلل شیء خلق ءول مرر رجع
41:22	کون ستر شهد سمع بصر جلد ظنن ءله علم کثر عمل
41:23	ظنن ظنن ربب ردی صبح خسر
41:24	صبر نور ثوی عتب عتب
41:25	قیض قرن زین بین یدی خلف حقق قول ءمم خلو قبل جنن ءنس کون خسر
41:26	قول کفر سمع قرء لغو غلب
41:27	ذوق کفر عذب شدد جزی سوء کون عمل
41:28	جزی عدو ءله نور دور خلد جزی کون ءیی جحد
41:29	قول کفر ربب رءی ضلل جنن ءنس جعل تحت قدم کون سفل
41:30	قول ربب ءله قوم نزل ملک خوف حزن بشر جنن کون وعد
41:31	ولی حیی دنو ءخر شهو نفس دعو
41:32	نزل غفر رحم
41:33	حسن قول دعو ءله عمل صلح قول سلم
41:34	سوو حسن سوء دفع حسن بین بین عدو ولی حمم
41:35	لقی صبر لقی ذوی حظظ عظم
41:36	نزغ شطن نزغ عوذ ءله سمع علم
41:37	ءیی لیل نهر شمس قمر سجد شمس قمر سجد ءله خلق کون عبد
41:38	کبر عند ربب سبح لیل نهر سءم
41:39	ءیی رءی ءرض خشع نزل موه هزز ربو حیی حیی موت کلل شیء قدر
41:40	لحد ءیی خفی لقی نور خیر ءتی ءمن یوم قوم عمل شیء عمل بصر
41:41	کفر ذکر جیء کتب عزز
41:42	ءتی بطل بین یدی خلف نزل حکم حمد
41:43	قول قول رسل قبل ربب ذوی غفر ذوی عقب ءلم
41:44	جعل قرء عجم قول فصل ءیی عجم عرب قول ءمن هدی شفی ءمن ءذن وقر عمی ندو کون بعد
41:45	ءتی وسی کتب خلف کلم سبق ربب قضی بین شکک ریب
41:46	عمل صلح نفس سوء ربب ظلم عبد
41:47	ردد علم سوع خرج ثمر کمم حمل ءنث وضع علم یوم ندو ءین شرک قول ءذن شهد
41:48	ضلل کون دعو قبل ظنن حیص
41:49	سءم ءنس دعو خیر مسس شرر یءس قنط
41:50	ذوق رحم بعد ضرر مسس قول ظنن سوع قوم رجع ربب عند حسن نبء کفر عمل ذوق عذب غلظ
41:51	نعم ءنس عرض نءی جنب مسس شرر ذوی دعو عرض
41:52	قول رءی کون عند ءله کفر ضلل شقق بعد
41:53	رءی ءیی ءفق نفس بین حقق کفی ربب کلل شیء شهد
41:54	مری لقی ربب کلل شیء حوط
42:1	NA
42:2	NA
42:3	وحی قبل ءله عزز حکم
42:4	سمو ءرض علو عظم
42:5	کود سمو فطر فوق ملک سبح حمد ربب غفر ءرض ءله غفر رحم
42:6	ءخذ دون ولی ءله حفظ وکل
42:7	وحی قرء عرب نذر ءمم قری حول نذر یوم جمع ریب فرق جنن فرق سعر
42:8	شیء ءله جعل ءمم وحد دخل شیء رحم ظلم ولی نصر
42:9	ءخذ دون ولی ءله ولی حیی موت کلل شیء قدر
42:10	خلف شیء حکم ءله ءله ربب وکل نوب
42:11	فطر سمو ءرض جعل نفس زوج نعم زوج ذرء لیس مثل شیء سمع بصر
42:12	قلد سمو ءرض بسط رزق شیء قدر کلل شیء علم
42:13	شرع دین وصی نوح وحی وصی برهم وسی عیس قوم دین فرق کبر شرک دعو ءله جبی شیء هدی نوب
42:14	فرق بعد جیء علم بغی بین کلم سبق ربب ءجل سمو قضی بین ورث کتب بعد شکک ریب
42:15	دعو قوم ءمر تبع هوی قول ءمن نزل ءله کتب ءمر عدل بین ءله ربب ربب عمل عمل حجج بین بین ءله جمع بین صیر
42:16	حجج ءله بعد جوب حجج دحض عند ربب غضب عذب شدد
42:17	ءله نزل کتب حقق وزن دری سوع قرب
42:18	عجل ءمن ءمن شفق علم حقق مری سوع ضلل بعد
42:19	ءله لطف عبد رزق شیء قوی عزز
42:20	کون رود حرث ءخر زید حرث کون رود حرث دنو ءتی ءخر نصب
42:21	شرک شرع دین ءذن ءله کلم فصل قضی بین ظلم عذب ءلم
42:22	رءی ظلم شفق کسب وقع ءمن عمل صلح روض جنن شیء عند ربب فضل کبر
42:23	بشر ءله عبد ءمن عمل صلح قول سءل ءجر ودد قرب قرف حسن زید حسن ءله غفر شکر
42:24	قول فری ءله کذب شیء ءله ختم قلب محو ءله بطل حقق حقق کلم علم ذوی صدر
42:25	قبل توب عبد عفو سوء علم فعل
42:26	جوب ءمن عمل صلح زید فضل کفر عذب شدد
42:27	بسط ءله رزق عبد بغی ءرض نزل قدر شیء عبد خبر بصر
42:28	نزل غیث بعد قنط نشر رحم ولی حمد
42:29	ءیی خلق سمو ءرض بثث دبب جمع شیء قدر
42:30	صوب صوب کسب یدی عفو کثر
42:31	عجز ءرض دون ءله ولی نصر
42:32	ءیی جری بحر علم
42:33	شیء سکن روح ظلل رکد ظهر ءیی کلل صبر شکر
42:34	وبق کسب عفو کثر
42:35	علم جدل ءیی حیص
42:36	ءتی شیء متع حیی دنو عند ءله خیر بقی ءمن ربب وکل
42:37	جنب کبر ءثم فحش غضب غفر
42:38	جوب ربب قوم صلو ءمر شور بین رزق نفق
42:39	صوب بغی نصر
42:40	جزی سوء سوء مثل عفو صلح ءجر ءله حبب ظلم
42:41	نصر بعد ظلم سبل
42:42	سبل ظلم ءنس بغی ءرض غیر حقق عذب ءلم
42:43	صبر غفر عزم ءمر
42:44	ضلل ءله ولی بعد رءی ظلم رءی عذب قول ردد سبل
42:45	رءی عرض خشع ذلل نظر طرف خفی قول ءمن خسر خسر نفس ءهل یوم قوم ظلم عذب قوم
42:46	کون ولی نصر دون ءله ضلل ءله سبل
42:47	جوب ربب قبل ءتی یوم ردد ءله لجء یوم نکر
42:48	عرض رسل حفظ بلغ ذوق ءنس رحم فرح صوب سوء قدم یدی ءنس کفر
42:49	ءله ملک سمو ءرض خلق شیء وهب شیء ءنث وهب شیء ذکر
42:50	زوج ذکر ءنث جعل شیء عقم علم قدر
42:51	کون بشر کلم ءله وحی وری حجب رسل رسل وحی ءذن شیء علو حکم
42:52	وحی روح ءمر کون دری کتب ءمن جعل نور هدی شیء عبد هدی صرط قوم
42:53	صرط ءله سمو ءرض ءله صیر ءمر
43:1	NA
43:2	کتب بین
43:3	جعل قرء عرب عقل
43:4	ءمم کتب لدی علو حکم
43:5	ضرب ذکر صفح کون قوم سرف
43:6	رسل نبو ءول
43:7	ءتی نبو کون هزء
43:8	هلک شدد بطش مضی مثل ءول
43:9	سءل خلق سمو ءرض قول خلق عزز علم
43:10	جعل ءرض مهد جعل سبل هدی
43:11	نزل سمو موه قدر نشر بلد موت خرج
43:12	خلق زوج کلل جعل فلک نعم رکب
43:13	سوو ظهر ذکر نعم ربب سوو قول سبح سخر کون قرن
43:14	ربب قلب
43:15	جعل عبد جزء ءنس کفر بین
43:16	ءخذ خلق بنو صفو بنو
43:17	بشر وحد ضرب رحم مثل ظلل وجه سود کظم
43:18	نشء حلی خصم غیر بین
43:19	جعل ملک عبد رحم ءنث شهد خلق کتب شهد سءل
43:20	قول شیء رحم عبد علم خرص
43:21	ءتی کتب قبل مسک
43:22	قول وجد ءبو ءمم ءثر هدی
43:23	رسل قبل قری نذر قول ترف وجد ءبو ءمم ءثر قدو
43:24	قول جیء هدی وجد ءبو قول رسل کفر
43:25	نقم نظر کون عقب کذب
43:26	قول برهم ءبو قوم برء عبد
43:27	فطر هدی
43:28	جعل کلم بقی عقب رجع
43:29	متع ءبو جیء حقق رسل بین
43:30	جیء حقق قول سحر کفر
43:31	قول نزل قرء رجل قری عظم
43:32	قسم رحم ربب قسم بین عیش حیی دنو رفع بعض فوق بعض درج ءخذ بعض بعض سخر رحم ربب خیر جمع
43:33	کون ءنس ءمم وحد جعل کفر رحم بیت سقف فضض عرج ظهر
43:34	بیت بوب سرر وکء
43:35	زخرف کلل متع حیی دنو ءخر عند ربب وقی
43:36	عشو ذکر رحم قیض شطن قرن
43:37	صدد سبل حسب هدی
43:38	جیء قول بین بین بعد شرق بءس قرن
43:39	نفع یوم ظلم عذب شرک
43:40	سمع صمم هدی عمی کون ضلل بین
43:41	ذهب نقم
43:42	رءی وعد قدر
43:43	مسک وحی صرط قوم
43:44	ذکر قوم سءل
43:45	سءل رسل قبل رسل جعل دون رحم ءله عبد
43:46	رسل وسی ءیی فرعن ملء قول رسل ربب علم
43:47	جیء ءیی ضحک
43:48	رءی ءیی کبر ءخو ءخذ عذب رجع
43:49	قول سحر دعو ربب عهد عند هدی
43:50	کشف عذب نکث
43:51	ندو فرعن قوم قول قوم لیس ملک مصر نهر جری تحت بصر
43:52	خیر مهن کود بین
43:53	لقی سور ذهب جیء ملک قرن
43:54	خفف قوم طوع کون قوم فسق
43:55	ءسف نقم غرق جمع
43:56	جعل سلف مثل ءخر
43:57	ضرب بنو ریم مثل قوم صدد
43:58	قول ءله خیر ضرب جدل قوم خصم
43:59	عبد نعم جعل مثل بنو
43:60	شیء جعل ملک ءرض خلف
43:61	علم سوع مری تبع صرط قوم
43:62	صدد شطن عدو بین
43:63	جیء عیس بین قول جیء حکم بین بعض خلف وقی ءله طوع
43:64	ءله ربب ربب عبد صرط قوم
43:65	خلف حزب بین ویل ظلم عذب یوم ءلم
43:66	نظر سوع ءتی بغت شعر
43:67	خلل یوم بعض بعض عدو وقی
43:68	عبد خوف یوم حزن
43:69	ءمن ءیی کون سلم
43:70	دخل جنن زوج حبر
43:71	طوف صحف ذهب کوب شهو نفس لذذ عین خلد
43:72	جنن ورث کون عمل
43:73	فکه کثر ءکل
43:74	جرم عذب جهنم خلد
43:75	فتر بلس
43:76	ظلم کون ظلم
43:77	ندو ملک قضی ربب قول مکث
43:78	جیء حقق کثر حقق کره
43:79	برم ءمر برم
43:80	حسب سمع سرر نجو رسل لدی کتب
43:81	قول کون رحم ولد ءول عبد
43:82	سبح ربب سمو ءرض ربب عرش وصف
43:83	وذر خوض لعب لقی یوم وعد
43:84	سمو ءله ءرض ءله حکم علم
43:85	برک ملک سمو ءرض بین عند علم سوع رجع
43:86	ملک دعو دون شفع شهد حقق علم
43:87	سءل خلق قول ءله ءفک
43:88	قول ربب قوم ءمن
43:89	صفح قول سلم علم
44:1	NA
44:2	کتب بین
44:3	نزل لیل برک کون نذر
44:4	فرق کلل ءمر حکم
44:5	ءمر عند کون رسل
44:6	رحم ربب سمع علم
44:7	ربب سمو ءرض بین کون یقن
44:8	ءله حیی موت ربب ربب ءبو ءول
44:9	شکک لعب
44:10	رقب یوم ءتی سمو دخن بین
44:11	غشو ءنس عذب ءلم
44:12	ربب کشف عذب ءمن
44:13	ذکر جیء رسل بین
44:14	ولی قول علم جنن
44:15	کشف عذب قلل عود
44:16	یوم بطش بطش کبر نقم
44:17	فتن قبل قوم فرعن جیء رسل کرم
44:18	ءدی عبد ءله رسل ءمن
44:19	علو ءله ءتی سلط بین
44:20	عوذ ربب ربب رجم
44:21	ءمن عزل
44:22	دعو ربب قوم جرم
44:23	سری عبد لیل تبع
44:24	ترک بحر رهو جند غرق
44:25	ترک جنن عین
44:26	زرع قوم کرم
44:27	نعم کون فکه
44:28	ورث قوم ءخر
44:29	بکی سمو ءرض کون نظر
44:30	نجو بنو عذب هون
44:31	فرعن کون علو سرف
44:32	خیر علم علم
44:33	ءتی ءیی بلو بین
44:34	قول
44:35	موت ءول نشر
44:36	ءتی ءبو کون صدق
44:37	خیر قوم تبع قبل هلک کون جرم
44:38	خلق سمو ءرض بین لعب
44:39	خلق حقق کثر علم
44:40	یوم فصل وقت جمع
44:41	یوم غنی ولی ولی شیء نصر
44:42	رحم ءله عزز رحم
44:43	شجر زقم
44:44	طعم ءثم
44:45	مهل غلی بطن
44:46	غلی حمم
44:47	ءخذ عتل سوو جحم
44:48	صبب فوق رءس عذب حمم
44:49	ذوق عزز کرم
44:50	کون مری
44:51	وقی قوم ءمن
44:52	جنن عین
44:53	لبس سندس برق قبل
44:54	زوج حور عین
44:55	دعو کلل فکه ءمن
44:56	ذوق موت موت ءول وقی عذب جحم
44:57	فضل ربب فوز عظم
44:58	یسر لسن ذکر
44:59	رقب رقب
45:1	NA
45:2	نزل کتب ءله عزز حکم
45:3	سمو ءرض ءیی ءمن
45:4	خلق بثث دبب ءیی قوم یقن
45:5	خلف لیل نهر نزل ءله سمو رزق حیی ءرض بعد موت صرف روح ءیی قوم عقل
45:6	ءیی ءله تلو حقق حدث بعد ءله ءیی ءمن
45:7	ویل کلل ءفک ءثم
45:8	سمع ءیی ءله تلو صرر کبر سمع بشر عذب ءلم
45:9	علم ءیی شیء ءخذ هزء عذب هون
45:10	وری جهنم غنی کسب شیء ءخذ دون ءله ولی عذب عظم
45:11	هدی کفر ءیی ربب عذب رجز ءلم
45:12	ءله سخر بحر جری فلک ءمر بغی فضل شکر
45:13	سخر سمو ءرض جمع ءیی قوم فکر
45:14	قول ءمن غفر رجو یوم ءله جزی قوم کون کسب
45:15	عمل صلح نفس سوء ربب رجع
45:16	ءتی بنو کتب حکم نبو رزق طیب فضل علم
45:17	ءتی بین ءمر خلف بعد جیء علم بغی بین ربب قضی بین یوم قوم کون خلف
45:18	جعل شرع ءمر تبع تبع هوی علم
45:19	غنی ءله شیء ظلم بعض ولی بعض ءله ولی وقی
45:20	بصر ءنس هدی رحم قوم یقن
45:21	حسب جرح سوء جعل ءمن عمل صلح سوو حیی موت سوء حکم
45:22	خلق ءله سمو ءرض حقق جزی کلل نفس کسب ظلم
45:23	رءی ءخذ ءله هوی ضلل ءله علم ختم سمع قلب جعل بصر غشو هدی بعد ءله ذکر
45:24	قول حیی دنو موت حیی هلک دهر علم ظنن
45:25	تلو ءیی بین کون حجج قول ءتی ءبو کون صدق
45:26	قول ءله حیی موت جمع یوم قوم ریب کثر ءنس علم
45:27	ءله ملک سمو ءرض یوم قوم سوع یوم خسر بطل
45:28	رءی کلل ءمم جثو کلل ءمم دعو کتب یوم جزی کون عمل
45:29	کتب نطق حقق کون نسخ کون عمل
45:30	ءمن عمل صلح دخل ربب رحم فوز بین
45:31	کفر کون ءیی تلو کبر کون قوم جرم
45:32	قول وعد ءله حقق سوع ریب قول دری سوع ظنن ظنن یقن
45:33	بدو سوء عمل حیق کون هزء
45:34	قول یوم نسی نسی لقی یوم ءوی نور نصر
45:35	ءخذ ءیی ءله هزء غرر حیی دنو یوم خرج عتب
45:36	ءله حمد ربب سمو ربب ءرض ربب علم
45:37	کبر سمو ءرض عزز حکم
46:1	NA
46:2	نزل کتب ءله عزز حکم
46:3	خلق سمو ءرض بین حقق ءجل سمو کفر نذر عرض
46:4	قول رءی دعو دون ءله رءی ذوی خلق ءرض شرک سمو ءتی کتب قبل ءثر علم کون صدق
46:5	ضلل دعو دون ءله جوب یوم قوم دعو غفل
46:6	حشر ءنس کون عدو کون عبد کفر
46:7	تلو ءیی بین قول کفر حقق جیء سحر بین
46:8	قول فری قول فری ملک ءله شیء علم فیض کفی شهد بین بین غفر رحم
46:9	قول کون بدع رسل دری فعل تبع وحی نذر بین
46:10	قول رءی کون عند ءله کفر شهد شهد بنو مثل ءمن کبر ءله هدی قوم ظلم
46:11	قول کفر ءمن کون خیر سبق هدی قول ءفک قدم
46:12	قبل کتب وسی ءمم رحم کتب صدق لسن عرب نذر ظلم بشر حسن
46:13	قول ربب ءله قوم خوف حزن
46:14	صحب جنن خلد جزی کون عمل
46:15	وصی ءنس ولد حسن حمل ءمم کره وضع کره حمل فصل ثلث شهر بلغ شدد بلغ ربع سنو قول ربب وزع شکر نعم نعم ولد عمل صلح رضو صلح ذرر توب سلم
46:16	قبل حسن عمل جوز سوء صحب جنن وعد صدق کون وعد
46:17	قول ولد ءفف وعد خرج خلو قرن قبل غوث ءله ویل ءمن وعد ءله حقق قول سطر ءول
46:18	حقق قول ءمم خلو قبل جنن ءنس کون خسر
46:19	کلل درج عمل وفی عمل ظلم
46:20	یوم عرض کفر نور ذهب طیب حیی دنو متع یوم جزی عذب هون کون کبر ءرض غیر حقق کون فسق
46:21	ذکر ءخو عود نذر قوم حقف خلو نذر بین یدی خلف عبد ءله خوف عذب یوم عظم
46:22	قول جیء ءفک ءله ءتی وعد کون صدق
46:23	قول علم عند ءله بلغ رسل رءی قوم جهل
46:24	رءی عرض قبل ودی قول عرض مطر عجل روح عذب ءلم
46:25	دمر کلل شیء ءمر ربب صبح رءی سکن جزی قوم جرم
46:26	مکن مکن جعل سمع بصر فءد غنی سمع بصر فءد شیء کون جحد ءیی ءله حیق کون هزء
46:27	هلک حول قری صرف ءیی رجع
46:28	نصر ءخذ دون ءله قرب ءله ضلل ءفک کون فری
46:29	صرف نفر جنن سمع قرء حضر قول نصت قضی ولی قوم نذر
46:30	قول قوم سمع کتب نزل بعد وسی صدق بین یدی هدی حقق طرق قوم
46:31	قوم جوب دعو ءله ءمن غفر ذنب جور عذب ءلم
46:32	جوب دعو ءله لیس عجز ءرض لیس دون ولی ضلل بین
46:33	رءی ءله خلق سمو ءرض عیی خلق قدر حیی موت کلل شیء قدر
46:34	یوم عرض کفر نور لیس حقق قول ربب قول ذوق عذب کون کفر
46:35	صبر صبر ءول عزم رسل عجل یوم رءی وعد لبث سوع نهر بلغ هلک قوم فسق
47:1	کفر صدد سبل ءله ضلل عمل
47:2	ءمن عمل صلح ءمن نزل حمد حقق ربب کفر سوء صلح بول
47:3	کفر تبع بطل ءمن تبع حقق ربب ضرب ءله ءنس مثل
47:4	لقی کفر ضرب رقب ثخن شدد وثق منن بعد فدی وضع حرب وزر شیء ءله نصر بلو بعض بعض قتل سبل ءله ضلل عمل
47:5	هدی صلح بول
47:6	دخل جنن عرف
47:7	ءمن نصر ءله نصر ثبت قدم
47:8	کفر تعس ضلل عمل
47:9	کره نزل ءله حبط عمل
47:10	سیر ءرض نظر کون عقب قبل دمر ءله کفر مثل
47:11	ءله ولی ءمن کفر ولی
47:12	ءله دخل ءمن عمل صلح جنن جری تحت نهر کفر متع ءکل ءکل نعم نور ثوی
47:13	قری شدد قوی قری خرج هلک نصر
47:14	کون بین ربب زین سوء عمل تبع هوی
47:15	مثل جنن وعد وقی نهر موه غیر ءسن نهر لبن غیر طعم نهر خمر لذذ شرب نهر عسل صفو کلل ثمر غفر ربب خلد نور سقی موه حمم قطع معی
47:16	سمع خرج عند قول ءتی علم ذوی قول ءنف طبع ءله قلب تبع هوی
47:17	هدی زید هدی ءتی وقی
47:18	نظر سوع ءتی بغت جیء شرط جیء ذکر
47:19	علم ءله ءله غفر ذنب ءمن ءمن ءله علم قلب ثوی
47:20	قول ءمن نزل سور نزل سور حکم ذکر قتل رءی قلب مرض نظر نظر غشو موت ولی
47:21	طوع قول عرف عزم ءمر صدق ءله کون خیر
47:22	عسی ولی فسد ءرض قطع رحم
47:23	لعن ءله صمم عمی بصر
47:24	دبر قرء قلب قفل
47:25	ردد دبر بعد بین هدی شطن سول ملو
47:26	قول کره نزل ءله طوع بعض ءمر ءله علم سرر
47:27	وفی ملک ضرب وجه دبر
47:28	تبع سخط ءله کره رضو حبط عمل
47:29	حسب قلب مرض خرج ءله ضغن
47:30	شیء رءی عرف سوم عرف لحن قول ءله علم عمل
47:31	بلو علم جهد صبر بلو خبر
47:32	کفر صدد سبل ءله شقق رسل بعد بین هدی ضرر ءله شیء حبط عمل
47:33	ءمن طوع ءله طوع رسل بطل عمل
47:34	کفر صدد سبل ءله موت کفر غفر ءله
47:35	وهن دعو سلم علو ءله وتر عمل
47:36	حیی دنو لعب لهو ءمن وقی ءتی ءجر سءل مول
47:37	سءل حفو بخل خرج ضغن
47:38	دعو نفق سبل ءله بخل بخل بخل نفس ءله غنی فقر ولی بدل قوم غیر کون مثل
48:1	فتح فتح بین
48:2	غفر ءله قدم ذنب ءخر تمم نعم هدی صرط قوم
48:3	نصر ءله نصر عزز
48:4	نزل سکن قلب ءمن زید ءمن ءمن ءله جند سمو ءرض کون ءله علم حکم
48:5	دخل ءمن ءمن جنن جری تحت نهر خلد کفر سوء کون عند ءله فوز عظم
48:6	عذب نفق نفق شرک شرک ظنن ءله ظنن سوء دور سوء غضب ءله لعن عدد جهنم سوء صیر
48:7	ءله جند سمو ءرض کون ءله عزز حکم
48:8	رسل شهد بشر نذر
48:9	ءمن ءله رسل عزر وقر سبح بکر ءصل
48:10	بیع بیع ءله یدی ءله فوق یدی نکث نکث نفس وفی عهد ءله ءتی ءجر عظم
48:11	قول خلف عرب شغل مول ءهل غفر قول لسن لیس قلب قول ملک ءله شیء رود ضرر رود نفع کون ءله عمل خبر
48:12	ظنن قلب رسل ءمن ءهل ءبد زین قلب ظنن ظنن سوء کون قوم بور
48:13	ءمن ءله رسل عتد کفر سعر
48:14	ءله ملک سمو ءرض غفر شیء عذب شیء کون ءله غفر رحم
48:15	قول خلف طلق غنم ءخذ وذر تبع رود بدل کلم ءله قول تبع قول ءله قبل قول حسد کون فقه قلل
48:16	قول خلف عرب دعو قوم ءول بءس شدد قتل سلم طوع ءتی ءله ءجر حسن ولی ولی قبل عذب عذب ءلم
48:17	لیس عمی حرج عرج حرج مرض حرج طوع ءله رسل دخل جنن جری تحت نهر ولی عذب عذب ءلم
48:18	رضو ءله ءمن بیع تحت شجر علم قلب نزل سکن ثوب فتح قرب
48:19	غنم کثر ءخذ کون ءله عزز حکم
48:20	وعد ءله غنم کثر ءخذ عجل کفف یدی ءنس کون ءیی ءمن هدی صرط قوم
48:21	ءخر قدر حوط ءله کون ءله کلل شیء قدر
48:22	قتل کفر ولی دبر وجد ولی نصر
48:23	سنن ءله خلو قبل وجد سنن ءله بدل
48:24	کفف یدی یدی بطن مکک بعد ظفر کون ءله عمل بصر
48:25	کفر صدد سجد حرم هدی عکف بلغ حلل رجل ءمن نسو ءمن علم وطء صوب عرر غیر علم دخل ءله رحم شیء زیل عذب کفر عذب ءلم
48:26	جعل کفر قلب حمی حمی جهل نزل ءله سکن رسل ءمن لزم کلم وقی کون حقق ءهل کون ءله کلل شیء علم
48:27	صدق ءله رسل رءی حقق دخل سجد حرم شیء ءله ءمن حلق رءس قصر خوف علم علم جعل دون فتح قرب
48:28	رسل رسل هدی دین حقق ظهر دین کلل کفی ءله شهد
48:29	حمد رسل ءله شدد کفر رحم بین رءی رکع سجد بغی فضل ءله رضو سوم وجه ءثر سجد مثل وری مثل نجل زرع خرج شطء ءزر غلظ سوو سوق عجب زرع غیظ کفر وعد ءله ءمن عمل صلح غفر ءجر عظم
49:1	ءمن قدم بین یدی ءله رسل وقی ءله ءله سمع علم
49:2	ءمن رفع صوت فوق صوت نبو جهر قول جهر بعض بعض حبط عمل شعر
49:3	غضض صوت عند رسل ءله محن ءله قلب وقی غفر ءجر عظم
49:4	ندو وری حجر کثر عقل
49:5	صبر خرج کون خیر ءله غفر رحم
49:6	ءمن جیء فسق نبء بین صوب قوم جهل صبح فعل ندم
49:7	علم رسل ءله طوع کثر ءمر عنت ءله حبب ءمن زین قلب کره کفر فسق عصی رشد
49:8	فضل ءله نعم ءله علم حکم
49:9	طوف ءمن قتل صلح بین بغی وحد ءخر قتل بغی فیء ءمر ءله فیء صلح بین عدل قسط ءله حبب قسط
49:10	ءمن ءخو صلح بین ءخو وقی ءله رحم
49:11	ءمن سخر قوم قوم عسی کون خیر نسو نسو عسی کون خیر لمز نفس نبز لقب بءس سمو فسق بعد ءمن توب ظلم
49:12	ءمن جنب کثر ظنن بعض ظنن ءثم جسس غیب بعض بعض حبب وحد ءکل لحم ءخو موت کره وقی ءله ءله توب رحم
49:13	ءنس خلق ذکر ءنث جعل شعب قبل عرف کرم عند ءله وقی ءله علم خبر
49:14	قول عرب ءمن قول ءمن قول سلم دخل ءمن قلب طوع ءله رسل ولت عمل شیء ءله غفر رحم
49:15	ءمن ءمن ءله رسل ریب جهد مول نفس سبل ءله صدق
49:16	قول علم ءله دین ءله علم سمو ءرض ءله کلل شیء علم
49:17	منن سلم قول منن سلم ءله منن هدی ءمن کون صدق
49:18	ءله علم غیب سمو ءرض ءله بصر عمل
50:1	قرء مجد
50:2	عجب جیء نذر قول کفر شیء عجب
50:3	موت کون ترب رجع بعد
50:4	علم نقص ءرض عند کتب حفظ
50:5	کذب حقق جیء ءمر مرج
50:6	نظر سمو فوق بنی زین فرج
50:7	ءرض مدد لقی رسو نبت کلل زوج بهج
50:8	بصر ذکر کلل عبد نوب
50:9	نزل سمو موه برک نبت جنن حبب حصد
50:10	نخل بسق طلع نضد
50:11	رزق عبد حیی بلد موت خرج
50:12	کذب قبل قوم نوح صحب رسس ثمد
50:13	عود فرعن ءخو لوط
50:14	صحب ءیک قوم تبع کلل کذب رسل حقق وعد
50:15	عیی خلق ءول لبس خلق جدد
50:16	خلق ءنس علم وسوس نفس قرب حبل ورد
50:17	لقی لقی یمن شمل قعد
50:18	لفظ قول لدی رقب عتد
50:19	جیء سکر موت حقق کون حید
50:20	نفخ صور یوم وعد
50:21	جیء کلل نفس سوق شهد
50:22	کون غفل کشف غطو بصر یوم حدد
50:23	قول قرن لدی عتد
50:24	لقی جهنم کلل کفر عند
50:25	منع خیر عدو ریب
50:26	جعل ءله ءله ءخر لقی عذب شدد
50:27	قول قرن ربب طغی کون ضلل بعد
50:28	قول خصم لدی قدم وعد
50:29	بدل قول لدی ظلم عبد
50:30	یوم قول جهنم ملء قول زید
50:31	زلف جنن وقی غیر بعد
50:32	وعد کلل ءوب حفظ
50:33	خشی رحم غیب جیء قلب نوب
50:34	دخل سلم یوم خلد
50:35	شیء لدی زید
50:36	هلک قبل قرن شدد بطش نقب بلد حیص
50:37	ذکر کون قلب لقی سمع شهد
50:38	خلق سمو ءرض بین ستت یوم مسس لغب
50:39	صبر قول سبح حمد ربب قبل طلع شمس قبل غرب
50:40	لیل سبح دبر سجد
50:41	سمع یوم ندو ندو کون قرب
50:42	یوم سمع صیح حقق یوم خرج
50:43	حیی موت صیر
50:44	یوم شقق ءرض سرع حشر یسر
50:45	علم قول جبر ذکر قرء خوف وعد
51:1	ذرو ذرو
51:2	حمل وقر
51:3	جری یسر
51:4	قسم ءمر
51:5	وعد صدق
51:6	دین وقع
51:7	سمو ذوی حبک
51:8	قول خلف
51:9	ءفک ءفک
51:10	قتل خرص
51:11	غمر سهو
51:12	سءل یوم دین
51:13	یوم نور فتن
51:14	ذوق فتن کون عجل
51:15	وقی جنن عین
51:16	ءخذ ءتی ربب کون قبل حسن
51:17	کون قلل لیل هجع
51:18	سحر غفر
51:19	مول حقق سءل حرم
51:20	ءرض ءیی یقن
51:21	نفس بصر
51:22	سمو رزق وعد
51:23	ربب سمو ءرض حقق مثل نطق
51:24	ءتی حدث ضیف برهم کرم
51:25	دخل قول سلم قول سلم قوم نکر
51:26	روغ ءهل جیء عجل سمن
51:27	قرب قول ءکل
51:28	وجس خوف قول خوف بشر غلم علم
51:29	قبل مرء صرر صکک وجه قول عجز عقم
51:30	قول قول ربب حکم علم
51:31	قول خطب رسل
51:32	قول رسل قوم جرم
51:33	رسل حجر طین
51:34	سوم عند ربب سرف
51:35	خرج کون ءمن
51:36	وجد غیر بیت سلم
51:37	ترک ءیی خوف عذب ءلم
51:38	وسی رسل فرعن سلط بین
51:39	ولی رکن قول سحر جنن
51:40	ءخذ جند نبذ یمم لوم
51:41	عود رسل روح عقم
51:42	وذر شیء ءتی جعل رمم
51:43	ثمد قول متع حین
51:44	عتو ءمر ربب ءخذ صعق نظر
51:45	طوع قوم کون نصر
51:46	قوم نوح قبل کون قوم فسق
51:47	سمو بنی یدی وسع
51:48	ءرض فرش نعم مهد
51:49	کلل شیء خلق زوج ذکر
51:50	فرر ءله نذر بین
51:51	جعل ءله ءله ءخر نذر بین
51:52	ءتی قبل رسل قول سحر جنن
51:53	وصی قوم طغی
51:54	ولی لوم
51:55	ذکر ذکر نفع ءمن
51:56	خلق جنن ءنس عبد
51:57	رود رزق رود طعم
51:58	ءله رزق ذوی قوی متن
51:59	ظلم ذنب مثل ذنب صحب عجل
51:60	ویل کفر یوم وعد
52:1	طور
52:2	کتب سطر
52:3	رقق نشر
52:4	بیت عمر
52:5	سقف رفع
52:6	بحر سجر
52:7	عذب ربب وقع
52:8	دفع
52:9	یوم مور سمو مور
52:10	سیر جبل سیر
52:11	ویل یوم کذب
52:12	خوض لعب
52:13	یوم دعع نور جهنم دعع
52:14	نور کون کذب
52:15	سحر بصر
52:16	صلی صبر صبر سوو جزی کون عمل
52:17	وقی جنن نعم
52:18	فکه ءتی ربب وقی ربب عذب جحم
52:19	ءکل شرب هنء کون عمل
52:20	وکء سرر صفف زوج حور عین
52:21	ءمن تبع ذرر ءمن لحق ذرر ءلت عمل شیء کلل مرء کسب رهن
52:22	مدد فکه لحم شهو
52:23	نزع کءس لغو ءثم
52:24	طوف غلم لءلء کنن
52:25	قبل بعض بعض سءل
52:26	قول کون قبل ءهل شفق
52:27	منن ءله وقی عذب سمم
52:28	کون قبل دعو برر رحم
52:29	ذکر نعم ربب کهن جنن
52:30	قول شعر ربص ریب منن
52:31	قول ربص ربص
52:32	ءمر حلم قوم طغی
52:33	قول قول ءمن
52:34	ءتی حدث مثل کون صدق
52:35	خلق غیر شیء خلق
52:36	خلق سمو ءرض یقن
52:37	عند خزن ربب سیطر
52:38	سلم سمع ءتی سمع سلط بین
52:39	بنو بنو
52:40	سءل ءجر غرم ثقل
52:41	عند غیب کتب
52:42	رود کید کفر کید
52:43	ءله غیر ءله سبح ءله شرک
52:44	رءی کسف سمو سقط قول سحب رکم
52:45	وذر لقی یوم صعق
52:46	یوم غنی کید شیء نصر
52:47	ظلم عذب دون کثر علم
52:48	صبر حکم ربب عین سبح حمد ربب حین قوم
52:49	لیل سبح دبر نجم
53:1	نجم هوی
53:2	ضلل صحب غوی
53:3	نطق هوی
53:4	وحی وحی
53:5	علم شدد قوی
53:6	ذوی مرر سوو
53:7	ءفق علو
53:8	دنو دلو
53:9	کون قوب قوس دنو
53:10	وحی عبد وحی
53:11	کذب فءد رءی
53:12	مری رءی
53:13	رءی نزل ءخر
53:14	عند سدر نهی
53:15	عند جنن ءوی
53:16	غشو سدر غشو
53:17	زیغ بصر طغی
53:18	رءی ءیی ربب کبر
53:19	رءی لیت عزز
53:20	منو ثلث ءخر
53:21	ذکر ءنث
53:22	قسم ضیز
53:23	سمو سمو ءبو نزل ءله سلط تبع ظنن هوی نفس جیء ربب هدی
53:24	ءنس منی
53:25	ءله ءخر ءول
53:26	ملک سمو غنی شفع شیء بعد ءذن ءله شیء رضو
53:27	ءمن ءخر سمو ملک سمو ءنث
53:28	علم تبع ظنن ظنن غنی حقق شیء
53:29	عرض ولی ذکر رود حیی دنو
53:30	بلغ علم ربب علم ضلل سبل علم هدی
53:31	ءله سمو ءرض جزی سوء عمل جزی حسن حسن
53:32	جنب کبر ءثم فحش لمم ربب وسع غفر علم نشء ءرض جنن بطن ءمم زکو نفس علم وقی
53:33	رءی ولی
53:34	عطو قلل کدی
53:35	عند علم غیب رءی
53:36	نبء صحف وسی
53:37	برهم وفی
53:38	وزر وزر وزر ءخر
53:39	لیس ءنس سعی
53:40	سعی رءی
53:41	جزی جزی وفی
53:42	ربب نهی
53:43	ضحک بکی
53:44	موت حیی
53:45	خلق زوج ذکر ءنث
53:46	نطف منی
53:47	نشء ءخر
53:48	غنی قنی
53:49	ربب شعر
53:50	هلک عود ءول
53:51	ثمد بقی
53:52	قوم نوح قبل کون ظلم طغی
53:53	ءفک هوی
53:54	غشو غشو
53:55	ءلی ربب مری
53:56	نذر نذر ءول
53:57	ءزف ءزف
53:58	لیس دون ءله کشف
53:59	حدث عجب
53:60	ضحک بکی
53:61	سمد
53:62	سجد ءله عبد
54:1	قرب سوع شقق قمر
54:2	رءی ءیی عرض قول سحر مرر
54:3	کذب تبع هوی کلل ءمر قرر
54:4	جیء نبء زجر
54:5	حکم بلغ غنی نذر
54:6	ولی یوم دعو دعو شیء نکر
54:7	خشع بصر خرج جدث جرد نشر
54:8	هطع دعو قول کفر یوم عسر
54:9	کذب قبل قوم نوح کذب عبد قول جنن زجر
54:10	دعو ربب غلب نصر
54:11	فتح بوب سمو موه همر
54:12	فجر ءرض عین لقی موه ءمر قدر
54:13	حمل ذوی لوح دسر
54:14	جری عین جزی کون کفر
54:15	ترک ءیی ذکر
54:16	کون عذب نذر
54:17	یسر قرء ذکر ذکر
54:18	کذب عود کون عذب نذر
54:19	رسل روح صرصر یوم نحس مرر
54:20	نزع ءنس عجز نخل قعر
54:21	کون عذب نذر
54:22	یسر قرء ذکر ذکر
54:23	کذب ثمد نذر
54:24	قول بشر وحد تبع ضلل سعر
54:25	لقی ذکر بین کذب ءشر
54:26	علم غدو کذب ءشر
54:27	رسل نوق فتن رقب صبر
54:28	نبء موه قسم بین کلل شرب حضر
54:29	ندو صحب عطو عقر
54:30	کون عذب نذر
54:31	رسل صیح وحد کون هشم حظر
54:32	یسر قرء ذکر ذکر
54:33	کذب قوم لوط نذر
54:34	رسل حصب ءول لوط نجو سحر
54:35	نعم عند جزی شکر
54:36	نذر بطش مری نذر
54:37	رود ضیف طمس عین ذوق عذب نذر
54:38	صبح بکر عذب قرر
54:39	ذوق عذب نذر
54:40	یسر قرء ذکر ذکر
54:41	جیء ءول فرعن نذر
54:42	کذب ءیی کلل ءخذ ءخذ عزز قدر
54:43	کفر خیر برء زبر
54:44	قول جمع نصر
54:45	هزم جمع ولی دبر
54:46	سوع وعد سوع دهی مرر
54:47	جرم ضلل سعر
54:48	یوم سحب نور وجه ذوق مسس سقر
54:49	کلل شیء خلق قدر
54:50	ءمر وحد لمح بصر
54:51	هلک شیع ذکر
54:52	کلل شیء فعل زبر
54:53	کلل صغر کبر سطر
54:54	وقی جنن نهر
54:55	قعد صدق عند ملک قدر
55:1	رحم
55:2	علم قرء
55:3	خلق ءنس
55:4	علم بین
55:5	شمس قمر حسب
55:6	نجم شجر سجد
55:7	سمو رفع وضع وزن
55:8	طغی وزن
55:9	قوم وزن قسط خسر وزن
55:10	ءرض وضع ءنم
55:11	فکه نخل ذوی کمم
55:12	حبب ذوی عصف روح
55:13	ءلی ربب کذب
55:14	خلق ءنس صلصل فخر
55:15	خلق جنن مرج نور
55:16	ءلی ربب کذب
55:17	ربب شرق ربب غرب
55:18	ءلی ربب کذب
55:19	مرج بحر لقی
55:20	بین برزخ بغی
55:21	ءلی ربب کذب
55:22	خرج لءلء مرج
55:23	ءلی ربب کذب
55:24	جری نشء بحر علم
55:25	ءلی ربب کذب
55:26	کلل فنی
55:27	بقی وجه ربب ذوی جلل کرم
55:28	ءلی ربب کذب
55:29	سءل سمو ءرض کلل یوم شءن
55:30	ءلی ربب کذب
55:31	فرغ ثقل
55:32	ءلی ربب کذب
55:33	عشر جنن ءنس طوع نفذ قطر سمو ءرض نفذ نفذ سلط
55:34	ءلی ربب کذب
55:35	رسل شوظ نور نحس نصر
55:36	ءلی ربب کذب
55:37	شقق سمو کون ورد دهن
55:38	ءلی ربب کذب
55:39	یوم سءل ذنب ءنس جنن
55:40	ءلی ربب کذب
55:41	عرف جرم سوم ءخذ نصو قدم
55:42	ءلی ربب کذب
55:43	جهنم کذب جرم
55:44	طوف بین بین حمم ءنی
55:45	ءلی ربب کذب
55:46	خوف قوم ربب جنن
55:47	ءلی ربب کذب
55:48	ذوی فنن
55:49	ءلی ربب کذب
55:50	عین جری
55:51	ءلی ربب کذب
55:52	کلل فکه زوج
55:53	ءلی ربب کذب
55:54	وکء فرش بطن برق جنی جنن دنو
55:55	ءلی ربب کذب
55:56	قصر طرف طمث ءنس قبل جنن
55:57	ءلی ربب کذب
55:58	یقت مرج
55:59	ءلی ربب کذب
55:60	جزی حسن حسن
55:61	ءلی ربب کذب
55:62	دون جنن
55:63	ءلی ربب کذب
55:64	دهم
55:65	ءلی ربب کذب
55:66	عین نضخ
55:67	ءلی ربب کذب
55:68	فکه نخل رمن
55:69	ءلی ربب کذب
55:70	خیر حسن
55:71	ءلی ربب کذب
55:72	حور قصر خیم
55:73	ءلی ربب کذب
55:74	طمث ءنس قبل جنن
55:75	ءلی ربب کذب
55:76	وکء رفرف خضر عبقر حسن
55:77	ءلی ربب کذب
55:78	برک سمو ربب ذوی جلل کرم
56:1	وقع وقع
56:2	لیس وقع کذب
56:3	خفض رفع
56:4	رجج ءرض رجج
56:5	بسس جبل بسس
56:6	کون هبو بثث
56:7	کون زوج ثلث
56:8	صحب یمن صحب یمن
56:9	صحب شءم صحب شءم
56:10	سبق سبق
56:11	قرب
56:12	جنن نعم
56:13	ثلل ءول
56:14	قلل ءخر
56:15	سرر وضن
56:16	وکء قبل
56:17	طوف ولد خلد
56:18	کوب برق کءس عین
56:19	صدع نزف
56:20	فکه خیر
56:21	لحم طیر شهو
56:22	حور عین
56:23	مثل لءلء کنن
56:24	جزی کون عمل
56:25	سمع لغو ءثم
56:26	قول سلم سلم
56:27	صحب یمن صحب یمن
56:28	سدر خضد
56:29	طلح نضد
56:30	ظلل مدد
56:31	موه سکب
56:32	فکه کثر
56:33	قطع منع
56:34	فرش رفع
56:35	نشء نشء
56:36	جعل بکر
56:37	عرب ترب
56:38	صحب یمن
56:39	ثلل ءول
56:40	ثلل ءخر
56:41	صحب شمل صحب شمل
56:42	سمم حمم
56:43	ظلل حمم
56:44	برد کرم
56:45	کون قبل ترف
56:46	کون صرر حنث عظم
56:47	کون قول موت کون ترب عظم بعث
56:48	ءبو ءول
56:49	قول ءول ءخر
56:50	جمع وقت یوم علم
56:51	ضلل کذب
56:52	ءکل شجر زقم
56:53	ملء بطن
56:54	شرب حمم
56:55	شرب شرب هیم
56:56	نزل یوم دین
56:57	خلق صدق
56:58	رءی منی
56:59	خلق خلق
56:60	قدر بین موت سبق
56:61	بدل مثل نشء علم
56:62	علم نشء ءول ذکر
56:63	رءی حرث
56:64	زرع زرع
56:65	شیء جعل حطم ظلل فکه
56:66	غرم
56:67	حرم
56:68	رءی موه شرب
56:69	نزل مزن نزل
56:70	شیء جعل ءجج شکر
56:71	رءی نور وری
56:72	نشء شجر نشء
56:73	جعل ذکر متع قوی
56:74	سبح سمو ربب عظم
56:75	قسم وقع نجم
56:76	قسم علم عظم
56:77	قرء کرم
56:78	کتب کنن
56:79	مسس طهر
56:80	نزل ربب علم
56:81	حدث دهن
56:82	جعل رزق کذب
56:83	بلغ حلقم
56:84	حین نظر
56:85	قرب بصر
56:86	کون غیر دین
56:87	رجع کون صدق
56:88	کون قرب
56:89	روح روح جنن نعم
56:90	کون صحب یمن
56:91	سلم صحب یمن
56:92	کون کذب ضلل
56:93	نزل حمم
56:94	صلی جحم
56:95	حقق یقن
56:96	سبح سمو ربب عظم
57:1	سبح ءله سمو ءرض عزز حکم
57:2	ملک سمو ءرض حیی موت کلل شیء قدر
57:3	ءول ءخر ظهر بطن کلل شیء علم
57:4	خلق سمو ءرض ستت یوم سوو عرش علم ولج ءرض خرج نزل سمو عرج ءین کون ءله عمل بصر
57:5	ملک سمو ءرض ءله رجع ءمر
57:6	ولج لیل نهر ولج نهر لیل علم ذوی صدر
57:7	ءمن ءله رسل نفق جعل خلف ءمن نفق ءجر کبر
57:8	ءمن ءله رسل دعو ءمن ربب ءخذ وثق کون ءمن
57:9	نزل عبد ءیی بین خرج ظلم نور ءله رءف رحم
57:10	نفق سبل ءله ءله ورث سمو ءرض سوو نفق قبل فتح قتل عظم درج نفق بعد قتل کلل وعد ءله حسن ءله عمل خبر
57:11	ذوی قرض ءله قرض حسن ضعف ءجر کرم
57:12	یوم رءی ءمن ءمن سعی نور بین یدی یمن بشر یوم جنن جری تحت نهر خلد فوز عظم
57:13	یوم قول نفق نفق ءمن نظر قبس نور قول رجع وری لمس نور ضرب بین سور بوب بطن رحم ظهر قبل عذب
57:14	ندو کون قول فتن نفس ربص ریب غرر منی جیء ءمر ءله غرر ءله غرر
57:15	یوم ءخذ فدی کفر ءوی نور ولی بءس صیر
57:16	ءنی ءمن خشع قلب ذکر ءله نزل حقق کون ءتی کتب قبل طول ءمد قسو قلب کثر فسق
57:17	علم ءله حیی ءرض بعد موت بین ءیی عقل
57:18	صدق صدق قرض ءله قرض حسن ضعف ءجر کرم
57:19	ءمن ءله رسل صدق شهد عند ربب ءجر نور کفر کذب ءیی صحب جحم
57:20	علم حیی دنو لعب لهو زین فخر بین کثر مول ولد مثل غیث عجب کفر نبت هیج رءی صفر کون حطم ءخر عذب شدد غفر ءله رضو حیی دنو متع غرر
57:21	سبق غفر ربب جنن عرض عرض سمو ءرض عدد ءمن ءله رسل فضل ءله ءتی شیء ءله ذوی فضل عظم
57:22	صوب صوب ءرض نفس کتب قبل برء ءله یسر
57:23	ءسی فوت فرح ءتی ءله حبب کلل خیل فخر
57:24	بخل ءمر ءنس بخل ولی ءله غنی حمد
57:25	رسل رسل بین نزل کتب وزن قوم ءنس قسط نزل حدد بءس شدد نفع ءنس علم ءله نصر رسل غیب ءله قوی عزز
57:26	رسل نوح برهم جعل ذرر نبو کتب هدی کثر فسق
57:27	قفو ءثر رسل قفو عیس بنو ریم ءتی نجل جعل قلب تبع رءف رحم رهب بدع کتب بغی رضو ءله رعی حقق رعی ءتی ءمن ءجر کثر فسق
57:28	ءمن وقی ءله ءمن رسل ءتی کفل رحم جعل نور مشی غفر ءله غفر رحم
57:29	علم ءهل کتب قدر شیء فضل ءله فضل یدی ءله ءتی شیء ءله ذوی فضل عظم
58:1	سمع ءله قول جدل زوج شکو ءله ءله سمع حور ءله سمع بصر
58:2	ظهر نسو ءمم ءمم ولد قول نکر قول زور ءله عفو غفر
58:3	ظهر نسو عود قول حرر رقب قبل مسس وعظ ءله عمل خبر
58:4	وجد صوم شهر تبع قبل مسس طوع طعم ستت سکن ءمن ءله رسل حدد ءله کفر عذب ءلم
58:5	حدد ءله رسل کبت کبت قبل نزل ءیی بین کفر عذب هون
58:6	یوم بعث ءله جمع نبء عمل حصی ءله نسی ءله کلل شیء شهد
58:7	رءی ءله علم سمو ءرض کون نجو ثلث ربع خمس سدس دنو کثر ءین کون نبء عمل یوم قوم ءله کلل شیء علم
58:8	رءی نهی نجو عود نهی نجو ءثم عدو عصی رسل جیء حیی حیی ءله قول نفس عذب ءله قول حسب جهنم صلی بءس صیر
58:9	ءمن نجو نجو ءثم عدو عصی رسل نجو برر وقی وقی ءله حشر
58:10	نجو شطن حزن ءمن لیس ضرر شیء ءذن ءله ءله وکل ءمن
58:11	ءمن قول فسح جلس فسح فسح ءله قول نشز نشز رفع ءله ءمن ءتی علم درج ءله عمل خبر
58:12	ءمن نجو رسل قدم بین یدی نجو صدق خیر طهر وجد ءله غفر رحم
58:13	شفق قدم بین یدی نجو صدق فعل توب ءله قوم صلو ءتی زکو طوع ءله رسل ءله خبر عمل
58:14	رءی ولی قوم غضب ءله حلف کذب علم
58:15	عدد ءله عذب شدد سوء کون عمل
58:16	ءخذ یمن جنن صدد سبل ءله عذب هون
58:17	غنی مول ولد ءله شیء صحب نور خلد
58:18	یوم بعث ءله جمع حلف حلف حسب شیء کذب
58:19	حوذ شطن نسی ذکر ءله حزب شطن حزب شطن خسر
58:20	حدد ءله رسل ذلل
58:21	کتب ءله غلب رسل ءله قوی عزز
58:22	وجد قوم ءمن ءله یوم ءخر ودد حدد ءله رسل کون ءبو بنو ءخو عشر کتب قلب ءمن ءید روح دخل جنن جری تحت نهر خلد رضو ءله رضو حزب ءله حزب ءله فلح
59:1	سبح ءله سمو ءرض عزز حکم
59:2	خرج کفر ءهل کتب دور ءول حشر ظنن خرج ظنن منع حصن ءله ءتی ءله حیث حسب قذف قلب رعب خرب بیت یدی یدی ءمن عبر ءول بصر
59:3	کتب ءله جلو عذب دنو ءخر عذب نور
59:4	شقق ءله رسل شقق ءله ءله شدد عقب
59:5	قطع لین ترک قوم ءصل ءذن ءله خزی فسق
59:6	فیء ءله رسل وجف خیل رکب ءله سلط رسل شیء ءله کلل شیء قدر
59:7	فیء ءله رسل ءهل قری ءله رسل ذوی قرب یتم سکن بنو سبل کون دول بین غنی ءتی رسل ءخذ نهی نهی وقی ءله ءله شدد عقب
59:8	فقر هجر خرج دور مول بغی فضل ءله رضو نصر ءله رسل صدق
59:9	بوء دور ءمن قبل حبب هجر وجد صدر حوج ءتی ءثر نفس کون خصص وقی شحح نفس فلح
59:10	جیء بعد قول ربب غفر ءخو سبق ءمن جعل قلب غلل ءمن ربب رءف رحم
59:11	رءی نفق قول ءخو کفر ءهل کتب خرج خرج طوع وحد ءبد قتل نصر ءله شهد کذب
59:12	خرج خرج قتل نصر نصر ولی دبر نصر
59:13	شدد رهب صدر ءله قوم فقه
59:14	قتل جمع قری حصن وری جدر بءس بین شدد حسب جمع قلب شتت قوم عقل
59:15	مثل قبل قرب ذوق وبل ءمر عذب ءلم
59:16	مثل شطن قول ءنس کفر کفر قول برء خوف ءله ربب علم
59:17	کون عقب نور خلد جزی ظلم
59:18	ءمن وقی ءله نظر نفس قدم غدو وقی ءله ءله خبر عمل
59:19	کون نسی ءله نسی نفس فسق
59:20	سوو صحب نور صحب جنن صحب جنن فوز
59:21	نزل قرء جبل رءی خشع صدع خشی ءله مثل ضرب ءنس فکر
59:22	ءله ءله علم غیب شهد رحم رحم
59:23	ءله ءله ملک قدس سلم ءمن هیمن عزز جبر کبر سبح ءله شرک
59:24	ءله خلق برء صور سمو حسن سبح سمو ءرض عزز حکم
60:1	ءمن ءخذ عدو عدو ولی لقی ودد کفر جیء حقق خرج رسل ءمن ءله ربب کون خرج جهد سبل بغی رضو سرر ودد علم خفی علن فعل ضلل سوو سبل
60:2	ثقف کون عدو بسط یدی لسن سوء ودد کفر
60:3	نفع رحم ولد یوم قوم فصل بین ءله عمل بصر
60:4	کون ءسو حسن برهم قول قوم برء عبد دون ءله کفر بدو بین بین عدو بغض ءبد ءمن ءله وحد قول برهم ءبو غفر ملک ءله شیء ربب وکل نوب صیر
60:5	ربب جعل فتن کفر غفر ربب عزز حکم
60:6	کون ءسو حسن کون رجو ءله یوم ءخر ولی ءله غنی حمد
60:7	عسی ءله جعل بین بین عدو ودد ءله قدر ءله غفر رحم
60:8	نهی ءله قتل دین خرج دور برر قسط ءله حبب قسط
60:9	نهی ءله قتل دین خرج دور ظهر خرج ولی ولی ظلم
60:10	ءمن جیء ءمن هجر محن ءله علم ءمن علم ءمن رجع کفر حلل حلل ءتی نفق جنح نکح ءتی ءجر مسک عصم کفر سءل نفق سءل نفق حکم ءله حکم بین ءله علم حکم
60:11	فوت شیء زوج کفر عقب ءتی ذهب زوج مثل نفق وقی ءله ءمن
60:12	نبو جیء ءمن بیع شرک ءله شیء سرق زنی قتل ولد ءتی بهت فری بین یدی رجل عصی عرف بیع غفر ءله ءله غفر رحم
60:13	ءمن ولی قوم غضب ءله یءس ءخر یءس کفر صحب قبر
61:1	سبح ءله سمو ءرض عزز حکم
61:2	ءمن قول فعل
61:3	کبر مقت عند ءله قول فعل
61:4	ءله حبب قتل سبل صفف بنی رصص
61:5	قول وسی قوم قوم ءذی علم رسل ءله زیغ زیغ ءله قلب ءله هدی قوم فسق
61:6	قول عیس بنو ریم بنو رسل ءله صدق بین یدی وری بشر رسل ءتی بعد سمو حمد جیء بین قول سحر بین
61:7	ظلم فری ءله کذب دعو سلم ءله هدی قوم ظلم
61:8	رود طفء نور ءله فوه ءله تمم نور کره کفر
61:9	رسل رسل هدی دین حقق ظهر دین کلل کره شرک
61:10	ءمن دلل تجر نجو عذب ءلم
61:11	ءمن ءله رسل جهد سبل ءله مول نفس خیر کون علم
61:12	غفر ذنب دخل جنن جری تحت نهر سکن طیب جنن عدن فوز عظم
61:13	ءخر حبب نصر ءله فتح قرب بشر ءمن
61:14	ءمن کون نصر ءله قول عیس بنو ریم حور نصر ءله قول حور نصر ءله ءمن طوف بنو کفر طوف ءید ءمن عدو صبح ظهر
62:1	سبح ءله سمو ءرض ملک قدس عزز حکم
62:2	بعث ءمم رسل تلو ءیی زکو علم کتب حکم کون قبل ضلل بین
62:3	ءخر لحق عزز حکم
62:4	فضل ءله ءتی شیء ءله ذوی فضل عظم
62:5	مثل حمل وری حمل مثل حمر حمل سفر بءس مثل قوم کذب ءیی ءله ءله هدی قوم ظلم
62:6	قول هود زعم ولی ءله دون ءنس منی موت کون صدق
62:7	منی ءبد قدم یدی ءله علم ظلم
62:8	قول موت فرر لقی ردد علم غیب شهد نبء کون عمل
62:9	ءمن ندو صلو یوم جمع سعی ذکر ءله وذر بیع خیر کون علم
62:10	قضی صلو نشر ءرض بغی فضل ءله ذکر ءله کثر فلح
62:11	رءی تجر لهو فضض ترک قوم قول عند ءله خیر لهو تجر ءله خیر رزق
63:1	جیء نفق قول شهد رسل ءله ءله علم رسل ءله شهد نفق کذب
63:2	ءخذ یمن جنن صدد سبل ءله سوء کون عمل
63:3	ءمن کفر طبع قلب فقه
63:4	رءی عجب جسم قول سمع قول خشب سند حسب کلل صیح عدو حذر قتل ءله ءفک
63:5	قول علو غفر رسل ءله لوی رءس رءی صدد کبر
63:6	سوو غفر غفر غفر ءله ءله هدی قوم فسق
63:7	قول نفق عند رسل ءله فضض ءله خزن سمو ءرض نفق فقه
63:8	قول رجع مدن خرج عزز ذلل ءله عزز رسل ءمن نفق علم
63:9	ءمن لهو مول ولد ذکر ءله فعل خسر
63:10	نفق رزق قبل ءتی وحد موت قول ربب ءخر ءجل قرب صدق کون صلح
63:11	ءخر ءله نفس جیء ءجل ءله خبر عمل
64:1	سبح ءله سمو ءرض ملک حمد کلل شیء قدر
64:2	خلق کفر ءمن ءله عمل بصر
64:3	خلق سمو ءرض حقق صور حسن صور صیر
64:4	علم سمو ءرض علم سرر علن ءله علم ذوی صدر
64:5	ءتی نبء کفر قبل ذوق وبل ءمر عذب ءلم
64:6	کون ءتی رسل بین قول بشر هدی کفر ولی غنی ءله ءله غنی حمد
64:7	زعم کفر بعث قول ربب بعث نبء عمل ءله یسر
64:8	ءمن ءله رسل نور نزل ءله عمل خبر
64:9	یوم جمع یوم جمع یوم غبن ءمن ءله عمل صلح کفر سوء دخل جنن جری تحت نهر خلد ءبد فوز عظم
64:10	کفر کذب ءیی صحب نور خلد بءس صیر
64:11	صوب صوب ءذن ءله ءمن ءله هدی قلب ءله کلل شیء علم
64:12	طوع ءله طوع رسل ولی رسل بلغ بین
64:13	ءله ءله ءله وکل ءمن
64:14	ءمن زوج ولد عدو حذر عفو صفح غفر ءله غفر رحم
64:15	مول ولد فتن ءله عند ءجر عظم
64:16	وقی ءله طوع سمع طوع نفق خیر نفس وقی شحح نفس فلح
64:17	قرض ءله قرض حسن ضعف غفر ءله شکر حلم
64:18	علم غیب شهد عزز حکم
65:1	نبو طلق نسو طلق عدد حصی عدد وقی ءله ربب خرج بیت خرج ءتی فحش بین حدد ءله عدو حدد ءله ظلم نفس دری ءله حدث بعد ءمر
65:2	بلغ ءجل مسک عرف فرق عرف شهد ذوی عدل قوم شهد ءله وعظ کون ءمن ءله یوم ءخر وقی ءله جعل خرج
65:3	رزق حیث حسب وکل ءله حسب ءله بلغ ءمر جعل ءله کلل شیء قدر
65:4	یءس حیض نسو ریب عدد ثلث شهر حیض ءول حمل ءجل وضع حمل وقی ءله جعل ءمر یسر
65:5	ءمر ءله نزل وقی ءله کفر سوء عظم ءجر
65:6	سکن حیث سکن وجد ضرر ضیق کون ءول حمل نفق وضع حمل رضع ءتی ءجر ءمر بین عرف عسر رضع ءخر
65:7	نفق ذوی وسع وسع قدر رزق نفق ءتی ءله کلف ءله نفس ءتی جعل ءله بعد عسر یسر
65:8	قری عتو ءمر ربب رسل حسب حسب شدد عذب عذب نکر
65:9	ذوق وبل ءمر کون عقب ءمر خسر
65:10	عدد ءله عذب شدد وقی ءله ءول لبب ءمن نزل ءله ذکر
65:11	رسل تلو ءیی ءله بین خرج ءمن عمل صلح ظلم نور ءمن ءله عمل صلح دخل جنن جری تحت نهر خلد ءبد حسن ءله رزق
65:12	ءله خلق سبع سمو ءرض مثل نزل ءمر بین علم ءله کلل شیء قدر ءله حوط کلل شیء علم
66:1	نبو حرم حلل ءله بغی رضو زوج ءله غفر رحم
66:2	فرض ءله حلل یمن ءله ولی علم حکم
66:3	سرر نبو بعض زوج حدث نبء ظهر ءله عرف بعض عرض بعض نبء قول نبء قول نبء علم خبر
66:4	توب ءله صغو قلب ظهر ءله ولی صلح ءمن ملک بعد ظهر
66:5	عسی ربب طلق بدل زوج خیر سلم ءمن قنت توب عبد سیح ثوب بکر
66:6	ءمن وقی نفس ءهل نور وقد ءنس حجر ملک غلظ شدد عصی ءله ءمر فعل ءمر
66:7	کفر عذر یوم جزی کون عمل
66:8	ءمن توب ءله توب نصح عسی ربب کفر سوء دخل جنن جری تحت نهر یوم خزی ءله نبو ءمن نور سعی بین یدی یمن قول ربب تمم نور غفر کلل شیء قدر
66:9	نبو جهد کفر نفق غلظ ءوی جهنم بءس صیر
66:10	ضرب ءله مثل کفر مرء نوح مرء لوط کون تحت عبد عبد صلح خون غنی ءله شیء قول دخل نور دخل
66:11	ضرب ءله مثل ءمن مرء فرعن قول ربب بنی عند بیت جنن نجو فرعن عمل نجو قوم ظلم
66:12	ریم بنو عمر حصن فرج نفخ روح صدق کلم ربب کتب کون قنت
67:1	برک یدی ملک کلل شیء قدر
67:2	خلق موت حیی بلو حسن عمل عزز غفر
67:3	خلق سبع سمو طبق رءی خلق رحم فوت رجع بصر رءی فطر
67:4	رجع بصر کرر قلب بصر خسء حسر
67:5	زین سمو دنو صبح جعل رجم شطن عتد عذب سعر
67:6	کفر ربب عذب جهنم بءس صیر
67:7	لقی سمع شهق فور
67:8	کود میز غیظ کلل لقی فوج سءل خزن ءتی نذر
67:9	قول جیء نذر کذب قول نزل ءله شیء ضلل کبر
67:10	قول کون سمع عقل کون صحب سعر
67:11	عرف ذنب سحق صحب سعر
67:12	خشی ربب غیب غفر ءجر کبر
67:13	سرر قول جهر علم ذوی صدر
67:14	علم خلق لطف خبر
67:15	جعل ءرض ذلل مشی نکب ءکل رزق نشر
67:16	ءمن سمو خسف ءرض مور
67:17	ءمن سمو رسل حصب علم نذر
67:18	کذب قبل کون نکر
67:19	رءی طیر فوق صفف قبض مسک رحم کلل شیء بصر
67:20	جند نصر دون رحم کفر غرر
67:21	رزق مسک رزق لجج عتو نفر
67:22	مشی کبب وجه هدی مشی سوو صرط قوم
67:23	قول نشء جعل سمع بصر فءد قلل شکر
67:24	قول ذرء ءرض حشر
67:25	قول وعد کون صدق
67:26	قول علم عند ءله نذر بین
67:27	رءی زلف سوء وجه کفر قول کون دعو
67:28	قول رءی هلک ءله رحم جور کفر عذب ءلم
67:29	قول رحم ءمن وکل علم ضلل بین
67:30	قول رءی صبح موه غور ءتی موه عین
68:1	قلم سطر
68:2	نعم ربب جنن
68:3	ءجر غیر منن
68:4	خلق عظم
68:5	بصر بصر
68:6	فتن
68:7	ربب علم ضلل سبل علم هدی
68:8	طوع کذب
68:9	ودد دهن دهن
68:10	طوع کلل حلف مهن
68:11	همز مشی نمم
68:12	منع خیر عدو ءثم
68:13	عتل بعد زنم
68:14	کون ذوی مول بنو
68:15	تلو ءیی قول سطر ءول
68:16	وسم خرطم
68:17	بلو بلو صحب جنن قسم صرم صبح
68:18	ثنی
68:19	طوف طوف ربب نوم
68:20	صبح صرم
68:21	ندو صبح
68:22	غدو حرث کون صرم
68:23	طلق خفت
68:24	دخل یوم سکن
68:25	غدو حرد قدر
68:26	رءی قول ضلل
68:27	حرم
68:28	قول وسط قول سبح
68:29	قول سبح ربب کون ظلم
68:30	قبل بعض بعض لوم
68:31	قول ویل کون طغی
68:32	عسی ربب بدل خیر ربب رغب
68:33	عذب عذب ءخر کبر کون علم
68:34	وقی عند ربب جنن نعم
68:35	جعل سلم جرم
68:36	حکم
68:37	کتب درس
68:38	خیر
68:39	یمن بلغ یوم قوم حکم
68:40	سءل زعم
68:41	شرک ءتی شرک کون صدق
68:42	یوم کشف سوق دعو سجد طوع
68:43	خشع بصر رهق ذلل کون دعو سجد سلم
68:44	وذر کذب حدث درج حیث علم
68:45	ملو کید متن
68:46	سءل ءجر غرم ثقل
68:47	عند غیب کتب
68:48	صبر حکم ربب کون صحب حوت ندو کظم
68:49	درک نعم ربب نبذ عری ذمم
68:50	جبی ربب جعل صلح
68:51	کود کفر زلق بصر سمع ذکر قول جنن
68:52	ذکر علم
69:1	حقق
69:2	حقق
69:3	دری حقق
69:4	کذب ثمد عود قرع
69:5	ثمد هلک طغی
69:6	عود هلک روح صرصر عتو
69:7	سخر سبع لیل ثمن یوم حسم رءی قوم صرع عجز نخل خوی
69:8	رءی بقی
69:9	جیء فرعن قبل ءفک خطء
69:10	عصی رسل ربب ءخذ ءخذ ربو
69:11	طغی موه حمل جری
69:12	جعل ذکر وعی ءذن وعی
69:13	نفخ صور نفخ وحد
69:14	حمل ءرض جبل دکک دکک وحد
69:15	یوم وقع وقع
69:16	شقق سمو یوم وهی
69:17	ملک رجو حمل عرش ربب فوق یوم ثمن
69:18	یوم عرض خفی خفی
69:19	ءتی کتب یمن قول قرء کتب
69:20	ظنن لقی حسب
69:21	عیش رضو
69:22	جنن علو
69:23	قطف دنو
69:24	ءکل شرب هنء سلف یوم خلو
69:25	ءتی کتب شمل قول ءتی کتب
69:26	دری حسب
69:27	کون قضی
69:28	غنی مول
69:29	هلک سلط
69:30	ءخذ غلل
69:31	جحم صلی
69:32	سلسل ذرع سبع ذرع سلک
69:33	کون ءمن ءله عظم
69:34	حضض طعم سکن
69:35	لیس یوم حمم
69:36	طعم غسل
69:37	ءکل خطء
69:38	قسم بصر
69:39	بصر
69:40	قول رسل کرم
69:41	قول شعر قلل ءمن
69:42	قول کهن قلل ذکر
69:43	نزل ربب علم
69:44	قول بعض قول
69:45	ءخذ یمن
69:46	قطع وتن
69:47	وحد حجز
69:48	ذکر وقی
69:49	علم کذب
69:50	حسر کفر
69:51	حقق یقن
69:52	سبح سمو ربب عظم
70:1	سءل سءل عذب وقع
70:2	کفر لیس دفع
70:3	ءله ذوی عرج
70:4	عرج ملک روح یوم کون قدر خمس ءلف سنو
70:5	صبر صبر جمل
70:6	رءی بعد
70:7	رءی قرب
70:8	یوم کون سمو مهل
70:9	کون جبل عهن
70:10	سءل حمم حمم
70:11	بصر ودد جرم فدی عذب یوم بنو
70:12	صحب ءخو
70:13	فصل ءوی
70:14	ءرض جمع نجو
70:15	لظی
70:16	نزع شوی
70:17	دعو دبر ولی
70:18	جمع وعی
70:19	ءنس خلق هلع
70:20	مسس شرر جزع
70:21	مسس خیر منع
70:22	صلو
70:23	صلو دوم
70:24	مول حقق علم
70:25	سءل حرم
70:26	صدق یوم دین
70:27	عذب ربب شفق
70:28	عذب ربب غیر ءمن
70:29	فرج حفظ
70:30	زوج ملک یمن غیر لوم
70:31	بغی وری عدو
70:32	ءمن عهد رعی
70:33	شهد قوم
70:34	صلو حفظ
70:35	جنن کرم
70:36	کفر قبل هطع
70:37	یمن شمل عزو
70:38	طمع کلل مرء دخل جنن نعم
70:39	خلق علم
70:40	قسم ربب شرق غرب قدر
70:41	بدل خیر سبق
70:42	وذر خوض لعب لقی یوم وعد
70:43	یوم خرج جدث سرع نصب وفض
70:44	خشع بصر رهق ذلل یوم کون وعد
71:1	رسل نوح قوم نذر قوم قبل ءتی عذب ءلم
71:2	قول قوم نذر بین
71:3	عبد ءله وقی طوع
71:4	غفر ذنب ءخر ءجل سمو ءجل ءله جیء ءخر کون علم
71:5	قول ربب دعو قوم لیل نهر
71:6	زید دعو فرر
71:7	کلل دعو غفر جعل صبع ءذن غشو ثوب صرر کبر کبر
71:8	دعو جهر
71:9	علن سرر سرر
71:10	قول غفر ربب کون غفر
71:11	رسل سمو درر
71:12	مدد مول بنو جعل جنن جعل نهر
71:13	رجو ءله وقر
71:14	خلق طور
71:15	رءی خلق ءله سبع سمو طبق
71:16	جعل قمر نور جعل شمس سرج
71:17	ءله نبت ءرض نبت
71:18	عود خرج خرج
71:19	ءله جعل ءرض بسط
71:20	سلک سبل فجج
71:21	قول نوح ربب عصی تبع زید مول ولد خسر
71:22	مکر مکر کبر
71:23	قول وذر ءله وذر ودد سوع غوث عوق نسر
71:24	ضلل کثر زید ظلم ضلل
71:25	خطء غرق دخل نور وجد دون ءله نصر
71:26	قول نوح ربب وذر ءرض کفر دور
71:27	وذر ضلل عبد ولد فجر کفر
71:28	ربب غفر ولد دخل بیت ءمن ءمن ءمن زید ظلم تبر
72:1	قول وحی سمع نفر جنن قول سمع قرء عجب
72:2	هدی رشد ءمن شرک ربب وحد
72:3	علو جدد ربب ءخذ صحب ولد
72:4	کون قول سفه ءله شطط
72:5	ظنن قول ءنس جنن ءله کذب
72:6	کون رجل ءنس عوذ رجل جنن زید رهق
72:7	ظنن ظنن بعث ءله وحد
72:8	لمس سمو وجد ملء حرس شدد شهب
72:9	کون قعد قعد سمع سمع ءین وجد شهب رصد
72:10	دری شرر رود ءرض رود ربب رشد
72:11	صلح دون کون طرق قدد
72:12	ظنن عجز ءله ءرض عجز هرب
72:13	سمع هدی ءمن ءمن ربب خوف بخس رهق
72:14	سلم قسط سلم حری رشد
72:15	قسط کون جهنم حطب
72:16	قوم طرق سقی موه غدق
72:17	فتن عرض ذکر ربب سلک عذب صعد
72:18	سجد ءله دعو ءله وحد
72:19	قوم عبد ءله دعو کود کون لبد
72:20	قول دعو ربب شرک وحد
72:21	قول ملک ضرر رشد
72:22	قول جور ءله وحد وجد دون لحد
72:23	بلغ ءله رسل عصی ءله رسل نور جهنم خلد ءبد
72:24	رءی وعد علم ضعف نصر قلل عدد
72:25	قول دری قرب وعد جعل ربب ءمد
72:26	علم غیب ظهر غیب وحد
72:27	رضو رسل سلک بین یدی خلف رصد
72:28	علم بلغ رسل ربب حوط لدی حصی کلل شیء عدد
73:1	زمل
73:2	قوم لیل قلل
73:3	نصف نقص قلل
73:4	زید رتل قرء رتل
73:5	لقی قول ثقل
73:6	نشء لیل شدد وطء قوم قول
73:7	نهر سبح طول
73:8	ذکر سمو ربب بتل بتل
73:9	ربب شرق غرب ءله ءخذ وکل
73:10	صبر قول هجر هجر جمل
73:11	وذر کذب ءول نعم مهل قلل
73:12	لدی نکل جحم
73:13	طعم ذوی غصص عذب ءلم
73:14	یوم رجف ءرض جبل کون جبل کثب هیل
73:15	رسل رسل شهد رسل فرعن رسل
73:16	عصی فرعن رسل ءخذ ءخذ وبل
73:17	وقی کفر یوم جعل ولد شیب
73:18	سمو فطر کون وعد فعل
73:19	ذکر شیء ءخذ ربب سبل
73:20	ربب علم قوم دنو ثلث لیل نصف ثلث طوف ءله قدر لیل نهر علم حصی توب قرء یسر قرء علم کون مرض ءخر ضرب ءرض بغی فضل ءله ءخر قتل سبل ءله قرء یسر قوم صلو ءتی زکو قرض ءله قرض حسن قدم نفس خیر وجد عند ءله خیر عظم ءجر غفر ءله ءله غفر رحم
74:1	دثر
74:2	قوم نذر
74:3	ربب کبر
74:4	ثوب طهر
74:5	رجز هجر
74:6	منن کثر
74:7	ربب صبر
74:8	نقر نقر
74:9	یوم یوم عسر
74:10	کفر غیر یسر
74:11	وذر خلق وحد
74:12	جعل مول مدد
74:13	بنو شهد
74:14	مهد مهد
74:15	طمع زید
74:16	کون ءیی عند
74:17	رهق صعد
74:18	فکر قدر
74:19	قتل قدر
74:20	قتل قدر
74:21	نظر
74:22	عبس بسر
74:23	دبر کبر
74:24	قول سحر ءثر
74:25	قول بشر
74:26	صلی سقر
74:27	دری سقر
74:28	بقی وذر
74:29	لوح بشر
74:30	تسع عشر
74:31	جعل صحب نور ملک جعل عدد فتن کفر یقن ءتی کتب زید ءمن ءمن ریب ءتی کتب ءمن قول قلب مرض کفر ذوی رود ءله مثل ضلل ءله شیء هدی شیء علم جند ربب ذکر بشر
74:32	قمر
74:33	لیل دبر
74:34	صبح سفر
74:35	وحد کبر
74:36	نذر بشر
74:37	شیء قدم ءخر
74:38	کلل نفس کسب رهن
74:39	صحب یمن
74:40	جنن سءل
74:41	جرم
74:42	سلک سقر
74:43	قول کون صلو
74:44	کون طعم سکن
74:45	کون خوض خوض
74:46	کون کذب یوم دین
74:47	ءتی یقن
74:48	نفع شفع شفع
74:49	ذکر عرض
74:50	حمر نفر
74:51	فرر قسور
74:52	رود کلل مرء ءتی صحف نشر
74:53	خوف ءخر
74:54	ذکر
74:55	شیء ذکر
74:56	ذکر شیء ءله ءهل وقی ءهل غفر
75:1	قسم یوم قوم
75:2	قسم نفس لوم
75:3	حسب ءنس جمع عظم
75:4	قدر سوو بنن
75:5	رود ءنس فجر ءمم
75:6	سءل یوم قوم
75:7	برق بصر
75:8	خسف قمر
75:9	جمع شمس قمر
75:10	قول ءنس یوم ءین فرر
75:11	وزر
75:12	ربب یوم قرر
75:13	نبء ءنس یوم قدم ءخر
75:14	ءنس نفس بصر
75:15	لقی عذر
75:16	حرک لسن عجل
75:17	جمع قرء
75:18	قرء تبع قرء
75:19	بین
75:20	حبب عجل
75:21	وذر ءخر
75:22	وجه یوم نضر
75:23	ربب نظر
75:24	وجه یوم بسر
75:25	ظنن فعل فقر
75:26	بلغ ترق
75:27	قول رقی
75:28	ظنن فرق
75:29	لفف سوق سوق
75:30	ربب یوم سوق
75:31	صدق صلو
75:32	کذب ولی
75:33	ذهب ءهل مطو
75:34	ولی ولی
75:35	ولی ولی
75:36	حسب ءنس ترک سدی
75:37	کون نطف منی منی
75:38	کون علق خلق سوو
75:39	جعل زوج ذکر ءنث
75:40	لیس قدر حیی موت
76:1	ءتی ءنس حین دهر کون شیء ذکر
76:2	خلق ءنس نطف مشج بلو جعل سمع بصر
76:3	هدی سبل شکر کفر
76:4	عتد کفر سلسل غلل سعر
76:5	برر شرب کءس کون مزج کفر
76:6	عین شرب عبد ءله فجر فجر
76:7	وفی نذر خوف یوم کون شرر طیر
76:8	طعم طعم حبب سکن یتم ءسر
76:9	طعم وجه ءله رود جزی شکر
76:10	خوف ربب یوم عبس قمطر
76:11	وقی ءله شرر یوم لقی نضر سرر
76:12	جزی صبر جنن حرر
76:13	وکء ءرک رءی شمس زمهر
76:14	دنو ظلل ذلل قطف ذلل
76:15	طوف ءنی فضض کوب کون قرر
76:16	قرر فضض قدر قدر
76:17	سقی کءس کون مزج زنجبل
76:18	عین سمو سلسبل
76:19	طوف ولد خلد رءی حسب لءلء نثر
76:20	رءی رءی نعم ملک کبر
76:21	علو ثوب سندس خضر برق حلی سور فضض سقی ربب شرب طهر
76:22	کون جزی کون سعی شکر
76:23	نزل قرء نزل
76:24	صبر حکم ربب طوع ءثم کفر
76:25	ذکر سمو ربب بکر ءصل
76:26	لیل سجد سبح لیل طول
76:27	حبب عجل وذر وری یوم ثقل
76:28	خلق شدد ءسر شیء بدل مثل بدل
76:29	ذکر شیء ءخذ ربب سبل
76:30	شیء شیء ءله ءله کون علم حکم
76:31	دخل شیء رحم ظلم عدد عذب ءلم
77:1	رسل عرف
77:2	عصف عصف
77:3	نشر نشر
77:4	فرق فرق
77:5	لقی ذکر
77:6	عذر نذر
77:7	وعد وقع
77:8	نجم طمس
77:9	سمو فرج
77:10	جبل نسف
77:11	رسل وقت
77:12	یوم ءجل
77:13	یوم فصل
77:14	دری یوم فصل
77:15	ویل یوم کذب
77:16	هلک ءول
77:17	تبع ءخر
77:18	فعل جرم
77:19	ویل یوم کذب
77:20	خلق موه مهن
77:21	جعل قرر مکن
77:22	قدر علم
77:23	قدر نعم قدر
77:24	ویل یوم کذب
77:25	جعل ءرض کفت
77:26	حیی موت
77:27	جعل رسو شمخ سقی موه فرت
77:28	ویل یوم کذب
77:29	طلق کون کذب
77:30	طلق ظلل ذوی ثلث شعب
77:31	ظلل غنی لهب
77:32	رمی شرر قصر
77:33	جمل صفر
77:34	ویل یوم کذب
77:35	یوم نطق
77:36	ءذن عذر
77:37	ویل یوم کذب
77:38	یوم فصل جمع ءول
77:39	کون کید کید
77:40	ویل یوم کذب
77:41	وقی ظلل عین
77:42	فکه شهو
77:43	ءکل شرب هنء کون عمل
77:44	جزی حسن
77:45	ویل یوم کذب
77:46	ءکل متع قلل جرم
77:47	ویل یوم کذب
77:48	قول رکع رکع
77:49	ویل یوم کذب
77:50	حدث بعد ءمن
78:1	سءل
78:2	نبء عظم
78:3	خلف
78:4	علم
78:5	علم
78:6	جعل ءرض مهد
78:7	جبل وتد
78:8	خلق زوج
78:9	جعل نوم سبت
78:10	جعل لیل لبس
78:11	جعل نهر عیش
78:12	بنی فوق سبع شدد
78:13	جعل سرج وهج
78:14	نزل عصر موه ثجج
78:15	خرج حبب نبت
78:16	جنن لفف
78:17	یوم فصل کون وقت
78:18	یوم نفخ صور ءتی فوج
78:19	فتح سمو کون بوب
78:20	سیر جبل کون سرب
78:21	جهنم کون رصد
78:22	طغی ءوب
78:23	لبث حقب
78:24	ذوق برد شرب
78:25	حمم غسق
78:26	جزی وفق
78:27	کون رجو حسب
78:28	کذب ءیی کذب
78:29	کلل شیء حصی کتب
78:30	ذوق زید عذب
78:31	وقی فوز
78:32	حدق عنب
78:33	کعب ترب
78:34	کءس دهق
78:35	سمع لغو کذب
78:36	جزی ربب عطو حسب
78:37	ربب سمو ءرض بین رحم ملک خطب
78:38	یوم قوم روح ملک صفف کلم ءذن رحم قول صوب
78:39	یوم حقق شیء ءخذ ربب ءوب
78:40	نذر عذب قرب یوم نظر مرء قدم یدی قول کفر کون ترب
79:1	نزع غرق
79:2	نشط نشط
79:3	سبح سبح
79:4	سبق سبق
79:5	دبر ءمر
79:6	یوم رجف رجف
79:7	تبع ردف
79:8	قلب یوم وجف
79:9	بصر خشع
79:10	قول ردد حفر
79:11	کون عظم نخر
79:12	قول کرر خسر
79:13	زجر وحد
79:14	سهر
79:15	ءتی حدث وسی
79:16	ندو ربب ودی قدس طوی
79:17	ذهب فرعن طغی
79:18	قول زکو
79:19	هدی ربب خشی
79:20	رءی ءیی کبر
79:21	کذب عصی
79:22	دبر سعی
79:23	حشر ندو
79:24	قول ربب علو
79:25	ءخذ ءله نکل ءخر ءول
79:26	عبر خشی
79:27	شدد خلق سمو بنی
79:28	رفع سمک سوو
79:29	غطش لیل خرج ضحو
79:30	ءرض بعد دحو
79:31	خرج موه رعی
79:32	جبل رسو
79:33	متع نعم
79:34	جیء طمم کبر
79:35	یوم ذکر ءنس سعی
79:36	برز جحم رءی
79:37	طغی
79:38	ءثر حیی دنو
79:39	جحم ءوی
79:40	خوف قوم ربب نهی نفس هوی
79:41	جنن ءوی
79:42	سءل سوع رسو
79:43	ذکر
79:44	ربب نهی
79:45	نذر خشی
79:46	یوم رءی لبث عشو ضحو
80:1	عبس ولی
80:2	جیء عمی
80:3	دری زکو
80:4	ذکر نفع ذکر
80:5	غنی
80:6	صدی
80:7	زکو
80:8	جیء سعی
80:9	خشی
80:10	لهو
80:11	ذکر
80:12	شیء ذکر
80:13	صحف کرم
80:14	رفع طهر
80:15	یدی سفر
80:16	کرم برر
80:17	قتل ءنس کفر
80:18	شیء خلق
80:19	نطف خلق قدر
80:20	سبل یسر
80:21	موت قبر
80:22	شیء نشر
80:23	قضی ءمر
80:24	نظر ءنس طعم
80:25	صبب موه صبب
80:26	شقق ءرض شقق
80:27	نبت حبب
80:28	عنب قضب
80:29	زیت نخل
80:30	حدق غلب
80:31	فکه ءبب
80:32	متع نعم
80:33	جیء صخخ
80:34	یوم فرر مرء ءخو
80:35	ءمم ءبو
80:36	صحب بنو
80:37	کلل مرء یوم شءن غنی
80:38	وجه یوم سفر
80:39	ضحک بشر
80:40	وجه یوم غبر
80:41	رهق قتر
80:42	کفر فجر
81:1	شمس کور
81:2	نجم کدر
81:3	جبل سیر
81:4	عشر عطل
81:5	وحش حشر
81:6	بحر سجر
81:7	نفس زوج
81:8	وءد سءل
81:9	ذنب قتل
81:10	صحف نشر
81:11	سمو کشط
81:12	جحم سعر
81:13	جنن زلف
81:14	علم نفس حضر
81:15	قسم خنس
81:16	جری کنس
81:17	لیل عسعس
81:18	صبح نفس
81:19	قول رسل کرم
81:20	ذوی قوی عند ذوی عرش مکن
81:21	طوع ءمن
81:22	صحب جنن
81:23	رءی ءفق بین
81:24	غیب ضنن
81:25	قول شطن رجم
81:26	ءین ذهب
81:27	ذکر علم
81:28	شیء قوم
81:29	شیء شیء ءله ربب علم
82:1	سمو فطر
82:2	کوکب نثر
82:3	بحر فجر
82:4	قبر بعثر
82:5	علم نفس قدم ءخر
82:6	ءنس غرر ربب کرم
82:7	خلق سوو عدل
82:8	صور شیء رکب
82:9	کذب دین
82:10	حفظ
82:11	کرم کتب
82:12	علم فعل
82:13	برر نعم
82:14	فجر جحم
82:15	صلی یوم دین
82:16	غیب
82:17	دری یوم دین
82:18	دری یوم دین
82:19	یوم ملک نفس نفس شیء ءمر یوم ءله
83:1	ویل طفف
83:2	کیل ءنس وفی
83:3	کیل وزن خسر
83:4	ظنن بعث
83:5	یوم عظم
83:6	یوم قوم ءنس ربب علم
83:7	کتب فجر سجن
83:8	دری سجن
83:9	کتب رقم
83:10	ویل یوم کذب
83:11	کذب یوم دین
83:12	کذب کلل عدو ءثم
83:13	تلو ءیی قول سطر ءول
83:14	رین قلب کون کسب
83:15	ربب یوم حجب
83:16	صلی جحم
83:17	قول کون کذب
83:18	کتب برر علو
83:19	دری علو
83:20	کتب رقم
83:21	شهد قرب
83:22	برر نعم
83:23	ءرک نظر
83:24	عرف وجه نضر نعم
83:25	سقی رحق ختم
83:26	ختم مسک نفس نفس
83:27	مزج سنم
83:28	عین شرب قرب
83:29	جرم کون ءمن ضحک
83:30	مرر غمز
83:31	قلب ءهل قلب فکه
83:32	رءی قول ضلل
83:33	رسل حفظ
83:34	یوم ءمن کفر ضحک
83:35	ءرک نظر
83:36	ثوب کفر کون فعل
84:1	سمو شقق
84:2	ءذن ربب حقق
84:3	ءرض مدد
84:4	لقی خلو
84:5	ءذن ربب حقق
84:6	ءنس کدح ربب کدح لقی
84:7	ءتی کتب یمن
84:8	حسب حسب یسر
84:9	قلب ءهل سرر
84:10	ءتی کتب وری ظهر
84:11	دعو ثبر
84:12	صلی سعر
84:13	کون ءهل سرر
84:14	ظنن حور
84:15	ربب کون بصر
84:16	قسم شفق
84:17	لیل وسق
84:18	قمر وسق
84:19	رکب طبق طبق
84:20	ءمن
84:21	قرء قرء سجد
84:22	کفر کذب
84:23	ءله علم وعی
84:24	بشر عذب ءلم
84:25	ءمن عمل صلح ءجر غیر منن
85:1	سمو ذوی برج
85:2	یوم وعد
85:3	شهد شهد
85:4	قتل صحب خدد
85:5	نور ذوی وقد
85:6	قعد
85:7	فعل ءمن شهد
85:8	نقم ءمن ءله عزز حمد
85:9	ملک سمو ءرض ءله کلل شیء شهد
85:10	فتن ءمن ءمن توب عذب جهنم عذب حرق
85:11	ءمن عمل صلح جنن جری تحت نهر فوز کبر
85:12	بطش ربب شدد
85:13	بدء عود
85:14	غفر ودد
85:15	ذوی عرش مجد
85:16	فعل رود
85:17	ءتی حدث جند
85:18	فرعن ثمد
85:19	کفر کذب
85:20	ءله وری حوط
85:21	قرء مجد
85:22	لوح حفظ
86:1	سمو طرق
86:2	دری طرق
86:3	نجم ثقب
86:4	کلل نفس حفظ
86:5	نظر ءنس خلق
86:6	خلق موه دفق
86:7	خرج بین صلب ترب
86:8	رجع قدر
86:9	یوم بلو سرر
86:10	قوی نصر
86:11	سمو ذوی رجع
86:12	ءرض ذوی صدع
86:13	قول فصل
86:14	هزل
86:15	کید کید
86:16	کید کید
86:17	مهل کفر مهل رود
87:1	سبح سمو ربب علو
87:2	خلق سوو
87:3	قدر هدی
87:4	خرج رعی
87:5	جعل غثو حوی
87:6	قرء نسی
87:7	شیء ءله علم جهر خفی
87:8	یسر یسر
87:9	ذکر نفع ذکر
87:10	ذکر خشی
87:11	جنب شقو
87:12	صلی نور کبر
87:13	موت حیی
87:14	فلح زکو
87:15	ذکر سمو ربب صلو
87:16	ءثر حیی دنو
87:17	ءخر خیر بقی
87:18	صحف ءول
87:19	صحف برهم وسی
88:1	ءتی حدث غشو
88:2	وجه یوم خشع
88:3	عمل نصب
88:4	صلی نور حمی
88:5	سقی عین ءنی
88:6	لیس طعم ضرع
88:7	سمن غنی جوع
88:8	وجه یوم نعم
88:9	سعی رضو
88:10	جنن علو
88:11	سمع لغو
88:12	عین جری
88:13	سرر رفع
88:14	کوب وضع
88:15	نمرق صفف
88:16	زرب بثث
88:17	نظر ءبل خلق
88:18	سمو رفع
88:19	جبل نصب
88:20	ءرض سطح
88:21	ذکر ذکر
88:22	لیس سیطر
88:23	ولی کفر
88:24	عذب ءله عذب کبر
88:25	ءوب
88:26	حسب
89:1	فجر
89:2	لیل عشر
89:3	شفع وتر
89:4	لیل سری
89:5	قسم ذوی حجر
89:6	رءی فعل ربب عود
89:7	ءرم ذوی عمد
89:8	خلق مثل بلد
89:9	ثمد جوب صخر ودی
89:10	فرعن ذوی وتد
89:11	طغی بلد
89:12	کثر فسد
89:13	صبب ربب سوط عذب
89:14	ربب رصد
89:15	ءنس بلو ربب کرم نعم قول ربب کرم
89:16	بلو قدر رزق قول ربب هون
89:17	کرم یتم
89:18	حضض طعم سکن
89:19	ءکل ورث ءکل لمم
89:20	حبب مول حبب جمم
89:21	دکک ءرض دکک دکک
89:22	جیء ربب ملک صفف صفف
89:23	جیء یوم جهنم یوم ذکر ءنس ذکر
89:24	قول قدم حیی
89:25	یوم عذب عذب وحد
89:26	وثق وثق وحد
89:27	نفس طمءن
89:28	رجع ربب رضو رضو
89:29	دخل عبد
89:30	دخل جنن
90:1	قسم بلد
90:2	حلل بلد
90:3	ولد ولد
90:4	خلق ءنس کبد
90:5	حسب قدر وحد
90:6	قول هلک مول لبد
90:7	حسب رءی وحد
90:8	جعل عین
90:9	لسن شفه
90:10	هدی نجد
90:11	قحم عقب
90:12	دری عقب
90:13	فکک رقب
90:14	طعم یوم ذوی سغب
90:15	یتم ذوی قرب
90:16	سکن ذوی ترب
90:17	کون ءمن وصی صبر وصی رحم
90:18	صحب یمن
90:19	کفر ءیی صحب شءم
90:20	نور ءصد
91:1	شمس ضحو
91:2	قمر تلو
91:3	نهر جلو
91:4	لیل غشو
91:5	سمو بنی
91:6	ءرض طحو
91:7	نفس سوو
91:8	لهم فجر وقی
91:9	فلح زکو
91:10	خیب دسو
91:11	کذب ثمد طغی
91:12	بعث شقو
91:13	قول رسل ءله نوق ءله سقی
91:14	کذب عقر دمدم ربب ذنب سوو
91:15	خوف عقب
92:1	لیل غشو
92:2	نهر جلو
92:3	خلق ذکر ءنث
92:4	سعی شتت
92:5	عطو وقی
92:6	صدق حسن
92:7	یسر یسر
92:8	بخل غنی
92:9	کذب حسن
92:10	یسر عسر
92:11	غنی مول ردی
92:12	هدی
92:13	ءخر ءول
92:14	نذر نور لظی
92:15	صلی شقو
92:16	کذب ولی
92:17	جنب وقی
92:18	ءتی مول زکو
92:19	وحد عند نعم جزی
92:20	بغی وجه ربب علو
92:21	رضو
93:1	ضحو
93:2	لیل سجو
93:3	ودع ربب قلی
93:4	ءخر خیر ءول
93:5	عطو ربب رضو
93:6	وجد یتم ءوی
93:7	وجد ضلل هدی
93:8	وجد عیل غنی
93:9	یتم قهر
93:10	سءل نهر
93:11	نعم ربب حدث
94:1	شرح صدر
94:2	وضع وزر
94:3	نقض ظهر
94:4	رفع ذکر
94:5	عسر یسر
94:6	عسر یسر
94:7	فرغ نصب
94:8	ربب رغب
95:1	تین زیت
95:2	طور سین
95:3	بلد ءمن
95:4	خلق ءنس حسن قوم
95:5	ردد سفل سفل
95:6	ءمن عمل صلح ءجر غیر منن
95:7	کذب بعد دین
95:8	لیس ءله حکم حکم
96:1	قرء سمو ربب خلق
96:2	خلق ءنس علق
96:3	قرء ربب کرم
96:4	علم قلم
96:5	علم ءنس علم
96:6	ءنس طغی
96:7	رءی غنی
96:8	ربب رجع
96:9	رءی نهی
96:10	عبد صلو
96:11	رءی کون هدی
96:12	ءمر وقی
96:13	رءی کذب ولی
96:14	علم ءله رءی
96:15	نهی سفع نصو
96:16	نصو کذب خطء
96:17	دعو ندو
96:18	دعو زبن
96:19	طوع سجد قرب
97:1	نزل لیل قدر
97:2	دری لیل قدر
97:3	لیل قدر خیر ءلف شهر
97:4	نزل ملک روح ءذن ربب کلل ءمر
97:5	سلم طلع فجر
98:1	کون کفر ءهل کتب شرک فکک ءتی بین
98:2	رسل ءله تلو صحف طهر
98:3	کتب قوم
98:4	فرق ءتی کتب بعد جیء بین
98:5	ءمر عبد ءله خلص دین حنف قوم صلو ءتی زکو دین قوم
98:6	کفر ءهل کتب شرک نور جهنم خلد شرر برا
98:7	ءمن عمل صلح خیر برا
98:8	جزی عند ربب جنن عدن جری تحت نهر خلد ءبد رضو ءله رضو خشی ربب
99:1	زلزل ءرض زلزل
99:2	خرج ءرض ثقل
99:3	قول ءنس
99:4	یوم حدث خبر
99:5	ربب وحی
99:6	یوم صدر ءنس شتت رءی عمل
99:7	عمل ثقل ذرر خیر رءی
99:8	عمل ثقل ذرر شرر رءی
100:1	عدو ضبح
100:2	وری قدح
100:3	غیر صبح
100:4	ثور نقع
100:5	وسط جمع
100:6	ءنس ربب کند
100:7	شهد
100:8	حبب خیر شدد
100:9	علم بعثر قبر
100:10	حصل صدر
100:11	ربب یوم خبر
101:1	قرع
101:2	قرع
101:3	دری قرع
101:4	یوم کون ءنس فرش بثث
101:5	کون جبل عهن نفش
101:6	ثقل وزن
101:7	عیش رضو
101:8	خفف وزن
101:9	ءمم هوی
101:10	دری
101:11	نور حمی
102:1	لهو کثر
102:2	زور قبر
102:3	علم
102:4	علم
102:5	علم علم یقن
102:6	رءی جحم
102:7	رءی عین یقن
102:8	سءل یوم نعم
103:1	عصر
103:2	ءنس خسر
103:3	ءمن عمل صلح وصی حقق وصی صبر
104:1	ویل کلل همز لمز
104:2	جمع مول عدد
104:3	حسب مول خلد
104:4	نبذ حطم
104:5	دری حطم
104:6	نور ءله وقد
104:7	طلع فءد
104:8	ءصد
104:9	عمد مدد
105:1	رءی فعل ربب صحب فیل
105:2	جعل کید ضلل
105:3	رسل طیر ءبل
105:4	رمی حجر سجل
105:5	جعل عصف ءکل
106:1	ءلف قرش
106:2	ءلف رحل شتو صیف
106:3	عبد ربب بیت
106:4	طعم جوع ءمن خوف
107:1	رءی کذب دین
107:2	دعع یتم
107:3	حضض طعم سکن
107:4	ویل صلو
107:5	صلو سهو
107:6	رءی
107:7	منع معن
108:1	عطو کثر
108:2	صلو ربب نحر
108:3	شنء بتر
109:1	قول کفر
109:2	عبد عبد
109:3	عبد عبد
109:4	عبد عبد
109:5	عبد عبد
109:6	دین دین
110:1	جیء نصر ءله فتح
110:2	رءی ءنس دخل دین ءله فوج
110:3	سبح حمد ربب غفر کون توب
111:1	تبب یدی ءبو لهب تبب
111:2	غنی مول کسب
111:3	صلی نور ذوی لهب
111:4	مرء حمل حطب
111:5	جود حبل مسد
112:1	قول ءله وحد
112:2	ءله صمد
112:3	ولد ولد
112:4	کون کفء وحد
113:1	قول عوذ ربب فلق
113:2	شرر خلق
113:3	شرر غسق وقب
113:4	شرر نفث عقد
113:5	شرر حسد حسد
114:1	قول عوذ ربب ءنس
114:2	ملک ءنس
114:3	ءله ءنس
114:4	شرر وسوس خنس
114:5	وسوس صدر ءنس
114:6	جنن ءنس
